2026-03-04 00:00:01.739 [MessageBroker-6] INFO  o.s.w.s.c.WebSocketMessageBrokerStats - WebSocketSession[2 current WS(2)-HttpStream(0)-HttpPoll(0), 8 total, 0 closed abnormally (0 connect failure, 0 send limit, 2 transport error)], stompSubProtocol[processed CONNECT(8)-CONNECTED(8)-DISCONNECT(0)], stompBrokerRelay[null], inboundChannel[pool size = 0, active threads = 0, queued tasks = 0, completed tasks = 66], outboundChannel[pool size = 0, active threads = 0, queued tasks = 0, completed tasks = 14], sockJsScheduler[pool size = 8, active threads = 1, queued tasks = 3, completed tasks = 7203]
2026-03-04 00:00:20.272 [http-nio-8080-exec-1] DEBUG o.s.security.web.FilterChainProxy - Securing GET /api/notifications/unread-count
2026-03-04 00:00:20.276 [http-nio-8080-exec-1] DEBUG o.s.d.m.r.query.MongoQueryCreator - Created query Query: { "username" : "Farmer"}, Fields: {}, Sort: {}
2026-03-04 00:00:20.276 [http-nio-8080-exec-1] DEBUG o.s.data.mongodb.core.MongoTemplate - find using query: { "username" : "Farmer"} fields: Document{{}} for class: class com.agri.supplytracker.model.User in collection: users
2026-03-04 00:00:20.284 [http-nio-8080-exec-1] DEBUG o.s.security.web.FilterChainProxy - Secured GET /api/notifications/unread-count
2026-03-04 00:00:20.285 [http-nio-8080-exec-1] DEBUG o.s.d.m.r.query.MongoQueryCreator - Created query Query: { "recipientId" : "Farmer", "read" : false}, Fields: {}, Sort: {}
2026-03-04 00:00:20.285 [http-nio-8080-exec-1] DEBUG o.s.data.mongodb.core.MongoTemplate - Executing count: { "recipientId" : "Farmer", "read" : false} in collection: notifications
2026-03-04 00:00:28.726 [http-nio-8080-exec-4] DEBUG o.s.security.web.FilterChainProxy - Securing GET /api/notifications/unread-count
2026-03-04 00:00:28.728 [http-nio-8080-exec-4] DEBUG o.s.d.m.r.query.MongoQueryCreator - Created query Query: { "username" : "adminuser"}, Fields: {}, Sort: {}
2026-03-04 00:00:28.728 [http-nio-8080-exec-4] DEBUG o.s.data.mongodb.core.MongoTemplate - find using query: { "username" : "adminuser"} fields: Document{{}} for class: class com.agri.supplytracker.model.User in collection: users
2026-03-04 00:00:28.734 [http-nio-8080-exec-4] DEBUG o.s.security.web.FilterChainProxy - Secured GET /api/notifications/unread-count
2026-03-04 00:00:28.735 [http-nio-8080-exec-4] DEBUG o.s.d.m.r.query.MongoQueryCreator - Created query Query: { "recipientId" : "adminuser", "read" : false}, Fields: {}, Sort: {}
2026-03-04 00:00:28.736 [http-nio-8080-exec-4] DEBUG o.s.data.mongodb.core.MongoTemplate - Executing count: { "recipientId" : "adminuser", "read" : false} in collection: notifications
2026-03-04 00:00:50.276 [http-nio-8080-exec-5] DEBUG o.s.security.web.FilterChainProxy - Securing GET /api/notifications/unread-count
2026-03-04 00:00:50.280 [http-nio-8080-exec-5] DEBUG o.s.d.m.r.query.MongoQueryCreator - Created query Query: { "username" : "Farmer"}, Fields: {}, Sort: {}
2026-03-04 00:00:50.281 [http-nio-8080-exec-5] DEBUG o.s.data.mongodb.core.MongoTemplate - find using query: { "username" : "Farmer"} fields: Document{{}} for class: class com.agri.supplytracker.model.User in collection: users
2026-03-04 00:00:50.286 [http-nio-8080-exec-5] DEBUG o.s.security.web.FilterChainProxy - Secured GET /api/notifications/unread-count
2026-03-04 00:00:50.286 [http-nio-8080-exec-5] DEBUG o.s.d.m.r.query.MongoQueryCreator - Created query Query: { "recipientId" : "Farmer", "read" : false}, Fields: {}, Sort: {}
2026-03-04 00:00:50.287 [http-nio-8080-exec-5] DEBUG o.s.data.mongodb.core.MongoTemplate - Executing count: { "recipientId" : "Farmer", "read" : false} in collection: notifications
2026-03-04 00:01:20.268 [http-nio-8080-exec-6] DEBUG o.s.security.web.FilterChainProxy - Securing GET /api/notifications/unread-count
2026-03-04 00:01:20.272 [http-nio-8080-exec-6] DEBUG o.s.d.m.r.query.MongoQueryCreator - Created query Query: { "username" : "Farmer"}, Fields: {}, Sort: {}
2026-03-04 00:01:20.273 [http-nio-8080-exec-6] DEBUG o.s.data.mongodb.core.MongoTemplate - find using query: { "username" : "Farmer"} fields: Document{{}} for class: class com.agri.supplytracker.model.User in collection: users
2026-03-04 00:01:20.281 [http-nio-8080-exec-6] DEBUG o.s.security.web.FilterChainProxy - Secured GET /api/notifications/unread-count
2026-03-04 00:01:20.282 [http-nio-8080-exec-6] DEBUG o.s.d.m.r.query.MongoQueryCreator - Created query Query: { "recipientId" : "Farmer", "read" : false}, Fields: {}, Sort: {}
2026-03-04 00:01:20.284 [http-nio-8080-exec-6] DEBUG o.s.data.mongodb.core.MongoTemplate - Executing count: { "recipientId" : "Farmer", "read" : false} in collection: notifications
2026-03-04 00:01:28.732 [http-nio-8080-exec-8] DEBUG o.s.security.web.FilterChainProxy - Securing GET /api/notifications/unread-count
2026-03-04 00:01:28.734 [http-nio-8080-exec-8] DEBUG o.s.d.m.r.query.MongoQueryCreator - Created query Query: { "username" : "adminuser"}, Fields: {}, Sort: {}
2026-03-04 00:01:28.734 [http-nio-8080-exec-8] DEBUG o.s.data.mongodb.core.MongoTemplate - find using query: { "username" : "adminuser"} fields: Document{{}} for class: class com.agri.supplytracker.model.User in collection: users
2026-03-04 00:01:28.739 [http-nio-8080-exec-8] DEBUG o.s.security.web.FilterChainProxy - Secured GET /api/notifications/unread-count
2026-03-04 00:01:28.739 [http-nio-8080-exec-8] DEBUG o.s.d.m.r.query.MongoQueryCreator - Created query Query: { "recipientId" : "adminuser", "read" : false}, Fields: {}, Sort: {}
2026-03-04 00:01:28.739 [http-nio-8080-exec-8] DEBUG o.s.data.mongodb.core.MongoTemplate - Executing count: { "recipientId" : "adminuser", "read" : false} in collection: notifications
2026-03-04 00:01:50.277 [http-nio-8080-exec-7] DEBUG o.s.security.web.FilterChainProxy - Securing GET /api/notifications/unread-count
2026-03-04 00:01:50.279 [http-nio-8080-exec-7] DEBUG o.s.d.m.r.query.MongoQueryCreator - Created query Query: { "username" : "Farmer"}, Fields: {}, Sort: {}
2026-03-04 00:01:50.280 [http-nio-8080-exec-7] DEBUG o.s.data.mongodb.core.MongoTemplate - find using query: { "username" : "Farmer"} fields: Document{{}} for class: class com.agri.supplytracker.model.User in collection: users
2026-03-04 00:01:50.284 [http-nio-8080-exec-7] DEBUG o.s.security.web.FilterChainProxy - Secured GET /api/notifications/unread-count
2026-03-04 00:01:50.285 [http-nio-8080-exec-7] DEBUG o.s.d.m.r.query.MongoQueryCreator - Created query Query: { "recipientId" : "Farmer", "read" : false}, Fields: {}, Sort: {}
2026-03-04 00:01:50.285 [http-nio-8080-exec-7] DEBUG o.s.data.mongodb.core.MongoTemplate - Executing count: { "recipientId" : "Farmer", "read" : false} in collection: notifications
2026-03-04 00:02:20.264 [http-nio-8080-exec-2] DEBUG o.s.security.web.FilterChainProxy - Securing GET /api/notifications/unread-count
2026-03-04 00:02:20.266 [http-nio-8080-exec-2] DEBUG o.s.d.m.r.query.MongoQueryCreator - Created query Query: { "username" : "Farmer"}, Fields: {}, Sort: {}
2026-03-04 00:02:20.267 [http-nio-8080-exec-2] DEBUG o.s.data.mongodb.core.MongoTemplate - find using query: { "username" : "Farmer"} fields: Document{{}} for class: class com.agri.supplytracker.model.User in collection: users
2026-03-04 00:02:20.271 [http-nio-8080-exec-2] DEBUG o.s.security.web.FilterChainProxy - Secured GET /api/notifications/unread-count
2026-03-04 00:02:20.271 [http-nio-8080-exec-2] DEBUG o.s.d.m.r.query.MongoQueryCreator - Created query Query: { "recipientId" : "Farmer", "read" : false}, Fields: {}, Sort: {}
2026-03-04 00:02:20.272 [http-nio-8080-exec-2] DEBUG o.s.data.mongodb.core.MongoTemplate - Executing count: { "recipientId" : "Farmer", "read" : false} in collection: notifications
2026-03-04 00:02:28.736 [http-nio-8080-exec-9] DEBUG o.s.security.web.FilterChainProxy - Securing GET /api/notifications/unread-count
2026-03-04 00:02:28.738 [http-nio-8080-exec-9] DEBUG o.s.d.m.r.query.MongoQueryCreator - Created query Query: { "username" : "adminuser"}, Fields: {}, Sort: {}
2026-03-04 00:02:28.738 [http-nio-8080-exec-9] DEBUG o.s.data.mongodb.core.MongoTemplate - find using query: { "username" : "adminuser"} fields: Document{{}} for class: class com.agri.supplytracker.model.User in collection: users
2026-03-04 00:02:28.744 [http-nio-8080-exec-9] DEBUG o.s.security.web.FilterChainProxy - Secured GET /api/notifications/unread-count
2026-03-04 00:02:28.745 [http-nio-8080-exec-9] DEBUG o.s.d.m.r.query.MongoQueryCreator - Created query Query: { "recipientId" : "adminuser", "read" : false}, Fields: {}, Sort: {}
2026-03-04 00:02:28.746 [http-nio-8080-exec-9] DEBUG o.s.data.mongodb.core.MongoTemplate - Executing count: { "recipientId" : "adminuser", "read" : false} in collection: notifications
2026-03-04 00:02:50.274 [http-nio-8080-exec-10] DEBUG o.s.security.web.FilterChainProxy - Securing GET /api/notifications/unread-count
2026-03-04 00:02:50.277 [http-nio-8080-exec-10] DEBUG o.s.d.m.r.query.MongoQueryCreator - Created query Query: { "username" : "Farmer"}, Fields: {}, Sort: {}
2026-03-04 00:02:50.277 [http-nio-8080-exec-10] DEBUG o.s.data.mongodb.core.MongoTemplate - find using query: { "username" : "Farmer"} fields: Document{{}} for class: class com.agri.supplytracker.model.User in collection: users
2026-03-04 00:02:50.282 [http-nio-8080-exec-10] DEBUG o.s.security.web.FilterChainProxy - Secured GET /api/notifications/unread-count
2026-03-04 00:02:50.283 [http-nio-8080-exec-10] DEBUG o.s.d.m.r.query.MongoQueryCreator - Created query Query: { "recipientId" : "Farmer", "read" : false}, Fields: {}, Sort: {}
2026-03-04 00:02:50.283 [http-nio-8080-exec-10] DEBUG o.s.data.mongodb.core.MongoTemplate - Executing count: { "recipientId" : "Farmer", "read" : false} in collection: notifications
2026-03-04 00:03:20.272 [http-nio-8080-exec-3] DEBUG o.s.security.web.FilterChainProxy - Securing GET /api/notifications/unread-count
2026-03-04 00:03:20.274 [http-nio-8080-exec-3] DEBUG o.s.d.m.r.query.MongoQueryCreator - Created query Query: { "username" : "Farmer"}, Fields: {}, Sort: {}
2026-03-04 00:03:20.275 [http-nio-8080-exec-3] DEBUG o.s.data.mongodb.core.MongoTemplate - find using query: { "username" : "Farmer"} fields: Document{{}} for class: class com.agri.supplytracker.model.User in collection: users
2026-03-04 00:03:20.280 [http-nio-8080-exec-3] DEBUG o.s.security.web.FilterChainProxy - Secured GET /api/notifications/unread-count
2026-03-04 00:03:20.280 [http-nio-8080-exec-3] DEBUG o.s.d.m.r.query.MongoQueryCreator - Created query Query: { "recipientId" : "Farmer", "read" : false}, Fields: {}, Sort: {}
2026-03-04 00:03:20.280 [http-nio-8080-exec-3] DEBUG o.s.data.mongodb.core.MongoTemplate - Executing count: { "recipientId" : "Farmer", "read" : false} in collection: notifications
2026-03-04 00:03:28.727 [http-nio-8080-exec-1] DEBUG o.s.security.web.FilterChainProxy - Securing GET /api/notifications/unread-count
2026-03-04 00:03:28.730 [http-nio-8080-exec-1] DEBUG o.s.d.m.r.query.MongoQueryCreator - Created query Query: { "username" : "adminuser"}, Fields: {}, Sort: {}
2026-03-04 00:03:28.730 [http-nio-8080-exec-1] DEBUG o.s.data.mongodb.core.MongoTemplate - find using query: { "username" : "adminuser"} fields: Document{{}} for class: class com.agri.supplytracker.model.User in collection: users
2026-03-04 00:03:28.735 [http-nio-8080-exec-1] DEBUG o.s.security.web.FilterChainProxy - Secured GET /api/notifications/unread-count
2026-03-04 00:03:28.736 [http-nio-8080-exec-1] DEBUG o.s.d.m.r.query.MongoQueryCreator - Created query Query: { "recipientId" : "adminuser", "read" : false}, Fields: {}, Sort: {}
2026-03-04 00:03:28.736 [http-nio-8080-exec-1] DEBUG o.s.data.mongodb.core.MongoTemplate - Executing count: { "recipientId" : "adminuser", "read" : false} in collection: notifications
2026-03-04 00:03:50.272 [http-nio-8080-exec-4] DEBUG o.s.security.web.FilterChainProxy - Securing GET /api/notifications/unread-count
2026-03-04 00:03:50.275 [http-nio-8080-exec-4] DEBUG o.s.d.m.r.query.MongoQueryCreator - Created query Query: { "username" : "Farmer"}, Fields: {}, Sort: {}
2026-03-04 00:03:50.276 [http-nio-8080-exec-4] DEBUG o.s.data.mongodb.core.MongoTemplate - find using query: { "username" : "Farmer"} fields: Document{{}} for class: class com.agri.supplytracker.model.User in collection: users
2026-03-04 00:03:50.283 [http-nio-8080-exec-4] DEBUG o.s.security.web.FilterChainProxy - Secured GET /api/notifications/unread-count
2026-03-04 00:03:50.284 [http-nio-8080-exec-4] DEBUG o.s.d.m.r.query.MongoQueryCreator - Created query Query: { "recipientId" : "Farmer", "read" : false}, Fields: {}, Sort: {}
2026-03-04 00:03:50.285 [http-nio-8080-exec-4] DEBUG o.s.data.mongodb.core.MongoTemplate - Executing count: { "recipientId" : "Farmer", "read" : false} in collection: notifications
2026-03-04 00:04:20.271 [http-nio-8080-exec-5] DEBUG o.s.security.web.FilterChainProxy - Securing GET /api/notifications/unread-count
2026-03-04 00:04:20.274 [http-nio-8080-exec-5] DEBUG o.s.d.m.r.query.MongoQueryCreator - Created query Query: { "username" : "Farmer"}, Fields: {}, Sort: {}
2026-03-04 00:04:20.275 [http-nio-8080-exec-5] DEBUG o.s.data.mongodb.core.MongoTemplate - find using query: { "username" : "Farmer"} fields: Document{{}} for class: class com.agri.supplytracker.model.User in collection: users
2026-03-04 00:04:20.281 [http-nio-8080-exec-5] DEBUG o.s.security.web.FilterChainProxy - Secured GET /api/notifications/unread-count
2026-03-04 00:04:20.282 [http-nio-8080-exec-5] DEBUG o.s.d.m.r.query.MongoQueryCreator - Created query Query: { "recipientId" : "Farmer", "read" : false}, Fields: {}, Sort: {}
2026-03-04 00:04:20.284 [http-nio-8080-exec-5] DEBUG o.s.data.mongodb.core.MongoTemplate - Executing count: { "recipientId" : "Farmer", "read" : false} in collection: notifications
2026-03-04 00:04:28.726 [http-nio-8080-exec-6] DEBUG o.s.security.web.FilterChainProxy - Securing GET /api/notifications/unread-count
2026-03-04 00:04:28.729 [http-nio-8080-exec-6] DEBUG o.s.d.m.r.query.MongoQueryCreator - Created query Query: { "username" : "adminuser"}, Fields: {}, Sort: {}
2026-03-04 00:04:28.729 [http-nio-8080-exec-6] DEBUG o.s.data.mongodb.core.MongoTemplate - find using query: { "username" : "adminuser"} fields: Document{{}} for class: class com.agri.supplytracker.model.User in collection: users
2026-03-04 00:04:28.734 [http-nio-8080-exec-6] DEBUG o.s.security.web.FilterChainProxy - Secured GET /api/notifications/unread-count
2026-03-04 00:04:28.734 [http-nio-8080-exec-6] DEBUG o.s.d.m.r.query.MongoQueryCreator - Created query Query: { "recipientId" : "adminuser", "read" : false}, Fields: {}, Sort: {}
2026-03-04 00:04:28.735 [http-nio-8080-exec-6] DEBUG o.s.data.mongodb.core.MongoTemplate - Executing count: { "recipientId" : "adminuser", "read" : false} in collection: notifications
2026-03-04 00:04:50.273 [http-nio-8080-exec-8] DEBUG o.s.security.web.FilterChainProxy - Securing GET /api/notifications/unread-count
2026-03-04 00:04:50.276 [http-nio-8080-exec-8] DEBUG o.s.d.m.r.query.MongoQueryCreator - Created query Query: { "username" : "Farmer"}, Fields: {}, Sort: {}
2026-03-04 00:04:50.276 [http-nio-8080-exec-8] DEBUG o.s.data.mongodb.core.MongoTemplate - find using query: { "username" : "Farmer"} fields: Document{{}} for class: class com.agri.supplytracker.model.User in collection: users
2026-03-04 00:04:50.281 [http-nio-8080-exec-8] DEBUG o.s.security.web.FilterChainProxy - Secured GET /api/notifications/unread-count
2026-03-04 00:04:50.282 [http-nio-8080-exec-8] DEBUG o.s.d.m.r.query.MongoQueryCreator - Created query Query: { "recipientId" : "Farmer", "read" : false}, Fields: {}, Sort: {}
2026-03-04 00:04:50.282 [http-nio-8080-exec-8] DEBUG o.s.data.mongodb.core.MongoTemplate - Executing count: { "recipientId" : "Farmer", "read" : false} in collection: notifications
2026-03-04 00:05:20.271 [http-nio-8080-exec-7] DEBUG o.s.security.web.FilterChainProxy - Securing GET /api/notifications/unread-count
2026-03-04 00:05:20.275 [http-nio-8080-exec-7] DEBUG o.s.d.m.r.query.MongoQueryCreator - Created query Query: { "username" : "Farmer"}, Fields: {}, Sort: {}
2026-03-04 00:05:20.276 [http-nio-8080-exec-7] DEBUG o.s.data.mongodb.core.MongoTemplate - find using query: { "username" : "Farmer"} fields: Document{{}} for class: class com.agri.supplytracker.model.User in collection: users
2026-03-04 00:05:20.283 [http-nio-8080-exec-7] DEBUG o.s.security.web.FilterChainProxy - Secured GET /api/notifications/unread-count
2026-03-04 00:05:20.285 [http-nio-8080-exec-7] DEBUG o.s.d.m.r.query.MongoQueryCreator - Created query Query: { "recipientId" : "Farmer", "read" : false}, Fields: {}, Sort: {}
2026-03-04 00:05:20.285 [http-nio-8080-exec-7] DEBUG o.s.data.mongodb.core.MongoTemplate - Executing count: { "recipientId" : "Farmer", "read" : false} in collection: notifications
2026-03-04 00:05:28.729 [http-nio-8080-exec-2] DEBUG o.s.security.web.FilterChainProxy - Securing GET /api/notifications/unread-count
2026-03-04 00:05:28.733 [http-nio-8080-exec-2] DEBUG o.s.d.m.r.query.MongoQueryCreator - Created query Query: { "username" : "adminuser"}, Fields: {}, Sort: {}
2026-03-04 00:05:28.733 [http-nio-8080-exec-2] DEBUG o.s.data.mongodb.core.MongoTemplate - find using query: { "username" : "adminuser"} fields: Document{{}} for class: class com.agri.supplytracker.model.User in collection: users
2026-03-04 00:05:28.738 [http-nio-8080-exec-2] DEBUG o.s.security.web.FilterChainProxy - Secured GET /api/notifications/unread-count
2026-03-04 00:05:28.739 [http-nio-8080-exec-2] DEBUG o.s.d.m.r.query.MongoQueryCreator - Created query Query: { "recipientId" : "adminuser", "read" : false}, Fields: {}, Sort: {}
2026-03-04 00:05:28.739 [http-nio-8080-exec-2] DEBUG o.s.data.mongodb.core.MongoTemplate - Executing count: { "recipientId" : "adminuser", "read" : false} in collection: notifications
2026-03-04 00:05:50.279 [http-nio-8080-exec-9] DEBUG o.s.security.web.FilterChainProxy - Securing GET /api/notifications/unread-count
2026-03-04 00:05:50.283 [http-nio-8080-exec-9] DEBUG o.s.d.m.r.query.MongoQueryCreator - Created query Query: { "username" : "Farmer"}, Fields: {}, Sort: {}
2026-03-04 00:05:50.284 [http-nio-8080-exec-9] DEBUG o.s.data.mongodb.core.MongoTemplate - find using query: { "username" : "Farmer"} fields: Document{{}} for class: class com.agri.supplytracker.model.User in collection: users
2026-03-04 00:05:50.292 [http-nio-8080-exec-9] DEBUG o.s.security.web.FilterChainProxy - Secured GET /api/notifications/unread-count
2026-03-04 00:05:50.294 [http-nio-8080-exec-9] DEBUG o.s.d.m.r.query.MongoQueryCreator - Created query Query: { "recipientId" : "Farmer", "read" : false}, Fields: {}, Sort: {}
2026-03-04 00:05:50.294 [http-nio-8080-exec-9] DEBUG o.s.data.mongodb.core.MongoTemplate - Executing count: { "recipientId" : "Farmer", "read" : false} in collection: notifications
2026-03-04 00:06:20.271 [http-nio-8080-exec-10] DEBUG o.s.security.web.FilterChainProxy - Securing GET /api/notifications/unread-count
2026-03-04 00:06:20.274 [http-nio-8080-exec-10] DEBUG o.s.d.m.r.query.MongoQueryCreator - Created query Query: { "username" : "Farmer"}, Fields: {}, Sort: {}
2026-03-04 00:06:20.274 [http-nio-8080-exec-10] DEBUG o.s.data.mongodb.core.MongoTemplate - find using query: { "username" : "Farmer"} fields: Document{{}} for class: class com.agri.supplytracker.model.User in collection: users
2026-03-04 00:06:20.280 [http-nio-8080-exec-10] DEBUG o.s.security.web.FilterChainProxy - Secured GET /api/notifications/unread-count
2026-03-04 00:06:20.281 [http-nio-8080-exec-10] DEBUG o.s.d.m.r.query.MongoQueryCreator - Created query Query: { "recipientId" : "Farmer", "read" : false}, Fields: {}, Sort: {}
2026-03-04 00:06:20.281 [http-nio-8080-exec-10] DEBUG o.s.data.mongodb.core.MongoTemplate - Executing count: { "recipientId" : "Farmer", "read" : false} in collection: notifications
2026-03-04 00:06:28.737 [http-nio-8080-exec-3] DEBUG o.s.security.web.FilterChainProxy - Securing GET /api/notifications/unread-count
2026-03-04 00:06:28.739 [http-nio-8080-exec-3] DEBUG o.s.d.m.r.query.MongoQueryCreator - Created query Query: { "username" : "adminuser"}, Fields: {}, Sort: {}
2026-03-04 00:06:28.739 [http-nio-8080-exec-3] DEBUG o.s.data.mongodb.core.MongoTemplate - find using query: { "username" : "adminuser"} fields: Document{{}} for class: class com.agri.supplytracker.model.User in collection: users
2026-03-04 00:06:28.745 [http-nio-8080-exec-3] DEBUG o.s.security.web.FilterChainProxy - Secured GET /api/notifications/unread-count
2026-03-04 00:06:28.746 [http-nio-8080-exec-3] DEBUG o.s.d.m.r.query.MongoQueryCreator - Created query Query: { "recipientId" : "adminuser", "read" : false}, Fields: {}, Sort: {}
2026-03-04 00:06:28.746 [http-nio-8080-exec-3] DEBUG o.s.data.mongodb.core.MongoTemplate - Executing count: { "recipientId" : "adminuser", "read" : false} in collection: notifications
2026-03-04 00:06:50.271 [http-nio-8080-exec-1] DEBUG o.s.security.web.FilterChainProxy - Securing GET /api/notifications/unread-count
2026-03-04 00:06:50.276 [http-nio-8080-exec-1] DEBUG o.s.d.m.r.query.MongoQueryCreator - Created query Query: { "username" : "Farmer"}, Fields: {}, Sort: {}
2026-03-04 00:06:50.277 [http-nio-8080-exec-1] DEBUG o.s.data.mongodb.core.MongoTemplate - find using query: { "username" : "Farmer"} fields: Document{{}} for class: class com.agri.supplytracker.model.User in collection: users
2026-03-04 00:06:50.285 [http-nio-8080-exec-1] DEBUG o.s.security.web.FilterChainProxy - Secured GET /api/notifications/unread-count
2026-03-04 00:06:50.286 [http-nio-8080-exec-1] DEBUG o.s.d.m.r.query.MongoQueryCreator - Created query Query: { "recipientId" : "Farmer", "read" : false}, Fields: {}, Sort: {}
2026-03-04 00:06:50.287 [http-nio-8080-exec-1] DEBUG o.s.data.mongodb.core.MongoTemplate - Executing count: { "recipientId" : "Farmer", "read" : false} in collection: notifications
2026-03-04 00:07:20.272 [http-nio-8080-exec-4] DEBUG o.s.security.web.FilterChainProxy - Securing GET /api/notifications/unread-count
2026-03-04 00:07:20.275 [http-nio-8080-exec-4] DEBUG o.s.d.m.r.query.MongoQueryCreator - Created query Query: { "username" : "Farmer"}, Fields: {}, Sort: {}
2026-03-04 00:07:20.276 [http-nio-8080-exec-4] DEBUG o.s.data.mongodb.core.MongoTemplate - find using query: { "username" : "Farmer"} fields: Document{{}} for class: class com.agri.supplytracker.model.User in collection: users
2026-03-04 00:07:20.283 [http-nio-8080-exec-4] DEBUG o.s.security.web.FilterChainProxy - Secured GET /api/notifications/unread-count
2026-03-04 00:07:20.284 [http-nio-8080-exec-4] DEBUG o.s.d.m.r.query.MongoQueryCreator - Created query Query: { "recipientId" : "Farmer", "read" : false}, Fields: {}, Sort: {}
2026-03-04 00:07:20.285 [http-nio-8080-exec-4] DEBUG o.s.data.mongodb.core.MongoTemplate - Executing count: { "recipientId" : "Farmer", "read" : false} in collection: notifications
2026-03-04 00:07:28.743 [http-nio-8080-exec-5] DEBUG o.s.security.web.FilterChainProxy - Securing GET /api/notifications/unread-count
2026-03-04 00:07:28.747 [http-nio-8080-exec-5] DEBUG o.s.d.m.r.query.MongoQueryCreator - Created query Query: { "username" : "adminuser"}, Fields: {}, Sort: {}
2026-03-04 00:07:28.747 [http-nio-8080-exec-5] DEBUG o.s.data.mongodb.core.MongoTemplate - find using query: { "username" : "adminuser"} fields: Document{{}} for class: class com.agri.supplytracker.model.User in collection: users
2026-03-04 00:07:28.751 [http-nio-8080-exec-5] DEBUG o.s.security.web.FilterChainProxy - Secured GET /api/notifications/unread-count
2026-03-04 00:07:28.752 [http-nio-8080-exec-5] DEBUG o.s.d.m.r.query.MongoQueryCreator - Created query Query: { "recipientId" : "adminuser", "read" : false}, Fields: {}, Sort: {}
2026-03-04 00:07:28.752 [http-nio-8080-exec-5] DEBUG o.s.data.mongodb.core.MongoTemplate - Executing count: { "recipientId" : "adminuser", "read" : false} in collection: notifications
2026-03-04 00:07:50.273 [http-nio-8080-exec-6] DEBUG o.s.security.web.FilterChainProxy - Securing GET /api/notifications/unread-count
2026-03-04 00:07:50.276 [http-nio-8080-exec-6] DEBUG o.s.d.m.r.query.MongoQueryCreator - Created query Query: { "username" : "Farmer"}, Fields: {}, Sort: {}
2026-03-04 00:07:50.277 [http-nio-8080-exec-6] DEBUG o.s.data.mongodb.core.MongoTemplate - find using query: { "username" : "Farmer"} fields: Document{{}} for class: class com.agri.supplytracker.model.User in collection: users
2026-03-04 00:07:50.282 [http-nio-8080-exec-6] DEBUG o.s.security.web.FilterChainProxy - Secured GET /api/notifications/unread-count
2026-03-04 00:07:50.283 [http-nio-8080-exec-6] DEBUG o.s.d.m.r.query.MongoQueryCreator - Created query Query: { "recipientId" : "Farmer", "read" : false}, Fields: {}, Sort: {}
2026-03-04 00:07:50.284 [http-nio-8080-exec-6] DEBUG o.s.data.mongodb.core.MongoTemplate - Executing count: { "recipientId" : "Farmer", "read" : false} in collection: notifications
2026-03-04 00:08:20.271 [http-nio-8080-exec-8] DEBUG o.s.security.web.FilterChainProxy - Securing GET /api/notifications/unread-count
2026-03-04 00:08:20.275 [http-nio-8080-exec-8] DEBUG o.s.d.m.r.query.MongoQueryCreator - Created query Query: { "username" : "Farmer"}, Fields: {}, Sort: {}
2026-03-04 00:08:20.275 [http-nio-8080-exec-8] DEBUG o.s.data.mongodb.core.MongoTemplate - find using query: { "username" : "Farmer"} fields: Document{{}} for class: class com.agri.supplytracker.model.User in collection: users
2026-03-04 00:08:20.282 [http-nio-8080-exec-8] DEBUG o.s.security.web.FilterChainProxy - Secured GET /api/notifications/unread-count
2026-03-04 00:08:20.283 [http-nio-8080-exec-8] DEBUG o.s.d.m.r.query.MongoQueryCreator - Created query Query: { "recipientId" : "Farmer", "read" : false}, Fields: {}, Sort: {}
2026-03-04 00:08:20.284 [http-nio-8080-exec-8] DEBUG o.s.data.mongodb.core.MongoTemplate - Executing count: { "recipientId" : "Farmer", "read" : false} in collection: notifications
2026-03-04 00:08:28.728 [http-nio-8080-exec-7] DEBUG o.s.security.web.FilterChainProxy - Securing GET /api/notifications/unread-count
2026-03-04 00:08:28.730 [http-nio-8080-exec-7] DEBUG o.s.d.m.r.query.MongoQueryCreator - Created query Query: { "username" : "adminuser"}, Fields: {}, Sort: {}
2026-03-04 00:08:28.731 [http-nio-8080-exec-7] DEBUG o.s.data.mongodb.core.MongoTemplate - find using query: { "username" : "adminuser"} fields: Document{{}} for class: class com.agri.supplytracker.model.User in collection: users
2026-03-04 00:08:28.737 [http-nio-8080-exec-7] DEBUG o.s.security.web.FilterChainProxy - Secured GET /api/notifications/unread-count
2026-03-04 00:08:28.737 [http-nio-8080-exec-7] DEBUG o.s.d.m.r.query.MongoQueryCreator - Created query Query: { "recipientId" : "adminuser", "read" : false}, Fields: {}, Sort: {}
2026-03-04 00:08:28.737 [http-nio-8080-exec-7] DEBUG o.s.data.mongodb.core.MongoTemplate - Executing count: { "recipientId" : "adminuser", "read" : false} in collection: notifications
2026-03-04 00:08:50.271 [http-nio-8080-exec-2] DEBUG o.s.security.web.FilterChainProxy - Securing GET /api/notifications/unread-count
2026-03-04 00:08:50.275 [http-nio-8080-exec-2] DEBUG o.s.d.m.r.query.MongoQueryCreator - Created query Query: { "username" : "Farmer"}, Fields: {}, Sort: {}
2026-03-04 00:08:50.276 [http-nio-8080-exec-2] DEBUG o.s.data.mongodb.core.MongoTemplate - find using query: { "username" : "Farmer"} fields: Document{{}} for class: class com.agri.supplytracker.model.User in collection: users
2026-03-04 00:08:50.282 [http-nio-8080-exec-2] DEBUG o.s.security.web.FilterChainProxy - Secured GET /api/notifications/unread-count
2026-03-04 00:08:50.284 [http-nio-8080-exec-2] DEBUG o.s.d.m.r.query.MongoQueryCreator - Created query Query: { "recipientId" : "Farmer", "read" : false}, Fields: {}, Sort: {}
2026-03-04 00:08:50.284 [http-nio-8080-exec-2] DEBUG o.s.data.mongodb.core.MongoTemplate - Executing count: { "recipientId" : "Farmer", "read" : false} in collection: notifications
2026-03-04 00:09:20.271 [http-nio-8080-exec-9] DEBUG o.s.security.web.FilterChainProxy - Securing GET /api/notifications/unread-count
2026-03-04 00:09:20.274 [http-nio-8080-exec-9] DEBUG o.s.d.m.r.query.MongoQueryCreator - Created query Query: { "username" : "Farmer"}, Fields: {}, Sort: {}
2026-03-04 00:09:20.274 [http-nio-8080-exec-9] DEBUG o.s.data.mongodb.core.MongoTemplate - find using query: { "username" : "Farmer"} fields: Document{{}} for class: class com.agri.supplytracker.model.User in collection: users
2026-03-04 00:09:20.279 [http-nio-8080-exec-9] DEBUG o.s.security.web.FilterChainProxy - Secured GET /api/notifications/unread-count
2026-03-04 00:09:20.280 [http-nio-8080-exec-9] DEBUG o.s.d.m.r.query.MongoQueryCreator - Created query Query: { "recipientId" : "Farmer", "read" : false}, Fields: {}, Sort: {}
2026-03-04 00:09:20.280 [http-nio-8080-exec-9] DEBUG o.s.data.mongodb.core.MongoTemplate - Executing count: { "recipientId" : "Farmer", "read" : false} in collection: notifications
2026-03-04 00:09:28.725 [http-nio-8080-exec-10] DEBUG o.s.security.web.FilterChainProxy - Securing GET /api/notifications/unread-count
2026-03-04 00:09:28.727 [http-nio-8080-exec-10] DEBUG o.s.d.m.r.query.MongoQueryCreator - Created query Query: { "username" : "adminuser"}, Fields: {}, Sort: {}
2026-03-04 00:09:28.728 [http-nio-8080-exec-10] DEBUG o.s.data.mongodb.core.MongoTemplate - find using query: { "username" : "adminuser"} fields: Document{{}} for class: class com.agri.supplytracker.model.User in collection: users
2026-03-04 00:09:28.732 [http-nio-8080-exec-10] DEBUG o.s.security.web.FilterChainProxy - Secured GET /api/notifications/unread-count
2026-03-04 00:09:28.734 [http-nio-8080-exec-10] DEBUG o.s.d.m.r.query.MongoQueryCreator - Created query Query: { "recipientId" : "adminuser", "read" : false}, Fields: {}, Sort: {}
2026-03-04 00:09:28.734 [http-nio-8080-exec-10] DEBUG o.s.data.mongodb.core.MongoTemplate - Executing count: { "recipientId" : "adminuser", "read" : false} in collection: notifications
2026-03-04 00:09:50.271 [http-nio-8080-exec-3] DEBUG o.s.security.web.FilterChainProxy - Securing GET /api/notifications/unread-count
2026-03-04 00:09:50.275 [http-nio-8080-exec-3] DEBUG o.s.d.m.r.query.MongoQueryCreator - Created query Query: { "username" : "Farmer"}, Fields: {}, Sort: {}
2026-03-04 00:09:50.276 [http-nio-8080-exec-3] DEBUG o.s.data.mongodb.core.MongoTemplate - find using query: { "username" : "Farmer"} fields: Document{{}} for class: class com.agri.supplytracker.model.User in collection: users
2026-03-04 00:09:50.284 [http-nio-8080-exec-3] DEBUG o.s.security.web.FilterChainProxy - Secured GET /api/notifications/unread-count
2026-03-04 00:09:50.285 [http-nio-8080-exec-3] DEBUG o.s.d.m.r.query.MongoQueryCreator - Created query Query: { "recipientId" : "Farmer", "read" : false}, Fields: {}, Sort: {}
2026-03-04 00:09:50.286 [http-nio-8080-exec-3] DEBUG o.s.data.mongodb.core.MongoTemplate - Executing count: { "recipientId" : "Farmer", "read" : false} in collection: notifications
2026-03-04 00:10:20.268 [http-nio-8080-exec-1] DEBUG o.s.security.web.FilterChainProxy - Securing GET /api/notifications/unread-count
2026-03-04 00:10:20.272 [http-nio-8080-exec-1] DEBUG o.s.d.m.r.query.MongoQueryCreator - Created query Query: { "username" : "Farmer"}, Fields: {}, Sort: {}
2026-03-04 00:10:20.272 [http-nio-8080-exec-1] DEBUG o.s.data.mongodb.core.MongoTemplate - find using query: { "username" : "Farmer"} fields: Document{{}} for class: class com.agri.supplytracker.model.User in collection: users
2026-03-04 00:10:20.279 [http-nio-8080-exec-1] DEBUG o.s.security.web.FilterChainProxy - Secured GET /api/notifications/unread-count
2026-03-04 00:10:20.280 [http-nio-8080-exec-1] DEBUG o.s.d.m.r.query.MongoQueryCreator - Created query Query: { "recipientId" : "Farmer", "read" : false}, Fields: {}, Sort: {}
2026-03-04 00:10:20.281 [http-nio-8080-exec-1] DEBUG o.s.data.mongodb.core.MongoTemplate - Executing count: { "recipientId" : "Farmer", "read" : false} in collection: notifications
2026-03-04 00:10:28.735 [http-nio-8080-exec-4] DEBUG o.s.security.web.FilterChainProxy - Securing GET /api/notifications/unread-count
2026-03-04 00:10:28.738 [http-nio-8080-exec-4] DEBUG o.s.d.m.r.query.MongoQueryCreator - Created query Query: { "username" : "adminuser"}, Fields: {}, Sort: {}
2026-03-04 00:10:28.738 [http-nio-8080-exec-4] DEBUG o.s.data.mongodb.core.MongoTemplate - find using query: { "username" : "adminuser"} fields: Document{{}} for class: class com.agri.supplytracker.model.User in collection: users
2026-03-04 00:10:28.742 [http-nio-8080-exec-4] DEBUG o.s.security.web.FilterChainProxy - Secured GET /api/notifications/unread-count
2026-03-04 00:10:28.744 [http-nio-8080-exec-4] DEBUG o.s.d.m.r.query.MongoQueryCreator - Created query Query: { "recipientId" : "adminuser", "read" : false}, Fields: {}, Sort: {}
2026-03-04 00:10:28.744 [http-nio-8080-exec-4] DEBUG o.s.data.mongodb.core.MongoTemplate - Executing count: { "recipientId" : "adminuser", "read" : false} in collection: notifications
2026-03-04 00:10:50.269 [http-nio-8080-exec-5] DEBUG o.s.security.web.FilterChainProxy - Securing GET /api/notifications/unread-count
2026-03-04 00:10:50.273 [http-nio-8080-exec-5] DEBUG o.s.d.m.r.query.MongoQueryCreator - Created query Query: { "username" : "Farmer"}, Fields: {}, Sort: {}
2026-03-04 00:10:50.273 [http-nio-8080-exec-5] DEBUG o.s.data.mongodb.core.MongoTemplate - find using query: { "username" : "Farmer"} fields: Document{{}} for class: class com.agri.supplytracker.model.User in collection: users
2026-03-04 00:10:50.279 [http-nio-8080-exec-5] DEBUG o.s.security.web.FilterChainProxy - Secured GET /api/notifications/unread-count
2026-03-04 00:10:50.280 [http-nio-8080-exec-5] DEBUG o.s.d.m.r.query.MongoQueryCreator - Created query Query: { "recipientId" : "Farmer", "read" : false}, Fields: {}, Sort: {}
2026-03-04 00:10:50.280 [http-nio-8080-exec-5] DEBUG o.s.data.mongodb.core.MongoTemplate - Executing count: { "recipientId" : "Farmer", "read" : false} in collection: notifications
2026-03-04 00:11:20.278 [http-nio-8080-exec-6] DEBUG o.s.security.web.FilterChainProxy - Securing GET /api/notifications/unread-count
2026-03-04 00:11:20.282 [http-nio-8080-exec-6] DEBUG o.s.d.m.r.query.MongoQueryCreator - Created query Query: { "username" : "Farmer"}, Fields: {}, Sort: {}
2026-03-04 00:11:20.282 [http-nio-8080-exec-6] DEBUG o.s.data.mongodb.core.MongoTemplate - find using query: { "username" : "Farmer"} fields: Document{{}} for class: class com.agri.supplytracker.model.User in collection: users
2026-03-04 00:11:20.291 [http-nio-8080-exec-6] DEBUG o.s.security.web.FilterChainProxy - Secured GET /api/notifications/unread-count
2026-03-04 00:11:20.292 [http-nio-8080-exec-6] DEBUG o.s.d.m.r.query.MongoQueryCreator - Created query Query: { "recipientId" : "Farmer", "read" : false}, Fields: {}, Sort: {}
2026-03-04 00:11:20.293 [http-nio-8080-exec-6] DEBUG o.s.data.mongodb.core.MongoTemplate - Executing count: { "recipientId" : "Farmer", "read" : false} in collection: notifications
2026-03-04 00:11:28.739 [http-nio-8080-exec-8] DEBUG o.s.security.web.FilterChainProxy - Securing GET /api/notifications/unread-count
2026-03-04 00:11:28.741 [http-nio-8080-exec-8] DEBUG o.s.d.m.r.query.MongoQueryCreator - Created query Query: { "username" : "adminuser"}, Fields: {}, Sort: {}
2026-03-04 00:11:28.741 [http-nio-8080-exec-8] DEBUG o.s.data.mongodb.core.MongoTemplate - find using query: { "username" : "adminuser"} fields: Document{{}} for class: class com.agri.supplytracker.model.User in collection: users
2026-03-04 00:11:28.745 [http-nio-8080-exec-8] DEBUG o.s.security.web.FilterChainProxy - Secured GET /api/notifications/unread-count
2026-03-04 00:11:28.746 [http-nio-8080-exec-8] DEBUG o.s.d.m.r.query.MongoQueryCreator - Created query Query: { "recipientId" : "adminuser", "read" : false}, Fields: {}, Sort: {}
2026-03-04 00:11:28.746 [http-nio-8080-exec-8] DEBUG o.s.data.mongodb.core.MongoTemplate - Executing count: { "recipientId" : "adminuser", "read" : false} in collection: notifications
2026-03-04 00:11:50.276 [http-nio-8080-exec-7] DEBUG o.s.security.web.FilterChainProxy - Securing GET /api/notifications/unread-count
2026-03-04 00:11:50.280 [http-nio-8080-exec-7] DEBUG o.s.d.m.r.query.MongoQueryCreator - Created query Query: { "username" : "Farmer"}, Fields: {}, Sort: {}
2026-03-04 00:11:50.281 [http-nio-8080-exec-7] DEBUG o.s.data.mongodb.core.MongoTemplate - find using query: { "username" : "Farmer"} fields: Document{{}} for class: class com.agri.supplytracker.model.User in collection: users
2026-03-04 00:11:50.288 [http-nio-8080-exec-7] DEBUG o.s.security.web.FilterChainProxy - Secured GET /api/notifications/unread-count
2026-03-04 00:11:50.289 [http-nio-8080-exec-7] DEBUG o.s.d.m.r.query.MongoQueryCreator - Created query Query: { "recipientId" : "Farmer", "read" : false}, Fields: {}, Sort: {}
2026-03-04 00:11:50.290 [http-nio-8080-exec-7] DEBUG o.s.data.mongodb.core.MongoTemplate - Executing count: { "recipientId" : "Farmer", "read" : false} in collection: notifications
2026-03-04 00:12:20.267 [http-nio-8080-exec-2] DEBUG o.s.security.web.FilterChainProxy - Securing GET /api/notifications/unread-count
2026-03-04 00:12:20.271 [http-nio-8080-exec-2] DEBUG o.s.d.m.r.query.MongoQueryCreator - Created query Query: { "username" : "Farmer"}, Fields: {}, Sort: {}
2026-03-04 00:12:20.271 [http-nio-8080-exec-2] DEBUG o.s.data.mongodb.core.MongoTemplate - find using query: { "username" : "Farmer"} fields: Document{{}} for class: class com.agri.supplytracker.model.User in collection: users
2026-03-04 00:12:20.278 [http-nio-8080-exec-2] DEBUG o.s.security.web.FilterChainProxy - Secured GET /api/notifications/unread-count
2026-03-04 00:12:20.279 [http-nio-8080-exec-2] DEBUG o.s.d.m.r.query.MongoQueryCreator - Created query Query: { "recipientId" : "Farmer", "read" : false}, Fields: {}, Sort: {}
2026-03-04 00:12:20.280 [http-nio-8080-exec-2] DEBUG o.s.data.mongodb.core.MongoTemplate - Executing count: { "recipientId" : "Farmer", "read" : false} in collection: notifications
2026-03-04 00:12:28.726 [http-nio-8080-exec-9] DEBUG o.s.security.web.FilterChainProxy - Securing GET /api/notifications/unread-count
2026-03-04 00:12:28.730 [http-nio-8080-exec-9] DEBUG o.s.d.m.r.query.MongoQueryCreator - Created query Query: { "username" : "adminuser"}, Fields: {}, Sort: {}
2026-03-04 00:12:28.730 [http-nio-8080-exec-9] DEBUG o.s.data.mongodb.core.MongoTemplate - find using query: { "username" : "adminuser"} fields: Document{{}} for class: class com.agri.supplytracker.model.User in collection: users
2026-03-04 00:12:28.735 [http-nio-8080-exec-9] DEBUG o.s.security.web.FilterChainProxy - Secured GET /api/notifications/unread-count
2026-03-04 00:12:28.735 [http-nio-8080-exec-9] DEBUG o.s.d.m.r.query.MongoQueryCreator - Created query Query: { "recipientId" : "adminuser", "read" : false}, Fields: {}, Sort: {}
2026-03-04 00:12:28.736 [http-nio-8080-exec-9] DEBUG o.s.data.mongodb.core.MongoTemplate - Executing count: { "recipientId" : "adminuser", "read" : false} in collection: notifications
2026-03-04 00:12:50.271 [http-nio-8080-exec-10] DEBUG o.s.security.web.FilterChainProxy - Securing GET /api/notifications/unread-count
2026-03-04 00:12:50.273 [http-nio-8080-exec-10] DEBUG o.s.d.m.r.query.MongoQueryCreator - Created query Query: { "username" : "Farmer"}, Fields: {}, Sort: {}
2026-03-04 00:12:50.273 [http-nio-8080-exec-10] DEBUG o.s.data.mongodb.core.MongoTemplate - find using query: { "username" : "Farmer"} fields: Document{{}} for class: class com.agri.supplytracker.model.User in collection: users
2026-03-04 00:12:50.280 [http-nio-8080-exec-10] DEBUG o.s.security.web.FilterChainProxy - Secured GET /api/notifications/unread-count
2026-03-04 00:12:50.281 [http-nio-8080-exec-10] DEBUG o.s.d.m.r.query.MongoQueryCreator - Created query Query: { "recipientId" : "Farmer", "read" : false}, Fields: {}, Sort: {}
2026-03-04 00:12:50.281 [http-nio-8080-exec-10] DEBUG o.s.data.mongodb.core.MongoTemplate - Executing count: { "recipientId" : "Farmer", "read" : false} in collection: notifications
2026-03-04 00:13:20.271 [http-nio-8080-exec-3] DEBUG o.s.security.web.FilterChainProxy - Securing GET /api/notifications/unread-count
2026-03-04 00:13:20.275 [http-nio-8080-exec-3] DEBUG o.s.d.m.r.query.MongoQueryCreator - Created query Query: { "username" : "Farmer"}, Fields: {}, Sort: {}
2026-03-04 00:13:20.275 [http-nio-8080-exec-3] DEBUG o.s.data.mongodb.core.MongoTemplate - find using query: { "username" : "Farmer"} fields: Document{{}} for class: class com.agri.supplytracker.model.User in collection: users
2026-03-04 00:13:20.284 [http-nio-8080-exec-3] DEBUG o.s.security.web.FilterChainProxy - Secured GET /api/notifications/unread-count
2026-03-04 00:13:20.285 [http-nio-8080-exec-3] DEBUG o.s.d.m.r.query.MongoQueryCreator - Created query Query: { "recipientId" : "Farmer", "read" : false}, Fields: {}, Sort: {}
2026-03-04 00:13:20.285 [http-nio-8080-exec-3] DEBUG o.s.data.mongodb.core.MongoTemplate - Executing count: { "recipientId" : "Farmer", "read" : false} in collection: notifications
2026-03-04 00:13:28.737 [http-nio-8080-exec-1] DEBUG o.s.security.web.FilterChainProxy - Securing GET /api/notifications/unread-count
2026-03-04 00:13:28.740 [http-nio-8080-exec-1] DEBUG o.s.d.m.r.query.MongoQueryCreator - Created query Query: { "username" : "adminuser"}, Fields: {}, Sort: {}
2026-03-04 00:13:28.741 [http-nio-8080-exec-1] DEBUG o.s.data.mongodb.core.MongoTemplate - find using query: { "username" : "adminuser"} fields: Document{{}} for class: class com.agri.supplytracker.model.User in collection: users
2026-03-04 00:13:28.747 [http-nio-8080-exec-1] DEBUG o.s.security.web.FilterChainProxy - Secured GET /api/notifications/unread-count
2026-03-04 00:13:28.747 [http-nio-8080-exec-1] DEBUG o.s.d.m.r.query.MongoQueryCreator - Created query Query: { "recipientId" : "adminuser", "read" : false}, Fields: {}, Sort: {}
2026-03-04 00:13:28.748 [http-nio-8080-exec-1] DEBUG o.s.data.mongodb.core.MongoTemplate - Executing count: { "recipientId" : "adminuser", "read" : false} in collection: notifications
2026-03-04 00:13:50.278 [http-nio-8080-exec-4] DEBUG o.s.security.web.FilterChainProxy - Securing GET /api/notifications/unread-count
2026-03-04 00:13:50.280 [http-nio-8080-exec-4] DEBUG o.s.d.m.r.query.MongoQueryCreator - Created query Query: { "username" : "Farmer"}, Fields: {}, Sort: {}
2026-03-04 00:13:50.281 [http-nio-8080-exec-4] DEBUG o.s.data.mongodb.core.MongoTemplate - find using query: { "username" : "Farmer"} fields: Document{{}} for class: class com.agri.supplytracker.model.User in collection: users
2026-03-04 00:13:50.285 [http-nio-8080-exec-4] DEBUG o.s.security.web.FilterChainProxy - Secured GET /api/notifications/unread-count
2026-03-04 00:13:50.286 [http-nio-8080-exec-4] DEBUG o.s.d.m.r.query.MongoQueryCreator - Created query Query: { "recipientId" : "Farmer", "read" : false}, Fields: {}, Sort: {}
2026-03-04 00:13:50.286 [http-nio-8080-exec-4] DEBUG o.s.data.mongodb.core.MongoTemplate - Executing count: { "recipientId" : "Farmer", "read" : false} in collection: notifications
2026-03-04 00:14:20.272 [http-nio-8080-exec-5] DEBUG o.s.security.web.FilterChainProxy - Securing GET /api/notifications/unread-count
2026-03-04 00:14:20.276 [http-nio-8080-exec-5] DEBUG o.s.d.m.r.query.MongoQueryCreator - Created query Query: { "username" : "Farmer"}, Fields: {}, Sort: {}
2026-03-04 00:14:20.276 [http-nio-8080-exec-5] DEBUG o.s.data.mongodb.core.MongoTemplate - find using query: { "username" : "Farmer"} fields: Document{{}} for class: class com.agri.supplytracker.model.User in collection: users
2026-03-04 00:14:20.284 [http-nio-8080-exec-5] DEBUG o.s.security.web.FilterChainProxy - Secured GET /api/notifications/unread-count
2026-03-04 00:14:20.285 [http-nio-8080-exec-5] DEBUG o.s.d.m.r.query.MongoQueryCreator - Created query Query: { "recipientId" : "Farmer", "read" : false}, Fields: {}, Sort: {}
2026-03-04 00:14:20.286 [http-nio-8080-exec-5] DEBUG o.s.data.mongodb.core.MongoTemplate - Executing count: { "recipientId" : "Farmer", "read" : false} in collection: notifications
2026-03-04 00:14:28.725 [http-nio-8080-exec-6] DEBUG o.s.security.web.FilterChainProxy - Securing GET /api/notifications/unread-count
2026-03-04 00:14:28.728 [http-nio-8080-exec-6] DEBUG o.s.d.m.r.query.MongoQueryCreator - Created query Query: { "username" : "adminuser"}, Fields: {}, Sort: {}
2026-03-04 00:14:28.729 [http-nio-8080-exec-6] DEBUG o.s.data.mongodb.core.MongoTemplate - find using query: { "username" : "adminuser"} fields: Document{{}} for class: class com.agri.supplytracker.model.User in collection: users
2026-03-04 00:14:28.735 [http-nio-8080-exec-6] DEBUG o.s.security.web.FilterChainProxy - Secured GET /api/notifications/unread-count
2026-03-04 00:14:28.736 [http-nio-8080-exec-6] DEBUG o.s.d.m.r.query.MongoQueryCreator - Created query Query: { "recipientId" : "adminuser", "read" : false}, Fields: {}, Sort: {}
2026-03-04 00:14:28.736 [http-nio-8080-exec-6] DEBUG o.s.data.mongodb.core.MongoTemplate - Executing count: { "recipientId" : "adminuser", "read" : false} in collection: notifications
2026-03-04 00:14:50.271 [http-nio-8080-exec-8] DEBUG o.s.security.web.FilterChainProxy - Securing GET /api/notifications/unread-count
2026-03-04 00:14:50.273 [http-nio-8080-exec-8] DEBUG o.s.d.m.r.query.MongoQueryCreator - Created query Query: { "username" : "Farmer"}, Fields: {}, Sort: {}
2026-03-04 00:14:50.273 [http-nio-8080-exec-8] DEBUG o.s.data.mongodb.core.MongoTemplate - find using query: { "username" : "Farmer"} fields: Document{{}} for class: class com.agri.supplytracker.model.User in collection: users
2026-03-04 00:14:50.277 [http-nio-8080-exec-8] DEBUG o.s.security.web.FilterChainProxy - Secured GET /api/notifications/unread-count
2026-03-04 00:14:50.278 [http-nio-8080-exec-8] DEBUG o.s.d.m.r.query.MongoQueryCreator - Created query Query: { "recipientId" : "Farmer", "read" : false}, Fields: {}, Sort: {}
2026-03-04 00:14:50.278 [http-nio-8080-exec-8] DEBUG o.s.data.mongodb.core.MongoTemplate - Executing count: { "recipientId" : "Farmer", "read" : false} in collection: notifications
2026-03-04 00:15:20.268 [http-nio-8080-exec-7] DEBUG o.s.security.web.FilterChainProxy - Securing GET /api/notifications/unread-count
2026-03-04 00:15:20.273 [http-nio-8080-exec-7] DEBUG o.s.d.m.r.query.MongoQueryCreator - Created query Query: { "username" : "Farmer"}, Fields: {}, Sort: {}
2026-03-04 00:15:20.273 [http-nio-8080-exec-7] DEBUG o.s.data.mongodb.core.MongoTemplate - find using query: { "username" : "Farmer"} fields: Document{{}} for class: class com.agri.supplytracker.model.User in collection: users
2026-03-04 00:15:20.280 [http-nio-8080-exec-7] DEBUG o.s.security.web.FilterChainProxy - Secured GET /api/notifications/unread-count
2026-03-04 00:15:20.281 [http-nio-8080-exec-7] DEBUG o.s.d.m.r.query.MongoQueryCreator - Created query Query: { "recipientId" : "Farmer", "read" : false}, Fields: {}, Sort: {}
2026-03-04 00:15:20.281 [http-nio-8080-exec-7] DEBUG o.s.data.mongodb.core.MongoTemplate - Executing count: { "recipientId" : "Farmer", "read" : false} in collection: notifications
2026-03-04 00:15:28.726 [http-nio-8080-exec-2] DEBUG o.s.security.web.FilterChainProxy - Securing GET /api/notifications/unread-count
2026-03-04 00:15:28.728 [http-nio-8080-exec-2] DEBUG o.s.d.m.r.query.MongoQueryCreator - Created query Query: { "username" : "adminuser"}, Fields: {}, Sort: {}
2026-03-04 00:15:28.729 [http-nio-8080-exec-2] DEBUG o.s.data.mongodb.core.MongoTemplate - find using query: { "username" : "adminuser"} fields: Document{{}} for class: class com.agri.supplytracker.model.User in collection: users
2026-03-04 00:15:28.734 [http-nio-8080-exec-2] DEBUG o.s.security.web.FilterChainProxy - Secured GET /api/notifications/unread-count
2026-03-04 00:15:28.735 [http-nio-8080-exec-2] DEBUG o.s.d.m.r.query.MongoQueryCreator - Created query Query: { "recipientId" : "adminuser", "read" : false}, Fields: {}, Sort: {}
2026-03-04 00:15:28.736 [http-nio-8080-exec-2] DEBUG o.s.data.mongodb.core.MongoTemplate - Executing count: { "recipientId" : "adminuser", "read" : false} in collection: notifications
2026-03-04 00:15:50.274 [http-nio-8080-exec-9] DEBUG o.s.security.web.FilterChainProxy - Securing GET /api/notifications/unread-count
2026-03-04 00:15:50.276 [http-nio-8080-exec-9] DEBUG o.s.d.m.r.query.MongoQueryCreator - Created query Query: { "username" : "Farmer"}, Fields: {}, Sort: {}
2026-03-04 00:15:50.277 [http-nio-8080-exec-9] DEBUG o.s.data.mongodb.core.MongoTemplate - find using query: { "username" : "Farmer"} fields: Document{{}} for class: class com.agri.supplytracker.model.User in collection: users
2026-03-04 00:15:50.283 [http-nio-8080-exec-9] DEBUG o.s.security.web.FilterChainProxy - Secured GET /api/notifications/unread-count
2026-03-04 00:15:50.284 [http-nio-8080-exec-9] DEBUG o.s.d.m.r.query.MongoQueryCreator - Created query Query: { "recipientId" : "Farmer", "read" : false}, Fields: {}, Sort: {}
2026-03-04 00:15:50.285 [http-nio-8080-exec-9] DEBUG o.s.data.mongodb.core.MongoTemplate - Executing count: { "recipientId" : "Farmer", "read" : false} in collection: notifications
2026-03-04 00:16:20.265 [http-nio-8080-exec-10] DEBUG o.s.security.web.FilterChainProxy - Securing GET /api/notifications/unread-count
2026-03-04 00:16:20.267 [http-nio-8080-exec-10] DEBUG o.s.d.m.r.query.MongoQueryCreator - Created query Query: { "username" : "Farmer"}, Fields: {}, Sort: {}
2026-03-04 00:16:20.268 [http-nio-8080-exec-10] DEBUG o.s.data.mongodb.core.MongoTemplate - find using query: { "username" : "Farmer"} fields: Document{{}} for class: class com.agri.supplytracker.model.User in collection: users
2026-03-04 00:16:20.275 [http-nio-8080-exec-10] DEBUG o.s.security.web.FilterChainProxy - Secured GET /api/notifications/unread-count
2026-03-04 00:16:20.276 [http-nio-8080-exec-10] DEBUG o.s.d.m.r.query.MongoQueryCreator - Created query Query: { "recipientId" : "Farmer", "read" : false}, Fields: {}, Sort: {}
2026-03-04 00:16:20.277 [http-nio-8080-exec-10] DEBUG o.s.data.mongodb.core.MongoTemplate - Executing count: { "recipientId" : "Farmer", "read" : false} in collection: notifications
2026-03-04 00:16:28.738 [http-nio-8080-exec-3] DEBUG o.s.security.web.FilterChainProxy - Securing GET /api/notifications/unread-count
2026-03-04 00:16:28.741 [http-nio-8080-exec-3] DEBUG o.s.d.m.r.query.MongoQueryCreator - Created query Query: { "username" : "adminuser"}, Fields: {}, Sort: {}
2026-03-04 00:16:28.741 [http-nio-8080-exec-3] DEBUG o.s.data.mongodb.core.MongoTemplate - find using query: { "username" : "adminuser"} fields: Document{{}} for class: class com.agri.supplytracker.model.User in collection: users
2026-03-04 00:16:28.747 [http-nio-8080-exec-3] DEBUG o.s.security.web.FilterChainProxy - Secured GET /api/notifications/unread-count
2026-03-04 00:16:28.748 [http-nio-8080-exec-3] DEBUG o.s.d.m.r.query.MongoQueryCreator - Created query Query: { "recipientId" : "adminuser", "read" : false}, Fields: {}, Sort: {}
2026-03-04 00:16:28.748 [http-nio-8080-exec-3] DEBUG o.s.data.mongodb.core.MongoTemplate - Executing count: { "recipientId" : "adminuser", "read" : false} in collection: notifications
2026-03-04 00:16:50.271 [http-nio-8080-exec-1] DEBUG o.s.security.web.FilterChainProxy - Securing GET /api/notifications/unread-count
2026-03-04 00:16:50.276 [http-nio-8080-exec-1] DEBUG o.s.d.m.r.query.MongoQueryCreator - Created query Query: { "username" : "Farmer"}, Fields: {}, Sort: {}
2026-03-04 00:16:50.276 [http-nio-8080-exec-1] DEBUG o.s.data.mongodb.core.MongoTemplate - find using query: { "username" : "Farmer"} fields: Document{{}} for class: class com.agri.supplytracker.model.User in collection: users
2026-03-04 00:16:50.286 [http-nio-8080-exec-1] DEBUG o.s.security.web.FilterChainProxy - Secured GET /api/notifications/unread-count
2026-03-04 00:16:50.287 [http-nio-8080-exec-1] DEBUG o.s.d.m.r.query.MongoQueryCreator - Created query Query: { "recipientId" : "Farmer", "read" : false}, Fields: {}, Sort: {}
2026-03-04 00:16:50.288 [http-nio-8080-exec-1] DEBUG o.s.data.mongodb.core.MongoTemplate - Executing count: { "recipientId" : "Farmer", "read" : false} in collection: notifications
2026-03-04 00:17:20.270 [http-nio-8080-exec-4] DEBUG o.s.security.web.FilterChainProxy - Securing GET /api/notifications/unread-count
2026-03-04 00:17:20.286 [http-nio-8080-exec-4] DEBUG o.s.d.m.r.query.MongoQueryCreator - Created query Query: { "username" : "Farmer"}, Fields: {}, Sort: {}
2026-03-04 00:17:20.287 [http-nio-8080-exec-4] DEBUG o.s.data.mongodb.core.MongoTemplate - find using query: { "username" : "Farmer"} fields: Document{{}} for class: class com.agri.supplytracker.model.User in collection: users
2026-03-04 00:17:20.295 [http-nio-8080-exec-4] DEBUG o.s.security.web.FilterChainProxy - Secured GET /api/notifications/unread-count
2026-03-04 00:17:20.296 [http-nio-8080-exec-4] DEBUG o.s.d.m.r.query.MongoQueryCreator - Created query Query: { "recipientId" : "Farmer", "read" : false}, Fields: {}, Sort: {}
2026-03-04 00:17:20.296 [http-nio-8080-exec-4] DEBUG o.s.data.mongodb.core.MongoTemplate - Executing count: { "recipientId" : "Farmer", "read" : false} in collection: notifications
2026-03-04 00:17:28.737 [http-nio-8080-exec-5] DEBUG o.s.security.web.FilterChainProxy - Securing GET /api/notifications/unread-count
2026-03-04 00:17:28.739 [http-nio-8080-exec-5] DEBUG o.s.d.m.r.query.MongoQueryCreator - Created query Query: { "username" : "adminuser"}, Fields: {}, Sort: {}
2026-03-04 00:17:28.739 [http-nio-8080-exec-5] DEBUG o.s.data.mongodb.core.MongoTemplate - find using query: { "username" : "adminuser"} fields: Document{{}} for class: class com.agri.supplytracker.model.User in collection: users
2026-03-04 00:17:28.744 [http-nio-8080-exec-5] DEBUG o.s.security.web.FilterChainProxy - Secured GET /api/notifications/unread-count
2026-03-04 00:17:28.745 [http-nio-8080-exec-5] DEBUG o.s.d.m.r.query.MongoQueryCreator - Created query Query: { "recipientId" : "adminuser", "read" : false}, Fields: {}, Sort: {}
2026-03-04 00:17:28.746 [http-nio-8080-exec-5] DEBUG o.s.data.mongodb.core.MongoTemplate - Executing count: { "recipientId" : "adminuser", "read" : false} in collection: notifications
2026-03-04 00:17:50.271 [http-nio-8080-exec-6] DEBUG o.s.security.web.FilterChainProxy - Securing GET /api/notifications/unread-count
2026-03-04 00:17:50.273 [http-nio-8080-exec-6] DEBUG o.s.d.m.r.query.MongoQueryCreator - Created query Query: { "username" : "Farmer"}, Fields: {}, Sort: {}
2026-03-04 00:17:50.274 [http-nio-8080-exec-6] DEBUG o.s.data.mongodb.core.MongoTemplate - find using query: { "username" : "Farmer"} fields: Document{{}} for class: class com.agri.supplytracker.model.User in collection: users
2026-03-04 00:17:50.279 [http-nio-8080-exec-6] DEBUG o.s.security.web.FilterChainProxy - Secured GET /api/notifications/unread-count
2026-03-04 00:17:50.280 [http-nio-8080-exec-6] DEBUG o.s.d.m.r.query.MongoQueryCreator - Created query Query: { "recipientId" : "Farmer", "read" : false}, Fields: {}, Sort: {}
2026-03-04 00:17:50.281 [http-nio-8080-exec-6] DEBUG o.s.data.mongodb.core.MongoTemplate - Executing count: { "recipientId" : "Farmer", "read" : false} in collection: notifications
2026-03-04 00:18:20.270 [http-nio-8080-exec-8] DEBUG o.s.security.web.FilterChainProxy - Securing GET /api/notifications/unread-count
2026-03-04 00:18:20.274 [http-nio-8080-exec-8] DEBUG o.s.d.m.r.query.MongoQueryCreator - Created query Query: { "username" : "Farmer"}, Fields: {}, Sort: {}
2026-03-04 00:18:20.274 [http-nio-8080-exec-8] DEBUG o.s.data.mongodb.core.MongoTemplate - find using query: { "username" : "Farmer"} fields: Document{{}} for class: class com.agri.supplytracker.model.User in collection: users
2026-03-04 00:18:20.281 [http-nio-8080-exec-8] DEBUG o.s.security.web.FilterChainProxy - Secured GET /api/notifications/unread-count
2026-03-04 00:18:20.282 [http-nio-8080-exec-8] DEBUG o.s.d.m.r.query.MongoQueryCreator - Created query Query: { "recipientId" : "Farmer", "read" : false}, Fields: {}, Sort: {}
2026-03-04 00:18:20.283 [http-nio-8080-exec-8] DEBUG o.s.data.mongodb.core.MongoTemplate - Executing count: { "recipientId" : "Farmer", "read" : false} in collection: notifications
2026-03-04 00:18:28.733 [http-nio-8080-exec-7] DEBUG o.s.security.web.FilterChainProxy - Securing GET /api/notifications/unread-count
2026-03-04 00:18:28.736 [http-nio-8080-exec-7] DEBUG o.s.d.m.r.query.MongoQueryCreator - Created query Query: { "username" : "adminuser"}, Fields: {}, Sort: {}
2026-03-04 00:18:28.737 [http-nio-8080-exec-7] DEBUG o.s.data.mongodb.core.MongoTemplate - find using query: { "username" : "adminuser"} fields: Document{{}} for class: class com.agri.supplytracker.model.User in collection: users
2026-03-04 00:18:28.741 [http-nio-8080-exec-7] DEBUG o.s.security.web.FilterChainProxy - Secured GET /api/notifications/unread-count
2026-03-04 00:18:28.742 [http-nio-8080-exec-7] DEBUG o.s.d.m.r.query.MongoQueryCreator - Created query Query: { "recipientId" : "adminuser", "read" : false}, Fields: {}, Sort: {}
2026-03-04 00:18:28.742 [http-nio-8080-exec-7] DEBUG o.s.data.mongodb.core.MongoTemplate - Executing count: { "recipientId" : "adminuser", "read" : false} in collection: notifications
2026-03-04 00:18:50.274 [http-nio-8080-exec-2] DEBUG o.s.security.web.FilterChainProxy - Securing GET /api/notifications/unread-count
2026-03-04 00:18:50.278 [http-nio-8080-exec-2] DEBUG o.s.d.m.r.query.MongoQueryCreator - Created query Query: { "username" : "Farmer"}, Fields: {}, Sort: {}
2026-03-04 00:18:50.279 [http-nio-8080-exec-2] DEBUG o.s.data.mongodb.core.MongoTemplate - find using query: { "username" : "Farmer"} fields: Document{{}} for class: class com.agri.supplytracker.model.User in collection: users
2026-03-04 00:18:50.288 [http-nio-8080-exec-2] DEBUG o.s.security.web.FilterChainProxy - Secured GET /api/notifications/unread-count
2026-03-04 00:18:50.289 [http-nio-8080-exec-2] DEBUG o.s.d.m.r.query.MongoQueryCreator - Created query Query: { "recipientId" : "Farmer", "read" : false}, Fields: {}, Sort: {}
2026-03-04 00:18:50.289 [http-nio-8080-exec-2] DEBUG o.s.data.mongodb.core.MongoTemplate - Executing count: { "recipientId" : "Farmer", "read" : false} in collection: notifications
2026-03-04 00:19:20.275 [http-nio-8080-exec-9] DEBUG o.s.security.web.FilterChainProxy - Securing GET /api/notifications/unread-count
2026-03-04 00:19:20.278 [http-nio-8080-exec-9] DEBUG o.s.d.m.r.query.MongoQueryCreator - Created query Query: { "username" : "Farmer"}, Fields: {}, Sort: {}
2026-03-04 00:19:20.279 [http-nio-8080-exec-9] DEBUG o.s.data.mongodb.core.MongoTemplate - find using query: { "username" : "Farmer"} fields: Document{{}} for class: class com.agri.supplytracker.model.User in collection: users
2026-03-04 00:19:20.286 [http-nio-8080-exec-9] DEBUG o.s.security.web.FilterChainProxy - Secured GET /api/notifications/unread-count
2026-03-04 00:19:20.288 [http-nio-8080-exec-9] DEBUG o.s.d.m.r.query.MongoQueryCreator - Created query Query: { "recipientId" : "Farmer", "read" : false}, Fields: {}, Sort: {}
2026-03-04 00:19:20.288 [http-nio-8080-exec-9] DEBUG o.s.data.mongodb.core.MongoTemplate - Executing count: { "recipientId" : "Farmer", "read" : false} in collection: notifications
2026-03-04 00:19:28.740 [http-nio-8080-exec-10] DEBUG o.s.security.web.FilterChainProxy - Securing GET /api/notifications/unread-count
2026-03-04 00:19:28.743 [http-nio-8080-exec-10] DEBUG o.s.d.m.r.query.MongoQueryCreator - Created query Query: { "username" : "adminuser"}, Fields: {}, Sort: {}
2026-03-04 00:19:28.743 [http-nio-8080-exec-10] DEBUG o.s.data.mongodb.core.MongoTemplate - find using query: { "username" : "adminuser"} fields: Document{{}} for class: class com.agri.supplytracker.model.User in collection: users
2026-03-04 00:19:28.748 [http-nio-8080-exec-10] DEBUG o.s.security.web.FilterChainProxy - Secured GET /api/notifications/unread-count
2026-03-04 00:19:28.748 [http-nio-8080-exec-10] DEBUG o.s.d.m.r.query.MongoQueryCreator - Created query Query: { "recipientId" : "adminuser", "read" : false}, Fields: {}, Sort: {}
2026-03-04 00:19:28.749 [http-nio-8080-exec-10] DEBUG o.s.data.mongodb.core.MongoTemplate - Executing count: { "recipientId" : "adminuser", "read" : false} in collection: notifications
2026-03-04 00:19:50.267 [http-nio-8080-exec-3] DEBUG o.s.security.web.FilterChainProxy - Securing GET /api/notifications/unread-count
2026-03-04 00:19:50.271 [http-nio-8080-exec-3] DEBUG o.s.d.m.r.query.MongoQueryCreator - Created query Query: { "username" : "Farmer"}, Fields: {}, Sort: {}
2026-03-04 00:19:50.272 [http-nio-8080-exec-3] DEBUG o.s.data.mongodb.core.MongoTemplate - find using query: { "username" : "Farmer"} fields: Document{{}} for class: class com.agri.supplytracker.model.User in collection: users
2026-03-04 00:19:50.280 [http-nio-8080-exec-3] DEBUG o.s.security.web.FilterChainProxy - Secured GET /api/notifications/unread-count
2026-03-04 00:19:50.281 [http-nio-8080-exec-3] DEBUG o.s.d.m.r.query.MongoQueryCreator - Created query Query: { "recipientId" : "Farmer", "read" : false}, Fields: {}, Sort: {}
2026-03-04 00:19:50.282 [http-nio-8080-exec-3] DEBUG o.s.data.mongodb.core.MongoTemplate - Executing count: { "recipientId" : "Farmer", "read" : false} in collection: notifications
2026-03-04 00:20:20.267 [http-nio-8080-exec-1] DEBUG o.s.security.web.FilterChainProxy - Securing GET /api/notifications/unread-count
2026-03-04 00:20:20.271 [http-nio-8080-exec-1] DEBUG o.s.d.m.r.query.MongoQueryCreator - Created query Query: { "username" : "Farmer"}, Fields: {}, Sort: {}
2026-03-04 00:20:20.272 [http-nio-8080-exec-1] DEBUG o.s.data.mongodb.core.MongoTemplate - find using query: { "username" : "Farmer"} fields: Document{{}} for class: class com.agri.supplytracker.model.User in collection: users
2026-03-04 00:20:20.279 [http-nio-8080-exec-1] DEBUG o.s.security.web.FilterChainProxy - Secured GET /api/notifications/unread-count
2026-03-04 00:20:20.280 [http-nio-8080-exec-1] DEBUG o.s.d.m.r.query.MongoQueryCreator - Created query Query: { "recipientId" : "Farmer", "read" : false}, Fields: {}, Sort: {}
2026-03-04 00:20:20.281 [http-nio-8080-exec-1] DEBUG o.s.data.mongodb.core.MongoTemplate - Executing count: { "recipientId" : "Farmer", "read" : false} in collection: notifications
2026-03-04 00:20:28.742 [http-nio-8080-exec-4] DEBUG o.s.security.web.FilterChainProxy - Securing GET /api/notifications/unread-count
2026-03-04 00:20:28.744 [http-nio-8080-exec-4] DEBUG o.s.d.m.r.query.MongoQueryCreator - Created query Query: { "username" : "adminuser"}, Fields: {}, Sort: {}
2026-03-04 00:20:28.745 [http-nio-8080-exec-4] DEBUG o.s.data.mongodb.core.MongoTemplate - find using query: { "username" : "adminuser"} fields: Document{{}} for class: class com.agri.supplytracker.model.User in collection: users
2026-03-04 00:20:28.749 [http-nio-8080-exec-4] DEBUG o.s.security.web.FilterChainProxy - Secured GET /api/notifications/unread-count
2026-03-04 00:20:28.750 [http-nio-8080-exec-4] DEBUG o.s.d.m.r.query.MongoQueryCreator - Created query Query: { "recipientId" : "adminuser", "read" : false}, Fields: {}, Sort: {}
2026-03-04 00:20:28.750 [http-nio-8080-exec-4] DEBUG o.s.data.mongodb.core.MongoTemplate - Executing count: { "recipientId" : "adminuser", "read" : false} in collection: notifications
2026-03-04 00:20:50.280 [http-nio-8080-exec-5] DEBUG o.s.security.web.FilterChainProxy - Securing GET /api/notifications/unread-count
2026-03-04 00:20:50.285 [http-nio-8080-exec-5] DEBUG o.s.d.m.r.query.MongoQueryCreator - Created query Query: { "username" : "Farmer"}, Fields: {}, Sort: {}
2026-03-04 00:20:50.285 [http-nio-8080-exec-5] DEBUG o.s.data.mongodb.core.MongoTemplate - find using query: { "username" : "Farmer"} fields: Document{{}} for class: class com.agri.supplytracker.model.User in collection: users
2026-03-04 00:20:50.294 [http-nio-8080-exec-5] DEBUG o.s.security.web.FilterChainProxy - Secured GET /api/notifications/unread-count
2026-03-04 00:20:50.295 [http-nio-8080-exec-5] DEBUG o.s.d.m.r.query.MongoQueryCreator - Created query Query: { "recipientId" : "Farmer", "read" : false}, Fields: {}, Sort: {}
2026-03-04 00:20:50.296 [http-nio-8080-exec-5] DEBUG o.s.data.mongodb.core.MongoTemplate - Executing count: { "recipientId" : "Farmer", "read" : false} in collection: notifications
2026-03-04 00:21:20.439 [http-nio-8080-exec-6] DEBUG o.s.security.web.FilterChainProxy - Securing GET /api/notifications/unread-count
2026-03-04 00:21:20.443 [http-nio-8080-exec-6] DEBUG o.s.d.m.r.query.MongoQueryCreator - Created query Query: { "username" : "Farmer"}, Fields: {}, Sort: {}
2026-03-04 00:21:20.444 [http-nio-8080-exec-6] DEBUG o.s.data.mongodb.core.MongoTemplate - find using query: { "username" : "Farmer"} fields: Document{{}} for class: class com.agri.supplytracker.model.User in collection: users
2026-03-04 00:21:20.449 [http-nio-8080-exec-6] DEBUG o.s.security.web.FilterChainProxy - Secured GET /api/notifications/unread-count
2026-03-04 00:21:20.450 [http-nio-8080-exec-6] DEBUG o.s.d.m.r.query.MongoQueryCreator - Created query Query: { "recipientId" : "Farmer", "read" : false}, Fields: {}, Sort: {}
2026-03-04 00:21:20.450 [http-nio-8080-exec-6] DEBUG o.s.data.mongodb.core.MongoTemplate - Executing count: { "recipientId" : "Farmer", "read" : false} in collection: notifications
2026-03-04 00:21:28.737 [http-nio-8080-exec-8] DEBUG o.s.security.web.FilterChainProxy - Securing GET /api/notifications/unread-count
2026-03-04 00:21:28.740 [http-nio-8080-exec-8] DEBUG o.s.d.m.r.query.MongoQueryCreator - Created query Query: { "username" : "adminuser"}, Fields: {}, Sort: {}
2026-03-04 00:21:28.740 [http-nio-8080-exec-8] DEBUG o.s.data.mongodb.core.MongoTemplate - find using query: { "username" : "adminuser"} fields: Document{{}} for class: class com.agri.supplytracker.model.User in collection: users
2026-03-04 00:21:28.744 [http-nio-8080-exec-8] DEBUG o.s.security.web.FilterChainProxy - Secured GET /api/notifications/unread-count
2026-03-04 00:21:28.745 [http-nio-8080-exec-8] DEBUG o.s.d.m.r.query.MongoQueryCreator - Created query Query: { "recipientId" : "adminuser", "read" : false}, Fields: {}, Sort: {}
2026-03-04 00:21:28.745 [http-nio-8080-exec-8] DEBUG o.s.data.mongodb.core.MongoTemplate - Executing count: { "recipientId" : "adminuser", "read" : false} in collection: notifications
2026-03-04 00:21:50.276 [http-nio-8080-exec-7] DEBUG o.s.security.web.FilterChainProxy - Securing GET /api/notifications/unread-count
2026-03-04 00:21:50.279 [http-nio-8080-exec-7] DEBUG o.s.d.m.r.query.MongoQueryCreator - Created query Query: { "username" : "Farmer"}, Fields: {}, Sort: {}
2026-03-04 00:21:50.280 [http-nio-8080-exec-7] DEBUG o.s.data.mongodb.core.MongoTemplate - find using query: { "username" : "Farmer"} fields: Document{{}} for class: class com.agri.supplytracker.model.User in collection: users
2026-03-04 00:21:50.285 [http-nio-8080-exec-7] DEBUG o.s.security.web.FilterChainProxy - Secured GET /api/notifications/unread-count
2026-03-04 00:21:50.286 [http-nio-8080-exec-7] DEBUG o.s.d.m.r.query.MongoQueryCreator - Created query Query: { "recipientId" : "Farmer", "read" : false}, Fields: {}, Sort: {}
2026-03-04 00:21:50.286 [http-nio-8080-exec-7] DEBUG o.s.data.mongodb.core.MongoTemplate - Executing count: { "recipientId" : "Farmer", "read" : false} in collection: notifications
2026-03-04 00:22:20.270 [http-nio-8080-exec-2] DEBUG o.s.security.web.FilterChainProxy - Securing GET /api/notifications/unread-count
2026-03-04 00:22:20.274 [http-nio-8080-exec-2] DEBUG o.s.d.m.r.query.MongoQueryCreator - Created query Query: { "username" : "Farmer"}, Fields: {}, Sort: {}
2026-03-04 00:22:20.275 [http-nio-8080-exec-2] DEBUG o.s.data.mongodb.core.MongoTemplate - find using query: { "username" : "Farmer"} fields: Document{{}} for class: class com.agri.supplytracker.model.User in collection: users
2026-03-04 00:22:20.284 [http-nio-8080-exec-2] DEBUG o.s.security.web.FilterChainProxy - Secured GET /api/notifications/unread-count
2026-03-04 00:22:20.285 [http-nio-8080-exec-2] DEBUG o.s.d.m.r.query.MongoQueryCreator - Created query Query: { "recipientId" : "Farmer", "read" : false}, Fields: {}, Sort: {}
2026-03-04 00:22:20.286 [http-nio-8080-exec-2] DEBUG o.s.data.mongodb.core.MongoTemplate - Executing count: { "recipientId" : "Farmer", "read" : false} in collection: notifications
2026-03-04 00:22:28.731 [http-nio-8080-exec-9] DEBUG o.s.security.web.FilterChainProxy - Securing GET /api/notifications/unread-count
2026-03-04 00:22:28.733 [http-nio-8080-exec-9] DEBUG o.s.d.m.r.query.MongoQueryCreator - Created query Query: { "username" : "adminuser"}, Fields: {}, Sort: {}
2026-03-04 00:22:28.734 [http-nio-8080-exec-9] DEBUG o.s.data.mongodb.core.MongoTemplate - find using query: { "username" : "adminuser"} fields: Document{{}} for class: class com.agri.supplytracker.model.User in collection: users
2026-03-04 00:22:28.739 [http-nio-8080-exec-9] DEBUG o.s.security.web.FilterChainProxy - Secured GET /api/notifications/unread-count
2026-03-04 00:22:28.739 [http-nio-8080-exec-9] DEBUG o.s.d.m.r.query.MongoQueryCreator - Created query Query: { "recipientId" : "adminuser", "read" : false}, Fields: {}, Sort: {}
2026-03-04 00:22:28.739 [http-nio-8080-exec-9] DEBUG o.s.data.mongodb.core.MongoTemplate - Executing count: { "recipientId" : "adminuser", "read" : false} in collection: notifications
2026-03-04 00:22:50.269 [http-nio-8080-exec-10] DEBUG o.s.security.web.FilterChainProxy - Securing GET /api/notifications/unread-count
2026-03-04 00:22:50.271 [http-nio-8080-exec-10] DEBUG o.s.d.m.r.query.MongoQueryCreator - Created query Query: { "username" : "Farmer"}, Fields: {}, Sort: {}
2026-03-04 00:22:50.272 [http-nio-8080-exec-10] DEBUG o.s.data.mongodb.core.MongoTemplate - find using query: { "username" : "Farmer"} fields: Document{{}} for class: class com.agri.supplytracker.model.User in collection: users
2026-03-04 00:22:50.278 [http-nio-8080-exec-10] DEBUG o.s.security.web.FilterChainProxy - Secured GET /api/notifications/unread-count
2026-03-04 00:22:50.278 [http-nio-8080-exec-10] DEBUG o.s.d.m.r.query.MongoQueryCreator - Created query Query: { "recipientId" : "Farmer", "read" : false}, Fields: {}, Sort: {}
2026-03-04 00:22:50.278 [http-nio-8080-exec-10] DEBUG o.s.data.mongodb.core.MongoTemplate - Executing count: { "recipientId" : "Farmer", "read" : false} in collection: notifications
2026-03-04 00:23:20.267 [http-nio-8080-exec-3] DEBUG o.s.security.web.FilterChainProxy - Securing GET /api/notifications/unread-count
2026-03-04 00:23:20.270 [http-nio-8080-exec-3] DEBUG o.s.d.m.r.query.MongoQueryCreator - Created query Query: { "username" : "Farmer"}, Fields: {}, Sort: {}
2026-03-04 00:23:20.270 [http-nio-8080-exec-3] DEBUG o.s.data.mongodb.core.MongoTemplate - find using query: { "username" : "Farmer"} fields: Document{{}} for class: class com.agri.supplytracker.model.User in collection: users
2026-03-04 00:23:20.277 [http-nio-8080-exec-3] DEBUG o.s.security.web.FilterChainProxy - Secured GET /api/notifications/unread-count
2026-03-04 00:23:20.277 [http-nio-8080-exec-3] DEBUG o.s.d.m.r.query.MongoQueryCreator - Created query Query: { "recipientId" : "Farmer", "read" : false}, Fields: {}, Sort: {}
2026-03-04 00:23:20.277 [http-nio-8080-exec-3] DEBUG o.s.data.mongodb.core.MongoTemplate - Executing count: { "recipientId" : "Farmer", "read" : false} in collection: notifications
2026-03-04 00:23:28.721 [http-nio-8080-exec-1] DEBUG o.s.security.web.FilterChainProxy - Securing GET /api/notifications/unread-count
2026-03-04 00:23:28.723 [http-nio-8080-exec-1] DEBUG o.s.d.m.r.query.MongoQueryCreator - Created query Query: { "username" : "adminuser"}, Fields: {}, Sort: {}
2026-03-04 00:23:28.723 [http-nio-8080-exec-1] DEBUG o.s.data.mongodb.core.MongoTemplate - find using query: { "username" : "adminuser"} fields: Document{{}} for class: class com.agri.supplytracker.model.User in collection: users
2026-03-04 00:23:28.728 [http-nio-8080-exec-1] DEBUG o.s.security.web.FilterChainProxy - Secured GET /api/notifications/unread-count
2026-03-04 00:23:28.729 [http-nio-8080-exec-1] DEBUG o.s.d.m.r.query.MongoQueryCreator - Created query Query: { "recipientId" : "adminuser", "read" : false}, Fields: {}, Sort: {}
2026-03-04 00:23:28.729 [http-nio-8080-exec-1] DEBUG o.s.data.mongodb.core.MongoTemplate - Executing count: { "recipientId" : "adminuser", "read" : false} in collection: notifications
2026-03-04 00:23:50.278 [http-nio-8080-exec-4] DEBUG o.s.security.web.FilterChainProxy - Securing GET /api/notifications/unread-count
2026-03-04 00:23:50.279 [http-nio-8080-exec-4] DEBUG o.s.d.m.r.query.MongoQueryCreator - Created query Query: { "username" : "Farmer"}, Fields: {}, Sort: {}
2026-03-04 00:23:50.280 [http-nio-8080-exec-4] DEBUG o.s.data.mongodb.core.MongoTemplate - find using query: { "username" : "Farmer"} fields: Document{{}} for class: class com.agri.supplytracker.model.User in collection: users
2026-03-04 00:23:50.287 [http-nio-8080-exec-4] DEBUG o.s.security.web.FilterChainProxy - Secured GET /api/notifications/unread-count
2026-03-04 00:23:50.288 [http-nio-8080-exec-4] DEBUG o.s.d.m.r.query.MongoQueryCreator - Created query Query: { "recipientId" : "Farmer", "read" : false}, Fields: {}, Sort: {}
2026-03-04 00:23:50.289 [http-nio-8080-exec-4] DEBUG o.s.data.mongodb.core.MongoTemplate - Executing count: { "recipientId" : "Farmer", "read" : false} in collection: notifications
2026-03-04 00:24:20.281 [http-nio-8080-exec-5] DEBUG o.s.security.web.FilterChainProxy - Securing GET /api/notifications/unread-count
2026-03-04 00:24:20.284 [http-nio-8080-exec-5] DEBUG o.s.d.m.r.query.MongoQueryCreator - Created query Query: { "username" : "Farmer"}, Fields: {}, Sort: {}
2026-03-04 00:24:20.285 [http-nio-8080-exec-5] DEBUG o.s.data.mongodb.core.MongoTemplate - find using query: { "username" : "Farmer"} fields: Document{{}} for class: class com.agri.supplytracker.model.User in collection: users
2026-03-04 00:24:20.293 [http-nio-8080-exec-5] DEBUG o.s.security.web.FilterChainProxy - Secured GET /api/notifications/unread-count
2026-03-04 00:24:20.294 [http-nio-8080-exec-5] DEBUG o.s.d.m.r.query.MongoQueryCreator - Created query Query: { "recipientId" : "Farmer", "read" : false}, Fields: {}, Sort: {}
2026-03-04 00:24:20.294 [http-nio-8080-exec-5] DEBUG o.s.data.mongodb.core.MongoTemplate - Executing count: { "recipientId" : "Farmer", "read" : false} in collection: notifications
2026-03-04 00:24:28.722 [http-nio-8080-exec-6] DEBUG o.s.security.web.FilterChainProxy - Securing GET /api/notifications/unread-count
2026-03-04 00:24:28.725 [http-nio-8080-exec-6] DEBUG o.s.d.m.r.query.MongoQueryCreator - Created query Query: { "username" : "adminuser"}, Fields: {}, Sort: {}
2026-03-04 00:24:28.725 [http-nio-8080-exec-6] DEBUG o.s.data.mongodb.core.MongoTemplate - find using query: { "username" : "adminuser"} fields: Document{{}} for class: class com.agri.supplytracker.model.User in collection: users
2026-03-04 00:24:28.731 [http-nio-8080-exec-6] DEBUG o.s.security.web.FilterChainProxy - Secured GET /api/notifications/unread-count
2026-03-04 00:24:28.731 [http-nio-8080-exec-6] DEBUG o.s.d.m.r.query.MongoQueryCreator - Created query Query: { "recipientId" : "adminuser", "read" : false}, Fields: {}, Sort: {}
2026-03-04 00:24:28.732 [http-nio-8080-exec-6] DEBUG o.s.data.mongodb.core.MongoTemplate - Executing count: { "recipientId" : "adminuser", "read" : false} in collection: notifications
2026-03-04 00:24:50.276 [http-nio-8080-exec-8] DEBUG o.s.security.web.FilterChainProxy - Securing GET /api/notifications/unread-count
2026-03-04 00:24:50.281 [http-nio-8080-exec-8] DEBUG o.s.d.m.r.query.MongoQueryCreator - Created query Query: { "username" : "Farmer"}, Fields: {}, Sort: {}
2026-03-04 00:24:50.282 [http-nio-8080-exec-8] DEBUG o.s.data.mongodb.core.MongoTemplate - find using query: { "username" : "Farmer"} fields: Document{{}} for class: class com.agri.supplytracker.model.User in collection: users
2026-03-04 00:24:50.290 [http-nio-8080-exec-8] DEBUG o.s.security.web.FilterChainProxy - Secured GET /api/notifications/unread-count
2026-03-04 00:24:50.291 [http-nio-8080-exec-8] DEBUG o.s.d.m.r.query.MongoQueryCreator - Created query Query: { "recipientId" : "Farmer", "read" : false}, Fields: {}, Sort: {}
2026-03-04 00:24:50.292 [http-nio-8080-exec-8] DEBUG o.s.data.mongodb.core.MongoTemplate - Executing count: { "recipientId" : "Farmer", "read" : false} in collection: notifications
2026-03-04 00:25:20.278 [http-nio-8080-exec-7] DEBUG o.s.security.web.FilterChainProxy - Securing GET /api/notifications/unread-count
2026-03-04 00:25:20.280 [http-nio-8080-exec-7] DEBUG o.s.d.m.r.query.MongoQueryCreator - Created query Query: { "username" : "Farmer"}, Fields: {}, Sort: {}
2026-03-04 00:25:20.280 [http-nio-8080-exec-7] DEBUG o.s.data.mongodb.core.MongoTemplate - find using query: { "username" : "Farmer"} fields: Document{{}} for class: class com.agri.supplytracker.model.User in collection: users
2026-03-04 00:25:20.283 [http-nio-8080-exec-7] DEBUG o.s.security.web.FilterChainProxy - Secured GET /api/notifications/unread-count
2026-03-04 00:25:20.284 [http-nio-8080-exec-7] DEBUG o.s.d.m.r.query.MongoQueryCreator - Created query Query: { "recipientId" : "Farmer", "read" : false}, Fields: {}, Sort: {}
2026-03-04 00:25:20.284 [http-nio-8080-exec-7] DEBUG o.s.data.mongodb.core.MongoTemplate - Executing count: { "recipientId" : "Farmer", "read" : false} in collection: notifications
2026-03-04 00:25:28.729 [http-nio-8080-exec-2] DEBUG o.s.security.web.FilterChainProxy - Securing GET /api/notifications/unread-count
2026-03-04 00:25:28.731 [http-nio-8080-exec-2] DEBUG o.s.d.m.r.query.MongoQueryCreator - Created query Query: { "username" : "adminuser"}, Fields: {}, Sort: {}
2026-03-04 00:25:28.733 [http-nio-8080-exec-2] DEBUG o.s.data.mongodb.core.MongoTemplate - find using query: { "username" : "adminuser"} fields: Document{{}} for class: class com.agri.supplytracker.model.User in collection: users
2026-03-04 00:25:28.737 [http-nio-8080-exec-2] DEBUG o.s.security.web.FilterChainProxy - Secured GET /api/notifications/unread-count
2026-03-04 00:25:28.738 [http-nio-8080-exec-2] DEBUG o.s.d.m.r.query.MongoQueryCreator - Created query Query: { "recipientId" : "adminuser", "read" : false}, Fields: {}, Sort: {}
2026-03-04 00:25:28.738 [http-nio-8080-exec-2] DEBUG o.s.data.mongodb.core.MongoTemplate - Executing count: { "recipientId" : "adminuser", "read" : false} in collection: notifications
2026-03-04 00:25:50.280 [http-nio-8080-exec-9] DEBUG o.s.security.web.FilterChainProxy - Securing GET /api/notifications/unread-count
2026-03-04 00:25:50.284 [http-nio-8080-exec-9] DEBUG o.s.d.m.r.query.MongoQueryCreator - Created query Query: { "username" : "Farmer"}, Fields: {}, Sort: {}
2026-03-04 00:25:50.285 [http-nio-8080-exec-9] DEBUG o.s.data.mongodb.core.MongoTemplate - find using query: { "username" : "Farmer"} fields: Document{{}} for class: class com.agri.supplytracker.model.User in collection: users
2026-03-04 00:25:50.293 [http-nio-8080-exec-9] DEBUG o.s.security.web.FilterChainProxy - Secured GET /api/notifications/unread-count
2026-03-04 00:25:50.294 [http-nio-8080-exec-9] DEBUG o.s.d.m.r.query.MongoQueryCreator - Created query Query: { "recipientId" : "Farmer", "read" : false}, Fields: {}, Sort: {}
2026-03-04 00:25:50.295 [http-nio-8080-exec-9] DEBUG o.s.data.mongodb.core.MongoTemplate - Executing count: { "recipientId" : "Farmer", "read" : false} in collection: notifications
2026-03-04 00:26:20.273 [http-nio-8080-exec-10] DEBUG o.s.security.web.FilterChainProxy - Securing GET /api/notifications/unread-count
2026-03-04 00:26:20.277 [http-nio-8080-exec-10] DEBUG o.s.d.m.r.query.MongoQueryCreator - Created query Query: { "username" : "Farmer"}, Fields: {}, Sort: {}
2026-03-04 00:26:20.278 [http-nio-8080-exec-10] DEBUG o.s.data.mongodb.core.MongoTemplate - find using query: { "username" : "Farmer"} fields: Document{{}} for class: class com.agri.supplytracker.model.User in collection: users
2026-03-04 00:26:20.286 [http-nio-8080-exec-10] DEBUG o.s.security.web.FilterChainProxy - Secured GET /api/notifications/unread-count
2026-03-04 00:26:20.287 [http-nio-8080-exec-10] DEBUG o.s.d.m.r.query.MongoQueryCreator - Created query Query: { "recipientId" : "Farmer", "read" : false}, Fields: {}, Sort: {}
2026-03-04 00:26:20.288 [http-nio-8080-exec-10] DEBUG o.s.data.mongodb.core.MongoTemplate - Executing count: { "recipientId" : "Farmer", "read" : false} in collection: notifications
2026-03-04 00:26:28.736 [http-nio-8080-exec-3] DEBUG o.s.security.web.FilterChainProxy - Securing GET /api/notifications/unread-count
2026-03-04 00:26:28.738 [http-nio-8080-exec-3] DEBUG o.s.d.m.r.query.MongoQueryCreator - Created query Query: { "username" : "adminuser"}, Fields: {}, Sort: {}
2026-03-04 00:26:28.739 [http-nio-8080-exec-3] DEBUG o.s.data.mongodb.core.MongoTemplate - find using query: { "username" : "adminuser"} fields: Document{{}} for class: class com.agri.supplytracker.model.User in collection: users
2026-03-04 00:26:28.743 [http-nio-8080-exec-3] DEBUG o.s.security.web.FilterChainProxy - Secured GET /api/notifications/unread-count
2026-03-04 00:26:28.745 [http-nio-8080-exec-3] DEBUG o.s.d.m.r.query.MongoQueryCreator - Created query Query: { "recipientId" : "adminuser", "read" : false}, Fields: {}, Sort: {}
2026-03-04 00:26:28.745 [http-nio-8080-exec-3] DEBUG o.s.data.mongodb.core.MongoTemplate - Executing count: { "recipientId" : "adminuser", "read" : false} in collection: notifications
2026-03-04 00:26:50.278 [http-nio-8080-exec-1] DEBUG o.s.security.web.FilterChainProxy - Securing GET /api/notifications/unread-count
2026-03-04 00:26:50.280 [http-nio-8080-exec-1] DEBUG o.s.d.m.r.query.MongoQueryCreator - Created query Query: { "username" : "Farmer"}, Fields: {}, Sort: {}
2026-03-04 00:26:50.281 [http-nio-8080-exec-1] DEBUG o.s.data.mongodb.core.MongoTemplate - find using query: { "username" : "Farmer"} fields: Document{{}} for class: class com.agri.supplytracker.model.User in collection: users
2026-03-04 00:26:50.286 [http-nio-8080-exec-1] DEBUG o.s.security.web.FilterChainProxy - Secured GET /api/notifications/unread-count
2026-03-04 00:26:50.286 [http-nio-8080-exec-1] DEBUG o.s.d.m.r.query.MongoQueryCreator - Created query Query: { "recipientId" : "Farmer", "read" : false}, Fields: {}, Sort: {}
2026-03-04 00:26:50.287 [http-nio-8080-exec-1] DEBUG o.s.data.mongodb.core.MongoTemplate - Executing count: { "recipientId" : "Farmer", "read" : false} in collection: notifications
2026-03-04 00:27:20.277 [http-nio-8080-exec-4] DEBUG o.s.security.web.FilterChainProxy - Securing GET /api/notifications/unread-count
2026-03-04 00:27:20.281 [http-nio-8080-exec-4] DEBUG o.s.d.m.r.query.MongoQueryCreator - Created query Query: { "username" : "Farmer"}, Fields: {}, Sort: {}
2026-03-04 00:27:20.281 [http-nio-8080-exec-4] DEBUG o.s.data.mongodb.core.MongoTemplate - find using query: { "username" : "Farmer"} fields: Document{{}} for class: class com.agri.supplytracker.model.User in collection: users
2026-03-04 00:27:20.290 [http-nio-8080-exec-4] DEBUG o.s.security.web.FilterChainProxy - Secured GET /api/notifications/unread-count
2026-03-04 00:27:20.291 [http-nio-8080-exec-4] DEBUG o.s.d.m.r.query.MongoQueryCreator - Created query Query: { "recipientId" : "Farmer", "read" : false}, Fields: {}, Sort: {}
2026-03-04 00:27:20.292 [http-nio-8080-exec-4] DEBUG o.s.data.mongodb.core.MongoTemplate - Executing count: { "recipientId" : "Farmer", "read" : false} in collection: notifications
2026-03-04 00:27:28.729 [http-nio-8080-exec-5] DEBUG o.s.security.web.FilterChainProxy - Securing GET /api/notifications/unread-count
2026-03-04 00:27:28.731 [http-nio-8080-exec-5] DEBUG o.s.d.m.r.query.MongoQueryCreator - Created query Query: { "username" : "adminuser"}, Fields: {}, Sort: {}
2026-03-04 00:27:28.732 [http-nio-8080-exec-5] DEBUG o.s.data.mongodb.core.MongoTemplate - find using query: { "username" : "adminuser"} fields: Document{{}} for class: class com.agri.supplytracker.model.User in collection: users
2026-03-04 00:27:28.737 [http-nio-8080-exec-5] DEBUG o.s.security.web.FilterChainProxy - Secured GET /api/notifications/unread-count
2026-03-04 00:27:28.738 [http-nio-8080-exec-5] DEBUG o.s.d.m.r.query.MongoQueryCreator - Created query Query: { "recipientId" : "adminuser", "read" : false}, Fields: {}, Sort: {}
2026-03-04 00:27:28.738 [http-nio-8080-exec-5] DEBUG o.s.data.mongodb.core.MongoTemplate - Executing count: { "recipientId" : "adminuser", "read" : false} in collection: notifications
2026-03-04 00:27:50.272 [http-nio-8080-exec-6] DEBUG o.s.security.web.FilterChainProxy - Securing GET /api/notifications/unread-count
2026-03-04 00:27:50.275 [http-nio-8080-exec-6] DEBUG o.s.d.m.r.query.MongoQueryCreator - Created query Query: { "username" : "Farmer"}, Fields: {}, Sort: {}
2026-03-04 00:27:50.276 [http-nio-8080-exec-6] DEBUG o.s.data.mongodb.core.MongoTemplate - find using query: { "username" : "Farmer"} fields: Document{{}} for class: class com.agri.supplytracker.model.User in collection: users
2026-03-04 00:27:50.282 [http-nio-8080-exec-6] DEBUG o.s.security.web.FilterChainProxy - Secured GET /api/notifications/unread-count
2026-03-04 00:27:50.283 [http-nio-8080-exec-6] DEBUG o.s.d.m.r.query.MongoQueryCreator - Created query Query: { "recipientId" : "Farmer", "read" : false}, Fields: {}, Sort: {}
2026-03-04 00:27:50.284 [http-nio-8080-exec-6] DEBUG o.s.data.mongodb.core.MongoTemplate - Executing count: { "recipientId" : "Farmer", "read" : false} in collection: notifications
2026-03-04 00:28:20.279 [http-nio-8080-exec-8] DEBUG o.s.security.web.FilterChainProxy - Securing GET /api/notifications/unread-count
2026-03-04 00:28:20.281 [http-nio-8080-exec-8] DEBUG o.s.d.m.r.query.MongoQueryCreator - Created query Query: { "username" : "Farmer"}, Fields: {}, Sort: {}
2026-03-04 00:28:20.281 [http-nio-8080-exec-8] DEBUG o.s.data.mongodb.core.MongoTemplate - find using query: { "username" : "Farmer"} fields: Document{{}} for class: class com.agri.supplytracker.model.User in collection: users
2026-03-04 00:28:20.287 [http-nio-8080-exec-8] DEBUG o.s.security.web.FilterChainProxy - Secured GET /api/notifications/unread-count
2026-03-04 00:28:20.288 [http-nio-8080-exec-8] DEBUG o.s.d.m.r.query.MongoQueryCreator - Created query Query: { "recipientId" : "Farmer", "read" : false}, Fields: {}, Sort: {}
2026-03-04 00:28:20.288 [http-nio-8080-exec-8] DEBUG o.s.data.mongodb.core.MongoTemplate - Executing count: { "recipientId" : "Farmer", "read" : false} in collection: notifications
2026-03-04 00:28:28.740 [http-nio-8080-exec-7] DEBUG o.s.security.web.FilterChainProxy - Securing GET /api/notifications/unread-count
2026-03-04 00:28:28.742 [http-nio-8080-exec-7] DEBUG o.s.d.m.r.query.MongoQueryCreator - Created query Query: { "username" : "adminuser"}, Fields: {}, Sort: {}
2026-03-04 00:28:28.743 [http-nio-8080-exec-7] DEBUG o.s.data.mongodb.core.MongoTemplate - find using query: { "username" : "adminuser"} fields: Document{{}} for class: class com.agri.supplytracker.model.User in collection: users
2026-03-04 00:28:28.748 [http-nio-8080-exec-7] DEBUG o.s.security.web.FilterChainProxy - Secured GET /api/notifications/unread-count
2026-03-04 00:28:28.748 [http-nio-8080-exec-7] DEBUG o.s.d.m.r.query.MongoQueryCreator - Created query Query: { "recipientId" : "adminuser", "read" : false}, Fields: {}, Sort: {}
2026-03-04 00:28:28.749 [http-nio-8080-exec-7] DEBUG o.s.data.mongodb.core.MongoTemplate - Executing count: { "recipientId" : "adminuser", "read" : false} in collection: notifications
2026-03-04 00:28:50.278 [http-nio-8080-exec-2] DEBUG o.s.security.web.FilterChainProxy - Securing GET /api/notifications/unread-count
2026-03-04 00:28:50.280 [http-nio-8080-exec-2] DEBUG o.s.d.m.r.query.MongoQueryCreator - Created query Query: { "username" : "Farmer"}, Fields: {}, Sort: {}
2026-03-04 00:28:50.280 [http-nio-8080-exec-2] DEBUG o.s.data.mongodb.core.MongoTemplate - find using query: { "username" : "Farmer"} fields: Document{{}} for class: class com.agri.supplytracker.model.User in collection: users
2026-03-04 00:28:50.287 [http-nio-8080-exec-2] DEBUG o.s.security.web.FilterChainProxy - Secured GET /api/notifications/unread-count
2026-03-04 00:28:50.288 [http-nio-8080-exec-2] DEBUG o.s.d.m.r.query.MongoQueryCreator - Created query Query: { "recipientId" : "Farmer", "read" : false}, Fields: {}, Sort: {}
2026-03-04 00:28:50.288 [http-nio-8080-exec-2] DEBUG o.s.data.mongodb.core.MongoTemplate - Executing count: { "recipientId" : "Farmer", "read" : false} in collection: notifications
2026-03-04 00:29:20.270 [http-nio-8080-exec-9] DEBUG o.s.security.web.FilterChainProxy - Securing GET /api/notifications/unread-count
2026-03-04 00:29:20.273 [http-nio-8080-exec-9] DEBUG o.s.d.m.r.query.MongoQueryCreator - Created query Query: { "username" : "Farmer"}, Fields: {}, Sort: {}
2026-03-04 00:29:20.274 [http-nio-8080-exec-9] DEBUG o.s.data.mongodb.core.MongoTemplate - find using query: { "username" : "Farmer"} fields: Document{{}} for class: class com.agri.supplytracker.model.User in collection: users
2026-03-04 00:29:20.282 [http-nio-8080-exec-9] DEBUG o.s.security.web.FilterChainProxy - Secured GET /api/notifications/unread-count
2026-03-04 00:29:20.283 [http-nio-8080-exec-9] DEBUG o.s.d.m.r.query.MongoQueryCreator - Created query Query: { "recipientId" : "Farmer", "read" : false}, Fields: {}, Sort: {}
2026-03-04 00:29:20.284 [http-nio-8080-exec-9] DEBUG o.s.data.mongodb.core.MongoTemplate - Executing count: { "recipientId" : "Farmer", "read" : false} in collection: notifications
2026-03-04 00:29:28.729 [http-nio-8080-exec-10] DEBUG o.s.security.web.FilterChainProxy - Securing GET /api/notifications/unread-count
2026-03-04 00:29:28.732 [http-nio-8080-exec-10] DEBUG o.s.d.m.r.query.MongoQueryCreator - Created query Query: { "username" : "adminuser"}, Fields: {}, Sort: {}
2026-03-04 00:29:28.733 [http-nio-8080-exec-10] DEBUG o.s.data.mongodb.core.MongoTemplate - find using query: { "username" : "adminuser"} fields: Document{{}} for class: class com.agri.supplytracker.model.User in collection: users
2026-03-04 00:29:28.737 [http-nio-8080-exec-10] DEBUG o.s.security.web.FilterChainProxy - Secured GET /api/notifications/unread-count
2026-03-04 00:29:28.738 [http-nio-8080-exec-10] DEBUG o.s.d.m.r.query.MongoQueryCreator - Created query Query: { "recipientId" : "adminuser", "read" : false}, Fields: {}, Sort: {}
2026-03-04 00:29:28.738 [http-nio-8080-exec-10] DEBUG o.s.data.mongodb.core.MongoTemplate - Executing count: { "recipientId" : "adminuser", "read" : false} in collection: notifications
2026-03-04 00:29:50.269 [http-nio-8080-exec-3] DEBUG o.s.security.web.FilterChainProxy - Securing GET /api/notifications/unread-count
2026-03-04 00:29:50.273 [http-nio-8080-exec-3] DEBUG o.s.d.m.r.query.MongoQueryCreator - Created query Query: { "username" : "Farmer"}, Fields: {}, Sort: {}
2026-03-04 00:29:50.274 [http-nio-8080-exec-3] DEBUG o.s.data.mongodb.core.MongoTemplate - find using query: { "username" : "Farmer"} fields: Document{{}} for class: class com.agri.supplytracker.model.User in collection: users
2026-03-04 00:29:50.282 [http-nio-8080-exec-3] DEBUG o.s.security.web.FilterChainProxy - Secured GET /api/notifications/unread-count
2026-03-04 00:29:50.283 [http-nio-8080-exec-3] DEBUG o.s.d.m.r.query.MongoQueryCreator - Created query Query: { "recipientId" : "Farmer", "read" : false}, Fields: {}, Sort: {}
2026-03-04 00:29:50.284 [http-nio-8080-exec-3] DEBUG o.s.data.mongodb.core.MongoTemplate - Executing count: { "recipientId" : "Farmer", "read" : false} in collection: notifications
2026-03-04 00:30:01.774 [MessageBroker-5] INFO  o.s.w.s.c.WebSocketMessageBrokerStats - WebSocketSession[2 current WS(2)-HttpStream(0)-HttpPoll(0), 8 total, 0 closed abnormally (0 connect failure, 0 send limit, 2 transport error)], stompSubProtocol[processed CONNECT(8)-CONNECTED(8)-DISCONNECT(0)], stompBrokerRelay[null], inboundChannel[pool size = 0, active threads = 0, queued tasks = 0, completed tasks = 66], outboundChannel[pool size = 0, active threads = 0, queued tasks = 0, completed tasks = 14], sockJsScheduler[pool size = 8, active threads = 1, queued tasks = 3, completed tasks = 7708]
2026-03-04 00:30:20.276 [http-nio-8080-exec-5] DEBUG o.s.security.web.FilterChainProxy - Securing OPTIONS /api/notifications/unread-count
2026-03-04 00:30:20.280 [http-nio-8080-exec-6] DEBUG o.s.security.web.FilterChainProxy - Securing GET /api/notifications/unread-count
2026-03-04 00:30:20.282 [http-nio-8080-exec-6] DEBUG o.s.d.m.r.query.MongoQueryCreator - Created query Query: { "username" : "Farmer"}, Fields: {}, Sort: {}
2026-03-04 00:30:20.283 [http-nio-8080-exec-6] DEBUG o.s.data.mongodb.core.MongoTemplate - find using query: { "username" : "Farmer"} fields: Document{{}} for class: class com.agri.supplytracker.model.User in collection: users
2026-03-04 00:30:20.290 [http-nio-8080-exec-6] DEBUG o.s.security.web.FilterChainProxy - Secured GET /api/notifications/unread-count
2026-03-04 00:30:20.291 [http-nio-8080-exec-6] DEBUG o.s.d.m.r.query.MongoQueryCreator - Created query Query: { "recipientId" : "Farmer", "read" : false}, Fields: {}, Sort: {}
2026-03-04 00:30:20.292 [http-nio-8080-exec-6] DEBUG o.s.data.mongodb.core.MongoTemplate - Executing count: { "recipientId" : "Farmer", "read" : false} in collection: notifications
2026-03-04 00:30:28.745 [http-nio-8080-exec-8] DEBUG o.s.security.web.FilterChainProxy - Securing OPTIONS /api/notifications/unread-count
2026-03-04 00:30:28.754 [http-nio-8080-exec-7] DEBUG o.s.security.web.FilterChainProxy - Securing GET /api/notifications/unread-count
2026-03-04 00:30:28.756 [http-nio-8080-exec-7] DEBUG o.s.d.m.r.query.MongoQueryCreator - Created query Query: { "username" : "adminuser"}, Fields: {}, Sort: {}
2026-03-04 00:30:28.756 [http-nio-8080-exec-7] DEBUG o.s.data.mongodb.core.MongoTemplate - find using query: { "username" : "adminuser"} fields: Document{{}} for class: class com.agri.supplytracker.model.User in collection: users
2026-03-04 00:30:28.761 [http-nio-8080-exec-7] DEBUG o.s.security.web.FilterChainProxy - Secured GET /api/notifications/unread-count
2026-03-04 00:30:28.762 [http-nio-8080-exec-7] DEBUG o.s.d.m.r.query.MongoQueryCreator - Created query Query: { "recipientId" : "adminuser", "read" : false}, Fields: {}, Sort: {}
2026-03-04 00:30:28.762 [http-nio-8080-exec-7] DEBUG o.s.data.mongodb.core.MongoTemplate - Executing count: { "recipientId" : "adminuser", "read" : false} in collection: notifications
2026-03-04 00:30:50.275 [http-nio-8080-exec-2] DEBUG o.s.security.web.FilterChainProxy - Securing GET /api/notifications/unread-count
2026-03-04 00:30:50.279 [http-nio-8080-exec-2] DEBUG o.s.d.m.r.query.MongoQueryCreator - Created query Query: { "username" : "Farmer"}, Fields: {}, Sort: {}
2026-03-04 00:30:50.280 [http-nio-8080-exec-2] DEBUG o.s.data.mongodb.core.MongoTemplate - find using query: { "username" : "Farmer"} fields: Document{{}} for class: class com.agri.supplytracker.model.User in collection: users
2026-03-04 00:30:50.287 [http-nio-8080-exec-2] DEBUG o.s.security.web.FilterChainProxy - Secured GET /api/notifications/unread-count
2026-03-04 00:30:50.288 [http-nio-8080-exec-2] DEBUG o.s.d.m.r.query.MongoQueryCreator - Created query Query: { "recipientId" : "Farmer", "read" : false}, Fields: {}, Sort: {}
2026-03-04 00:30:50.289 [http-nio-8080-exec-2] DEBUG o.s.data.mongodb.core.MongoTemplate - Executing count: { "recipientId" : "Farmer", "read" : false} in collection: notifications
2026-03-04 00:31:20.265 [http-nio-8080-exec-9] DEBUG o.s.security.web.FilterChainProxy - Securing GET /api/notifications/unread-count
2026-03-04 00:31:20.267 [http-nio-8080-exec-9] DEBUG o.s.d.m.r.query.MongoQueryCreator - Created query Query: { "username" : "Farmer"}, Fields: {}, Sort: {}
2026-03-04 00:31:20.269 [http-nio-8080-exec-9] DEBUG o.s.data.mongodb.core.MongoTemplate - find using query: { "username" : "Farmer"} fields: Document{{}} for class: class com.agri.supplytracker.model.User in collection: users
2026-03-04 00:31:20.274 [http-nio-8080-exec-9] DEBUG o.s.security.web.FilterChainProxy - Secured GET /api/notifications/unread-count
2026-03-04 00:31:20.274 [http-nio-8080-exec-9] DEBUG o.s.d.m.r.query.MongoQueryCreator - Created query Query: { "recipientId" : "Farmer", "read" : false}, Fields: {}, Sort: {}
2026-03-04 00:31:20.275 [http-nio-8080-exec-9] DEBUG o.s.data.mongodb.core.MongoTemplate - Executing count: { "recipientId" : "Farmer", "read" : false} in collection: notifications
2026-03-04 00:31:28.733 [http-nio-8080-exec-10] DEBUG o.s.security.web.FilterChainProxy - Securing GET /api/notifications/unread-count
2026-03-04 00:31:28.736 [http-nio-8080-exec-10] DEBUG o.s.d.m.r.query.MongoQueryCreator - Created query Query: { "username" : "adminuser"}, Fields: {}, Sort: {}
2026-03-04 00:31:28.736 [http-nio-8080-exec-10] DEBUG o.s.data.mongodb.core.MongoTemplate - find using query: { "username" : "adminuser"} fields: Document{{}} for class: class com.agri.supplytracker.model.User in collection: users
2026-03-04 00:31:28.741 [http-nio-8080-exec-10] DEBUG o.s.security.web.FilterChainProxy - Secured GET /api/notifications/unread-count
2026-03-04 00:31:28.742 [http-nio-8080-exec-10] DEBUG o.s.d.m.r.query.MongoQueryCreator - Created query Query: { "recipientId" : "adminuser", "read" : false}, Fields: {}, Sort: {}
2026-03-04 00:31:28.742 [http-nio-8080-exec-10] DEBUG o.s.data.mongodb.core.MongoTemplate - Executing count: { "recipientId" : "adminuser", "read" : false} in collection: notifications
2026-03-04 00:31:50.273 [http-nio-8080-exec-3] DEBUG o.s.security.web.FilterChainProxy - Securing GET /api/notifications/unread-count
2026-03-04 00:31:50.277 [http-nio-8080-exec-3] DEBUG o.s.d.m.r.query.MongoQueryCreator - Created query Query: { "username" : "Farmer"}, Fields: {}, Sort: {}
2026-03-04 00:31:50.278 [http-nio-8080-exec-3] DEBUG o.s.data.mongodb.core.MongoTemplate - find using query: { "username" : "Farmer"} fields: Document{{}} for class: class com.agri.supplytracker.model.User in collection: users
2026-03-04 00:31:50.285 [http-nio-8080-exec-3] DEBUG o.s.security.web.FilterChainProxy - Secured GET /api/notifications/unread-count
2026-03-04 00:31:50.287 [http-nio-8080-exec-3] DEBUG o.s.d.m.r.query.MongoQueryCreator - Created query Query: { "recipientId" : "Farmer", "read" : false}, Fields: {}, Sort: {}
2026-03-04 00:31:50.287 [http-nio-8080-exec-3] DEBUG o.s.data.mongodb.core.MongoTemplate - Executing count: { "recipientId" : "Farmer", "read" : false} in collection: notifications
2026-03-04 00:32:20.270 [http-nio-8080-exec-1] DEBUG o.s.security.web.FilterChainProxy - Securing GET /api/notifications/unread-count
2026-03-04 00:32:20.275 [http-nio-8080-exec-1] DEBUG o.s.d.m.r.query.MongoQueryCreator - Created query Query: { "username" : "Farmer"}, Fields: {}, Sort: {}
2026-03-04 00:32:20.275 [http-nio-8080-exec-1] DEBUG o.s.data.mongodb.core.MongoTemplate - find using query: { "username" : "Farmer"} fields: Document{{}} for class: class com.agri.supplytracker.model.User in collection: users
2026-03-04 00:32:20.283 [http-nio-8080-exec-1] DEBUG o.s.security.web.FilterChainProxy - Secured GET /api/notifications/unread-count
2026-03-04 00:32:20.283 [http-nio-8080-exec-1] DEBUG o.s.d.m.r.query.MongoQueryCreator - Created query Query: { "recipientId" : "Farmer", "read" : false}, Fields: {}, Sort: {}
2026-03-04 00:32:20.284 [http-nio-8080-exec-1] DEBUG o.s.data.mongodb.core.MongoTemplate - Executing count: { "recipientId" : "Farmer", "read" : false} in collection: notifications
2026-03-04 00:32:28.737 [http-nio-8080-exec-4] DEBUG o.s.security.web.FilterChainProxy - Securing GET /api/notifications/unread-count
2026-03-04 00:32:28.740 [http-nio-8080-exec-4] DEBUG o.s.d.m.r.query.MongoQueryCreator - Created query Query: { "username" : "adminuser"}, Fields: {}, Sort: {}
2026-03-04 00:32:28.740 [http-nio-8080-exec-4] DEBUG o.s.data.mongodb.core.MongoTemplate - find using query: { "username" : "adminuser"} fields: Document{{}} for class: class com.agri.supplytracker.model.User in collection: users
2026-03-04 00:32:28.745 [http-nio-8080-exec-4] DEBUG o.s.security.web.FilterChainProxy - Secured GET /api/notifications/unread-count
2026-03-04 00:32:28.745 [http-nio-8080-exec-4] DEBUG o.s.d.m.r.query.MongoQueryCreator - Created query Query: { "recipientId" : "adminuser", "read" : false}, Fields: {}, Sort: {}
2026-03-04 00:32:28.746 [http-nio-8080-exec-4] DEBUG o.s.data.mongodb.core.MongoTemplate - Executing count: { "recipientId" : "adminuser", "read" : false} in collection: notifications
2026-03-04 00:32:50.280 [http-nio-8080-exec-5] DEBUG o.s.security.web.FilterChainProxy - Securing GET /api/notifications/unread-count
2026-03-04 00:32:50.283 [http-nio-8080-exec-5] DEBUG o.s.d.m.r.query.MongoQueryCreator - Created query Query: { "username" : "Farmer"}, Fields: {}, Sort: {}
2026-03-04 00:32:50.284 [http-nio-8080-exec-5] DEBUG o.s.data.mongodb.core.MongoTemplate - find using query: { "username" : "Farmer"} fields: Document{{}} for class: class com.agri.supplytracker.model.User in collection: users
2026-03-04 00:32:50.292 [http-nio-8080-exec-5] DEBUG o.s.security.web.FilterChainProxy - Secured GET /api/notifications/unread-count
2026-03-04 00:32:50.293 [http-nio-8080-exec-5] DEBUG o.s.d.m.r.query.MongoQueryCreator - Created query Query: { "recipientId" : "Farmer", "read" : false}, Fields: {}, Sort: {}
2026-03-04 00:32:50.293 [http-nio-8080-exec-5] DEBUG o.s.data.mongodb.core.MongoTemplate - Executing count: { "recipientId" : "Farmer", "read" : false} in collection: notifications
2026-03-04 00:33:20.277 [http-nio-8080-exec-6] DEBUG o.s.security.web.FilterChainProxy - Securing GET /api/notifications/unread-count
2026-03-04 00:33:20.281 [http-nio-8080-exec-6] DEBUG o.s.d.m.r.query.MongoQueryCreator - Created query Query: { "username" : "Farmer"}, Fields: {}, Sort: {}
2026-03-04 00:33:20.281 [http-nio-8080-exec-6] DEBUG o.s.data.mongodb.core.MongoTemplate - find using query: { "username" : "Farmer"} fields: Document{{}} for class: class com.agri.supplytracker.model.User in collection: users
2026-03-04 00:33:20.290 [http-nio-8080-exec-6] DEBUG o.s.security.web.FilterChainProxy - Secured GET /api/notifications/unread-count
2026-03-04 00:33:20.291 [http-nio-8080-exec-6] DEBUG o.s.d.m.r.query.MongoQueryCreator - Created query Query: { "recipientId" : "Farmer", "read" : false}, Fields: {}, Sort: {}
2026-03-04 00:33:20.292 [http-nio-8080-exec-6] DEBUG o.s.data.mongodb.core.MongoTemplate - Executing count: { "recipientId" : "Farmer", "read" : false} in collection: notifications
2026-03-04 00:33:28.738 [http-nio-8080-exec-8] DEBUG o.s.security.web.FilterChainProxy - Securing GET /api/notifications/unread-count
2026-03-04 00:33:28.740 [http-nio-8080-exec-8] DEBUG o.s.d.m.r.query.MongoQueryCreator - Created query Query: { "username" : "adminuser"}, Fields: {}, Sort: {}
2026-03-04 00:33:28.741 [http-nio-8080-exec-8] DEBUG o.s.data.mongodb.core.MongoTemplate - find using query: { "username" : "adminuser"} fields: Document{{}} for class: class com.agri.supplytracker.model.User in collection: users
2026-03-04 00:33:28.745 [http-nio-8080-exec-8] DEBUG o.s.security.web.FilterChainProxy - Secured GET /api/notifications/unread-count
2026-03-04 00:33:28.747 [http-nio-8080-exec-8] DEBUG o.s.d.m.r.query.MongoQueryCreator - Created query Query: { "recipientId" : "adminuser", "read" : false}, Fields: {}, Sort: {}
2026-03-04 00:33:28.747 [http-nio-8080-exec-8] DEBUG o.s.data.mongodb.core.MongoTemplate - Executing count: { "recipientId" : "adminuser", "read" : false} in collection: notifications
2026-03-04 00:33:50.272 [http-nio-8080-exec-7] DEBUG o.s.security.web.FilterChainProxy - Securing GET /api/notifications/unread-count
2026-03-04 00:33:50.276 [http-nio-8080-exec-7] DEBUG o.s.d.m.r.query.MongoQueryCreator - Created query Query: { "username" : "Farmer"}, Fields: {}, Sort: {}
2026-03-04 00:33:50.277 [http-nio-8080-exec-7] DEBUG o.s.data.mongodb.core.MongoTemplate - find using query: { "username" : "Farmer"} fields: Document{{}} for class: class com.agri.supplytracker.model.User in collection: users
2026-03-04 00:33:50.284 [http-nio-8080-exec-7] DEBUG o.s.security.web.FilterChainProxy - Secured GET /api/notifications/unread-count
2026-03-04 00:33:50.286 [http-nio-8080-exec-7] DEBUG o.s.d.m.r.query.MongoQueryCreator - Created query Query: { "recipientId" : "Farmer", "read" : false}, Fields: {}, Sort: {}
2026-03-04 00:33:50.287 [http-nio-8080-exec-7] DEBUG o.s.data.mongodb.core.MongoTemplate - Executing count: { "recipientId" : "Farmer", "read" : false} in collection: notifications
2026-03-04 00:34:20.269 [http-nio-8080-exec-2] DEBUG o.s.security.web.FilterChainProxy - Securing GET /api/notifications/unread-count
2026-03-04 00:34:20.273 [http-nio-8080-exec-2] DEBUG o.s.d.m.r.query.MongoQueryCreator - Created query Query: { "username" : "Farmer"}, Fields: {}, Sort: {}
2026-03-04 00:34:20.274 [http-nio-8080-exec-2] DEBUG o.s.data.mongodb.core.MongoTemplate - find using query: { "username" : "Farmer"} fields: Document{{}} for class: class com.agri.supplytracker.model.User in collection: users
2026-03-04 00:34:20.281 [http-nio-8080-exec-2] DEBUG o.s.security.web.FilterChainProxy - Secured GET /api/notifications/unread-count
2026-03-04 00:34:20.282 [http-nio-8080-exec-2] DEBUG o.s.d.m.r.query.MongoQueryCreator - Created query Query: { "recipientId" : "Farmer", "read" : false}, Fields: {}, Sort: {}
2026-03-04 00:34:20.283 [http-nio-8080-exec-2] DEBUG o.s.data.mongodb.core.MongoTemplate - Executing count: { "recipientId" : "Farmer", "read" : false} in collection: notifications
2026-03-04 00:34:28.732 [http-nio-8080-exec-9] DEBUG o.s.security.web.FilterChainProxy - Securing GET /api/notifications/unread-count
2026-03-04 00:34:28.738 [http-nio-8080-exec-9] DEBUG o.s.d.m.r.query.MongoQueryCreator - Created query Query: { "username" : "adminuser"}, Fields: {}, Sort: {}
2026-03-04 00:34:28.741 [http-nio-8080-exec-9] DEBUG o.s.data.mongodb.core.MongoTemplate - find using query: { "username" : "adminuser"} fields: Document{{}} for class: class com.agri.supplytracker.model.User in collection: users
2026-03-04 00:34:28.749 [http-nio-8080-exec-9] DEBUG o.s.security.web.FilterChainProxy - Secured GET /api/notifications/unread-count
2026-03-04 00:34:28.750 [http-nio-8080-exec-9] DEBUG o.s.d.m.r.query.MongoQueryCreator - Created query Query: { "recipientId" : "adminuser", "read" : false}, Fields: {}, Sort: {}
2026-03-04 00:34:28.750 [http-nio-8080-exec-9] DEBUG o.s.data.mongodb.core.MongoTemplate - Executing count: { "recipientId" : "adminuser", "read" : false} in collection: notifications
2026-03-04 00:34:50.274 [http-nio-8080-exec-10] DEBUG o.s.security.web.FilterChainProxy - Securing GET /api/notifications/unread-count
2026-03-04 00:34:50.278 [http-nio-8080-exec-10] DEBUG o.s.d.m.r.query.MongoQueryCreator - Created query Query: { "username" : "Farmer"}, Fields: {}, Sort: {}
2026-03-04 00:34:50.279 [http-nio-8080-exec-10] DEBUG o.s.data.mongodb.core.MongoTemplate - find using query: { "username" : "Farmer"} fields: Document{{}} for class: class com.agri.supplytracker.model.User in collection: users
2026-03-04 00:34:50.286 [http-nio-8080-exec-10] DEBUG o.s.security.web.FilterChainProxy - Secured GET /api/notifications/unread-count
2026-03-04 00:34:50.287 [http-nio-8080-exec-10] DEBUG o.s.d.m.r.query.MongoQueryCreator - Created query Query: { "recipientId" : "Farmer", "read" : false}, Fields: {}, Sort: {}
2026-03-04 00:34:50.287 [http-nio-8080-exec-10] DEBUG o.s.data.mongodb.core.MongoTemplate - Executing count: { "recipientId" : "Farmer", "read" : false} in collection: notifications
2026-03-04 00:35:20.266 [http-nio-8080-exec-3] DEBUG o.s.security.web.FilterChainProxy - Securing GET /api/notifications/unread-count
2026-03-04 00:35:20.268 [http-nio-8080-exec-3] DEBUG o.s.d.m.r.query.MongoQueryCreator - Created query Query: { "username" : "Farmer"}, Fields: {}, Sort: {}
2026-03-04 00:35:20.268 [http-nio-8080-exec-3] DEBUG o.s.data.mongodb.core.MongoTemplate - find using query: { "username" : "Farmer"} fields: Document{{}} for class: class com.agri.supplytracker.model.User in collection: users
2026-03-04 00:35:20.272 [http-nio-8080-exec-3] DEBUG o.s.security.web.FilterChainProxy - Secured GET /api/notifications/unread-count
2026-03-04 00:35:20.273 [http-nio-8080-exec-3] DEBUG o.s.d.m.r.query.MongoQueryCreator - Created query Query: { "recipientId" : "Farmer", "read" : false}, Fields: {}, Sort: {}
2026-03-04 00:35:20.273 [http-nio-8080-exec-3] DEBUG o.s.data.mongodb.core.MongoTemplate - Executing count: { "recipientId" : "Farmer", "read" : false} in collection: notifications
2026-03-04 00:35:28.724 [http-nio-8080-exec-1] DEBUG o.s.security.web.FilterChainProxy - Securing GET /api/notifications/unread-count
2026-03-04 00:35:28.727 [http-nio-8080-exec-1] DEBUG o.s.d.m.r.query.MongoQueryCreator - Created query Query: { "username" : "adminuser"}, Fields: {}, Sort: {}
2026-03-04 00:35:28.727 [http-nio-8080-exec-1] DEBUG o.s.data.mongodb.core.MongoTemplate - find using query: { "username" : "adminuser"} fields: Document{{}} for class: class com.agri.supplytracker.model.User in collection: users
2026-03-04 00:35:28.732 [http-nio-8080-exec-1] DEBUG o.s.security.web.FilterChainProxy - Secured GET /api/notifications/unread-count
2026-03-04 00:35:28.732 [http-nio-8080-exec-1] DEBUG o.s.d.m.r.query.MongoQueryCreator - Created query Query: { "recipientId" : "adminuser", "read" : false}, Fields: {}, Sort: {}
2026-03-04 00:35:28.733 [http-nio-8080-exec-1] DEBUG o.s.data.mongodb.core.MongoTemplate - Executing count: { "recipientId" : "adminuser", "read" : false} in collection: notifications
2026-03-04 00:35:50.275 [http-nio-8080-exec-4] DEBUG o.s.security.web.FilterChainProxy - Securing GET /api/notifications/unread-count
2026-03-04 00:35:50.278 [http-nio-8080-exec-4] DEBUG o.s.d.m.r.query.MongoQueryCreator - Created query Query: { "username" : "Farmer"}, Fields: {}, Sort: {}
2026-03-04 00:35:50.278 [http-nio-8080-exec-4] DEBUG o.s.data.mongodb.core.MongoTemplate - find using query: { "username" : "Farmer"} fields: Document{{}} for class: class com.agri.supplytracker.model.User in collection: users
2026-03-04 00:35:50.285 [http-nio-8080-exec-4] DEBUG o.s.security.web.FilterChainProxy - Secured GET /api/notifications/unread-count
2026-03-04 00:35:50.286 [http-nio-8080-exec-4] DEBUG o.s.d.m.r.query.MongoQueryCreator - Created query Query: { "recipientId" : "Farmer", "read" : false}, Fields: {}, Sort: {}
2026-03-04 00:35:50.286 [http-nio-8080-exec-4] DEBUG o.s.data.mongodb.core.MongoTemplate - Executing count: { "recipientId" : "Farmer", "read" : false} in collection: notifications
2026-03-04 00:36:20.278 [http-nio-8080-exec-5] DEBUG o.s.security.web.FilterChainProxy - Securing GET /api/notifications/unread-count
2026-03-04 00:36:20.281 [http-nio-8080-exec-5] DEBUG o.s.d.m.r.query.MongoQueryCreator - Created query Query: { "username" : "Farmer"}, Fields: {}, Sort: {}
2026-03-04 00:36:20.282 [http-nio-8080-exec-5] DEBUG o.s.data.mongodb.core.MongoTemplate - find using query: { "username" : "Farmer"} fields: Document{{}} for class: class com.agri.supplytracker.model.User in collection: users
2026-03-04 00:36:20.288 [http-nio-8080-exec-5] DEBUG o.s.security.web.FilterChainProxy - Secured GET /api/notifications/unread-count
2026-03-04 00:36:20.288 [http-nio-8080-exec-5] DEBUG o.s.d.m.r.query.MongoQueryCreator - Created query Query: { "recipientId" : "Farmer", "read" : false}, Fields: {}, Sort: {}
2026-03-04 00:36:20.289 [http-nio-8080-exec-5] DEBUG o.s.data.mongodb.core.MongoTemplate - Executing count: { "recipientId" : "Farmer", "read" : false} in collection: notifications
2026-03-04 00:36:28.735 [http-nio-8080-exec-6] DEBUG o.s.security.web.FilterChainProxy - Securing GET /api/notifications/unread-count
2026-03-04 00:36:28.737 [http-nio-8080-exec-6] DEBUG o.s.d.m.r.query.MongoQueryCreator - Created query Query: { "username" : "adminuser"}, Fields: {}, Sort: {}
2026-03-04 00:36:28.738 [http-nio-8080-exec-6] DEBUG o.s.data.mongodb.core.MongoTemplate - find using query: { "username" : "adminuser"} fields: Document{{}} for class: class com.agri.supplytracker.model.User in collection: users
2026-03-04 00:36:28.743 [http-nio-8080-exec-6] DEBUG o.s.security.web.FilterChainProxy - Secured GET /api/notifications/unread-count
2026-03-04 00:36:28.744 [http-nio-8080-exec-6] DEBUG o.s.d.m.r.query.MongoQueryCreator - Created query Query: { "recipientId" : "adminuser", "read" : false}, Fields: {}, Sort: {}
2026-03-04 00:36:28.744 [http-nio-8080-exec-6] DEBUG o.s.data.mongodb.core.MongoTemplate - Executing count: { "recipientId" : "adminuser", "read" : false} in collection: notifications
2026-03-04 00:36:50.267 [http-nio-8080-exec-8] DEBUG o.s.security.web.FilterChainProxy - Securing GET /api/notifications/unread-count
2026-03-04 00:36:50.271 [http-nio-8080-exec-8] DEBUG o.s.d.m.r.query.MongoQueryCreator - Created query Query: { "username" : "Farmer"}, Fields: {}, Sort: {}
2026-03-04 00:36:50.272 [http-nio-8080-exec-8] DEBUG o.s.data.mongodb.core.MongoTemplate - find using query: { "username" : "Farmer"} fields: Document{{}} for class: class com.agri.supplytracker.model.User in collection: users
2026-03-04 00:36:50.279 [http-nio-8080-exec-8] DEBUG o.s.security.web.FilterChainProxy - Secured GET /api/notifications/unread-count
2026-03-04 00:36:50.280 [http-nio-8080-exec-8] DEBUG o.s.d.m.r.query.MongoQueryCreator - Created query Query: { "recipientId" : "Farmer", "read" : false}, Fields: {}, Sort: {}
2026-03-04 00:36:50.281 [http-nio-8080-exec-8] DEBUG o.s.data.mongodb.core.MongoTemplate - Executing count: { "recipientId" : "Farmer", "read" : false} in collection: notifications
2026-03-04 00:37:20.271 [http-nio-8080-exec-7] DEBUG o.s.security.web.FilterChainProxy - Securing GET /api/notifications/unread-count
2026-03-04 00:37:20.276 [http-nio-8080-exec-7] DEBUG o.s.d.m.r.query.MongoQueryCreator - Created query Query: { "username" : "Farmer"}, Fields: {}, Sort: {}
2026-03-04 00:37:20.276 [http-nio-8080-exec-7] DEBUG o.s.data.mongodb.core.MongoTemplate - find using query: { "username" : "Farmer"} fields: Document{{}} for class: class com.agri.supplytracker.model.User in collection: users
2026-03-04 00:37:20.284 [http-nio-8080-exec-7] DEBUG o.s.security.web.FilterChainProxy - Secured GET /api/notifications/unread-count
2026-03-04 00:37:20.285 [http-nio-8080-exec-7] DEBUG o.s.d.m.r.query.MongoQueryCreator - Created query Query: { "recipientId" : "Farmer", "read" : false}, Fields: {}, Sort: {}
2026-03-04 00:37:20.285 [http-nio-8080-exec-7] DEBUG o.s.data.mongodb.core.MongoTemplate - Executing count: { "recipientId" : "Farmer", "read" : false} in collection: notifications
2026-03-04 00:37:28.740 [http-nio-8080-exec-2] DEBUG o.s.security.web.FilterChainProxy - Securing GET /api/notifications/unread-count
2026-03-04 00:37:28.743 [http-nio-8080-exec-2] DEBUG o.s.d.m.r.query.MongoQueryCreator - Created query Query: { "username" : "adminuser"}, Fields: {}, Sort: {}
2026-03-04 00:37:28.744 [http-nio-8080-exec-2] DEBUG o.s.data.mongodb.core.MongoTemplate - find using query: { "username" : "adminuser"} fields: Document{{}} for class: class com.agri.supplytracker.model.User in collection: users
2026-03-04 00:37:28.749 [http-nio-8080-exec-2] DEBUG o.s.security.web.FilterChainProxy - Secured GET /api/notifications/unread-count
2026-03-04 00:37:28.749 [http-nio-8080-exec-2] DEBUG o.s.d.m.r.query.MongoQueryCreator - Created query Query: { "recipientId" : "adminuser", "read" : false}, Fields: {}, Sort: {}
2026-03-04 00:37:28.749 [http-nio-8080-exec-2] DEBUG o.s.data.mongodb.core.MongoTemplate - Executing count: { "recipientId" : "adminuser", "read" : false} in collection: notifications
2026-03-04 00:37:50.281 [http-nio-8080-exec-9] DEBUG o.s.security.web.FilterChainProxy - Securing GET /api/notifications/unread-count
2026-03-04 00:37:50.285 [http-nio-8080-exec-9] DEBUG o.s.d.m.r.query.MongoQueryCreator - Created query Query: { "username" : "Farmer"}, Fields: {}, Sort: {}
2026-03-04 00:37:50.286 [http-nio-8080-exec-9] DEBUG o.s.data.mongodb.core.MongoTemplate - find using query: { "username" : "Farmer"} fields: Document{{}} for class: class com.agri.supplytracker.model.User in collection: users
2026-03-04 00:37:50.293 [http-nio-8080-exec-9] DEBUG o.s.security.web.FilterChainProxy - Secured GET /api/notifications/unread-count
2026-03-04 00:37:50.294 [http-nio-8080-exec-9] DEBUG o.s.d.m.r.query.MongoQueryCreator - Created query Query: { "recipientId" : "Farmer", "read" : false}, Fields: {}, Sort: {}
2026-03-04 00:37:50.294 [http-nio-8080-exec-9] DEBUG o.s.data.mongodb.core.MongoTemplate - Executing count: { "recipientId" : "Farmer", "read" : false} in collection: notifications
2026-03-04 00:38:20.273 [http-nio-8080-exec-10] DEBUG o.s.security.web.FilterChainProxy - Securing GET /api/notifications/unread-count
2026-03-04 00:38:20.277 [http-nio-8080-exec-10] DEBUG o.s.d.m.r.query.MongoQueryCreator - Created query Query: { "username" : "Farmer"}, Fields: {}, Sort: {}
2026-03-04 00:38:20.278 [http-nio-8080-exec-10] DEBUG o.s.data.mongodb.core.MongoTemplate - find using query: { "username" : "Farmer"} fields: Document{{}} for class: class com.agri.supplytracker.model.User in collection: users
2026-03-04 00:38:20.286 [http-nio-8080-exec-10] DEBUG o.s.security.web.FilterChainProxy - Secured GET /api/notifications/unread-count
2026-03-04 00:38:20.287 [http-nio-8080-exec-10] DEBUG o.s.d.m.r.query.MongoQueryCreator - Created query Query: { "recipientId" : "Farmer", "read" : false}, Fields: {}, Sort: {}
2026-03-04 00:38:20.287 [http-nio-8080-exec-10] DEBUG o.s.data.mongodb.core.MongoTemplate - Executing count: { "recipientId" : "Farmer", "read" : false} in collection: notifications
2026-03-04 00:38:28.729 [http-nio-8080-exec-3] DEBUG o.s.security.web.FilterChainProxy - Securing GET /api/notifications/unread-count
2026-03-04 00:38:28.732 [http-nio-8080-exec-3] DEBUG o.s.d.m.r.query.MongoQueryCreator - Created query Query: { "username" : "adminuser"}, Fields: {}, Sort: {}
2026-03-04 00:38:28.733 [http-nio-8080-exec-3] DEBUG o.s.data.mongodb.core.MongoTemplate - find using query: { "username" : "adminuser"} fields: Document{{}} for class: class com.agri.supplytracker.model.User in collection: users
2026-03-04 00:38:28.738 [http-nio-8080-exec-3] DEBUG o.s.security.web.FilterChainProxy - Secured GET /api/notifications/unread-count
2026-03-04 00:38:28.739 [http-nio-8080-exec-3] DEBUG o.s.d.m.r.query.MongoQueryCreator - Created query Query: { "recipientId" : "adminuser", "read" : false}, Fields: {}, Sort: {}
2026-03-04 00:38:28.739 [http-nio-8080-exec-3] DEBUG o.s.data.mongodb.core.MongoTemplate - Executing count: { "recipientId" : "adminuser", "read" : false} in collection: notifications
2026-03-04 00:38:50.277 [http-nio-8080-exec-1] DEBUG o.s.security.web.FilterChainProxy - Securing GET /api/notifications/unread-count
2026-03-04 00:38:50.279 [http-nio-8080-exec-1] DEBUG o.s.d.m.r.query.MongoQueryCreator - Created query Query: { "username" : "Farmer"}, Fields: {}, Sort: {}
2026-03-04 00:38:50.279 [http-nio-8080-exec-1] DEBUG o.s.data.mongodb.core.MongoTemplate - find using query: { "username" : "Farmer"} fields: Document{{}} for class: class com.agri.supplytracker.model.User in collection: users
2026-03-04 00:38:50.283 [http-nio-8080-exec-1] DEBUG o.s.security.web.FilterChainProxy - Secured GET /api/notifications/unread-count
2026-03-04 00:38:50.283 [http-nio-8080-exec-1] DEBUG o.s.d.m.r.query.MongoQueryCreator - Created query Query: { "recipientId" : "Farmer", "read" : false}, Fields: {}, Sort: {}
2026-03-04 00:38:50.283 [http-nio-8080-exec-1] DEBUG o.s.data.mongodb.core.MongoTemplate - Executing count: { "recipientId" : "Farmer", "read" : false} in collection: notifications
2026-03-04 00:39:20.276 [http-nio-8080-exec-4] DEBUG o.s.security.web.FilterChainProxy - Securing GET /api/notifications/unread-count
2026-03-04 00:39:20.279 [http-nio-8080-exec-4] DEBUG o.s.d.m.r.query.MongoQueryCreator - Created query Query: { "username" : "Farmer"}, Fields: {}, Sort: {}
2026-03-04 00:39:20.279 [http-nio-8080-exec-4] DEBUG o.s.data.mongodb.core.MongoTemplate - find using query: { "username" : "Farmer"} fields: Document{{}} for class: class com.agri.supplytracker.model.User in collection: users
2026-03-04 00:39:20.285 [http-nio-8080-exec-4] DEBUG o.s.security.web.FilterChainProxy - Secured GET /api/notifications/unread-count
2026-03-04 00:39:20.286 [http-nio-8080-exec-4] DEBUG o.s.d.m.r.query.MongoQueryCreator - Created query Query: { "recipientId" : "Farmer", "read" : false}, Fields: {}, Sort: {}
2026-03-04 00:39:20.286 [http-nio-8080-exec-4] DEBUG o.s.data.mongodb.core.MongoTemplate - Executing count: { "recipientId" : "Farmer", "read" : false} in collection: notifications
2026-03-04 00:39:28.728 [http-nio-8080-exec-5] DEBUG o.s.security.web.FilterChainProxy - Securing GET /api/notifications/unread-count
2026-03-04 00:39:28.731 [http-nio-8080-exec-5] DEBUG o.s.d.m.r.query.MongoQueryCreator - Created query Query: { "username" : "adminuser"}, Fields: {}, Sort: {}
2026-03-04 00:39:28.731 [http-nio-8080-exec-5] DEBUG o.s.data.mongodb.core.MongoTemplate - find using query: { "username" : "adminuser"} fields: Document{{}} for class: class com.agri.supplytracker.model.User in collection: users
2026-03-04 00:39:28.736 [http-nio-8080-exec-5] DEBUG o.s.security.web.FilterChainProxy - Secured GET /api/notifications/unread-count
2026-03-04 00:39:28.737 [http-nio-8080-exec-5] DEBUG o.s.d.m.r.query.MongoQueryCreator - Created query Query: { "recipientId" : "adminuser", "read" : false}, Fields: {}, Sort: {}
2026-03-04 00:39:28.737 [http-nio-8080-exec-5] DEBUG o.s.data.mongodb.core.MongoTemplate - Executing count: { "recipientId" : "adminuser", "read" : false} in collection: notifications
2026-03-04 00:39:50.281 [http-nio-8080-exec-6] DEBUG o.s.security.web.FilterChainProxy - Securing GET /api/notifications/unread-count
2026-03-04 00:39:50.285 [http-nio-8080-exec-6] DEBUG o.s.d.m.r.query.MongoQueryCreator - Created query Query: { "username" : "Farmer"}, Fields: {}, Sort: {}
2026-03-04 00:39:50.286 [http-nio-8080-exec-6] DEBUG o.s.data.mongodb.core.MongoTemplate - find using query: { "username" : "Farmer"} fields: Document{{}} for class: class com.agri.supplytracker.model.User in collection: users
2026-03-04 00:39:50.295 [http-nio-8080-exec-6] DEBUG o.s.security.web.FilterChainProxy - Secured GET /api/notifications/unread-count
2026-03-04 00:39:50.296 [http-nio-8080-exec-6] DEBUG o.s.d.m.r.query.MongoQueryCreator - Created query Query: { "recipientId" : "Farmer", "read" : false}, Fields: {}, Sort: {}
2026-03-04 00:39:50.297 [http-nio-8080-exec-6] DEBUG o.s.data.mongodb.core.MongoTemplate - Executing count: { "recipientId" : "Farmer", "read" : false} in collection: notifications
2026-03-04 00:40:20.271 [http-nio-8080-exec-8] DEBUG o.s.security.web.FilterChainProxy - Securing GET /api/notifications/unread-count
2026-03-04 00:40:20.275 [http-nio-8080-exec-8] DEBUG o.s.d.m.r.query.MongoQueryCreator - Created query Query: { "username" : "Farmer"}, Fields: {}, Sort: {}
2026-03-04 00:40:20.276 [http-nio-8080-exec-8] DEBUG o.s.data.mongodb.core.MongoTemplate - find using query: { "username" : "Farmer"} fields: Document{{}} for class: class com.agri.supplytracker.model.User in collection: users
2026-03-04 00:40:20.284 [http-nio-8080-exec-8] DEBUG o.s.security.web.FilterChainProxy - Secured GET /api/notifications/unread-count
2026-03-04 00:40:20.285 [http-nio-8080-exec-8] DEBUG o.s.d.m.r.query.MongoQueryCreator - Created query Query: { "recipientId" : "Farmer", "read" : false}, Fields: {}, Sort: {}
2026-03-04 00:40:20.286 [http-nio-8080-exec-8] DEBUG o.s.data.mongodb.core.MongoTemplate - Executing count: { "recipientId" : "Farmer", "read" : false} in collection: notifications
2026-03-04 00:40:28.759 [http-nio-8080-exec-7] DEBUG o.s.security.web.FilterChainProxy - Securing GET /api/notifications/unread-count
2026-03-04 00:40:28.761 [http-nio-8080-exec-7] DEBUG o.s.d.m.r.query.MongoQueryCreator - Created query Query: { "username" : "adminuser"}, Fields: {}, Sort: {}
2026-03-04 00:40:28.761 [http-nio-8080-exec-7] DEBUG o.s.data.mongodb.core.MongoTemplate - find using query: { "username" : "adminuser"} fields: Document{{}} for class: class com.agri.supplytracker.model.User in collection: users
2026-03-04 00:40:28.767 [http-nio-8080-exec-7] DEBUG o.s.security.web.FilterChainProxy - Secured GET /api/notifications/unread-count
2026-03-04 00:40:28.768 [http-nio-8080-exec-7] DEBUG o.s.d.m.r.query.MongoQueryCreator - Created query Query: { "recipientId" : "adminuser", "read" : false}, Fields: {}, Sort: {}
2026-03-04 00:40:28.768 [http-nio-8080-exec-7] DEBUG o.s.data.mongodb.core.MongoTemplate - Executing count: { "recipientId" : "adminuser", "read" : false} in collection: notifications
2026-03-04 00:40:50.277 [http-nio-8080-exec-2] DEBUG o.s.security.web.FilterChainProxy - Securing GET /api/notifications/unread-count
2026-03-04 00:40:50.280 [http-nio-8080-exec-2] DEBUG o.s.d.m.r.query.MongoQueryCreator - Created query Query: { "username" : "Farmer"}, Fields: {}, Sort: {}
2026-03-04 00:40:50.281 [http-nio-8080-exec-2] DEBUG o.s.data.mongodb.core.MongoTemplate - find using query: { "username" : "Farmer"} fields: Document{{}} for class: class com.agri.supplytracker.model.User in collection: users
2026-03-04 00:40:50.288 [http-nio-8080-exec-2] DEBUG o.s.security.web.FilterChainProxy - Secured GET /api/notifications/unread-count
2026-03-04 00:40:50.289 [http-nio-8080-exec-2] DEBUG o.s.d.m.r.query.MongoQueryCreator - Created query Query: { "recipientId" : "Farmer", "read" : false}, Fields: {}, Sort: {}
2026-03-04 00:40:50.290 [http-nio-8080-exec-2] DEBUG o.s.data.mongodb.core.MongoTemplate - Executing count: { "recipientId" : "Farmer", "read" : false} in collection: notifications
2026-03-04 00:41:20.269 [http-nio-8080-exec-9] DEBUG o.s.security.web.FilterChainProxy - Securing GET /api/notifications/unread-count
2026-03-04 00:41:20.272 [http-nio-8080-exec-9] DEBUG o.s.d.m.r.query.MongoQueryCreator - Created query Query: { "username" : "Farmer"}, Fields: {}, Sort: {}
2026-03-04 00:41:20.273 [http-nio-8080-exec-9] DEBUG o.s.data.mongodb.core.MongoTemplate - find using query: { "username" : "Farmer"} fields: Document{{}} for class: class com.agri.supplytracker.model.User in collection: users
2026-03-04 00:41:20.279 [http-nio-8080-exec-9] DEBUG o.s.security.web.FilterChainProxy - Secured GET /api/notifications/unread-count
2026-03-04 00:41:20.280 [http-nio-8080-exec-9] DEBUG o.s.d.m.r.query.MongoQueryCreator - Created query Query: { "recipientId" : "Farmer", "read" : false}, Fields: {}, Sort: {}
2026-03-04 00:41:20.281 [http-nio-8080-exec-9] DEBUG o.s.data.mongodb.core.MongoTemplate - Executing count: { "recipientId" : "Farmer", "read" : false} in collection: notifications
2026-03-04 00:41:28.731 [http-nio-8080-exec-10] DEBUG o.s.security.web.FilterChainProxy - Securing GET /api/notifications/unread-count
2026-03-04 00:41:28.733 [http-nio-8080-exec-10] DEBUG o.s.d.m.r.query.MongoQueryCreator - Created query Query: { "username" : "adminuser"}, Fields: {}, Sort: {}
2026-03-04 00:41:28.733 [http-nio-8080-exec-10] DEBUG o.s.data.mongodb.core.MongoTemplate - find using query: { "username" : "adminuser"} fields: Document{{}} for class: class com.agri.supplytracker.model.User in collection: users
2026-03-04 00:41:28.739 [http-nio-8080-exec-10] DEBUG o.s.security.web.FilterChainProxy - Secured GET /api/notifications/unread-count
2026-03-04 00:41:28.740 [http-nio-8080-exec-10] DEBUG o.s.d.m.r.query.MongoQueryCreator - Created query Query: { "recipientId" : "adminuser", "read" : false}, Fields: {}, Sort: {}
2026-03-04 00:41:28.740 [http-nio-8080-exec-10] DEBUG o.s.data.mongodb.core.MongoTemplate - Executing count: { "recipientId" : "adminuser", "read" : false} in collection: notifications
2026-03-04 00:41:50.273 [http-nio-8080-exec-3] DEBUG o.s.security.web.FilterChainProxy - Securing GET /api/notifications/unread-count
2026-03-04 00:41:50.277 [http-nio-8080-exec-3] DEBUG o.s.d.m.r.query.MongoQueryCreator - Created query Query: { "username" : "Farmer"}, Fields: {}, Sort: {}
2026-03-04 00:41:50.278 [http-nio-8080-exec-3] DEBUG o.s.data.mongodb.core.MongoTemplate - find using query: { "username" : "Farmer"} fields: Document{{}} for class: class com.agri.supplytracker.model.User in collection: users
2026-03-04 00:41:50.287 [http-nio-8080-exec-3] DEBUG o.s.security.web.FilterChainProxy - Secured GET /api/notifications/unread-count
2026-03-04 00:41:50.288 [http-nio-8080-exec-3] DEBUG o.s.d.m.r.query.MongoQueryCreator - Created query Query: { "recipientId" : "Farmer", "read" : false}, Fields: {}, Sort: {}
2026-03-04 00:41:50.289 [http-nio-8080-exec-3] DEBUG o.s.data.mongodb.core.MongoTemplate - Executing count: { "recipientId" : "Farmer", "read" : false} in collection: notifications
2026-03-04 00:42:20.280 [http-nio-8080-exec-1] DEBUG o.s.security.web.FilterChainProxy - Securing GET /api/notifications/unread-count
2026-03-04 00:42:20.283 [http-nio-8080-exec-1] DEBUG o.s.d.m.r.query.MongoQueryCreator - Created query Query: { "username" : "Farmer"}, Fields: {}, Sort: {}
2026-03-04 00:42:20.284 [http-nio-8080-exec-1] DEBUG o.s.data.mongodb.core.MongoTemplate - find using query: { "username" : "Farmer"} fields: Document{{}} for class: class com.agri.supplytracker.model.User in collection: users
2026-03-04 00:42:20.288 [http-nio-8080-exec-1] DEBUG o.s.security.web.FilterChainProxy - Secured GET /api/notifications/unread-count
2026-03-04 00:42:20.288 [http-nio-8080-exec-1] DEBUG o.s.d.m.r.query.MongoQueryCreator - Created query Query: { "recipientId" : "Farmer", "read" : false}, Fields: {}, Sort: {}
2026-03-04 00:42:20.288 [http-nio-8080-exec-1] DEBUG o.s.data.mongodb.core.MongoTemplate - Executing count: { "recipientId" : "Farmer", "read" : false} in collection: notifications
2026-03-04 00:42:28.737 [http-nio-8080-exec-4] DEBUG o.s.security.web.FilterChainProxy - Securing GET /api/notifications/unread-count
2026-03-04 00:42:28.741 [http-nio-8080-exec-4] DEBUG o.s.d.m.r.query.MongoQueryCreator - Created query Query: { "username" : "adminuser"}, Fields: {}, Sort: {}
2026-03-04 00:42:28.741 [http-nio-8080-exec-4] DEBUG o.s.data.mongodb.core.MongoTemplate - find using query: { "username" : "adminuser"} fields: Document{{}} for class: class com.agri.supplytracker.model.User in collection: users
2026-03-04 00:42:28.746 [http-nio-8080-exec-4] DEBUG o.s.security.web.FilterChainProxy - Secured GET /api/notifications/unread-count
2026-03-04 00:42:28.747 [http-nio-8080-exec-4] DEBUG o.s.d.m.r.query.MongoQueryCreator - Created query Query: { "recipientId" : "adminuser", "read" : false}, Fields: {}, Sort: {}
2026-03-04 00:42:28.747 [http-nio-8080-exec-4] DEBUG o.s.data.mongodb.core.MongoTemplate - Executing count: { "recipientId" : "adminuser", "read" : false} in collection: notifications
2026-03-04 00:42:50.278 [http-nio-8080-exec-5] DEBUG o.s.security.web.FilterChainProxy - Securing GET /api/notifications/unread-count
2026-03-04 00:42:50.280 [http-nio-8080-exec-5] DEBUG o.s.d.m.r.query.MongoQueryCreator - Created query Query: { "username" : "Farmer"}, Fields: {}, Sort: {}
2026-03-04 00:42:50.280 [http-nio-8080-exec-5] DEBUG o.s.data.mongodb.core.MongoTemplate - find using query: { "username" : "Farmer"} fields: Document{{}} for class: class com.agri.supplytracker.model.User in collection: users
2026-03-04 00:42:50.289 [http-nio-8080-exec-5] DEBUG o.s.security.web.FilterChainProxy - Secured GET /api/notifications/unread-count
2026-03-04 00:42:50.290 [http-nio-8080-exec-5] DEBUG o.s.d.m.r.query.MongoQueryCreator - Created query Query: { "recipientId" : "Farmer", "read" : false}, Fields: {}, Sort: {}
2026-03-04 00:42:50.291 [http-nio-8080-exec-5] DEBUG o.s.data.mongodb.core.MongoTemplate - Executing count: { "recipientId" : "Farmer", "read" : false} in collection: notifications
2026-03-04 00:43:20.279 [http-nio-8080-exec-6] DEBUG o.s.security.web.FilterChainProxy - Securing GET /api/notifications/unread-count
2026-03-04 00:43:20.281 [http-nio-8080-exec-6] DEBUG o.s.d.m.r.query.MongoQueryCreator - Created query Query: { "username" : "Farmer"}, Fields: {}, Sort: {}
2026-03-04 00:43:20.281 [http-nio-8080-exec-6] DEBUG o.s.data.mongodb.core.MongoTemplate - find using query: { "username" : "Farmer"} fields: Document{{}} for class: class com.agri.supplytracker.model.User in collection: users
2026-03-04 00:43:20.290 [http-nio-8080-exec-6] DEBUG o.s.security.web.FilterChainProxy - Secured GET /api/notifications/unread-count
2026-03-04 00:43:20.291 [http-nio-8080-exec-6] DEBUG o.s.d.m.r.query.MongoQueryCreator - Created query Query: { "recipientId" : "Farmer", "read" : false}, Fields: {}, Sort: {}
2026-03-04 00:43:20.291 [http-nio-8080-exec-6] DEBUG o.s.data.mongodb.core.MongoTemplate - Executing count: { "recipientId" : "Farmer", "read" : false} in collection: notifications
2026-03-04 00:43:28.736 [http-nio-8080-exec-8] DEBUG o.s.security.web.FilterChainProxy - Securing GET /api/notifications/unread-count
2026-03-04 00:43:28.738 [http-nio-8080-exec-8] DEBUG o.s.d.m.r.query.MongoQueryCreator - Created query Query: { "username" : "adminuser"}, Fields: {}, Sort: {}
2026-03-04 00:43:28.739 [http-nio-8080-exec-8] DEBUG o.s.data.mongodb.core.MongoTemplate - find using query: { "username" : "adminuser"} fields: Document{{}} for class: class com.agri.supplytracker.model.User in collection: users
2026-03-04 00:43:28.744 [http-nio-8080-exec-8] DEBUG o.s.security.web.FilterChainProxy - Secured GET /api/notifications/unread-count
2026-03-04 00:43:28.744 [http-nio-8080-exec-8] DEBUG o.s.d.m.r.query.MongoQueryCreator - Created query Query: { "recipientId" : "adminuser", "read" : false}, Fields: {}, Sort: {}
2026-03-04 00:43:28.745 [http-nio-8080-exec-8] DEBUG o.s.data.mongodb.core.MongoTemplate - Executing count: { "recipientId" : "adminuser", "read" : false} in collection: notifications
2026-03-04 00:43:50.268 [http-nio-8080-exec-7] DEBUG o.s.security.web.FilterChainProxy - Securing GET /api/notifications/unread-count
2026-03-04 00:43:50.272 [http-nio-8080-exec-7] DEBUG o.s.d.m.r.query.MongoQueryCreator - Created query Query: { "username" : "Farmer"}, Fields: {}, Sort: {}
2026-03-04 00:43:50.273 [http-nio-8080-exec-7] DEBUG o.s.data.mongodb.core.MongoTemplate - find using query: { "username" : "Farmer"} fields: Document{{}} for class: class com.agri.supplytracker.model.User in collection: users
2026-03-04 00:43:50.281 [http-nio-8080-exec-7] DEBUG o.s.security.web.FilterChainProxy - Secured GET /api/notifications/unread-count
2026-03-04 00:43:50.282 [http-nio-8080-exec-7] DEBUG o.s.d.m.r.query.MongoQueryCreator - Created query Query: { "recipientId" : "Farmer", "read" : false}, Fields: {}, Sort: {}
2026-03-04 00:43:50.282 [http-nio-8080-exec-7] DEBUG o.s.data.mongodb.core.MongoTemplate - Executing count: { "recipientId" : "Farmer", "read" : false} in collection: notifications
2026-03-04 00:44:20.271 [http-nio-8080-exec-2] DEBUG o.s.security.web.FilterChainProxy - Securing GET /api/notifications/unread-count
2026-03-04 00:44:20.275 [http-nio-8080-exec-2] DEBUG o.s.d.m.r.query.MongoQueryCreator - Created query Query: { "username" : "Farmer"}, Fields: {}, Sort: {}
2026-03-04 00:44:20.276 [http-nio-8080-exec-2] DEBUG o.s.data.mongodb.core.MongoTemplate - find using query: { "username" : "Farmer"} fields: Document{{}} for class: class com.agri.supplytracker.model.User in collection: users
2026-03-04 00:44:20.284 [http-nio-8080-exec-2] DEBUG o.s.security.web.FilterChainProxy - Secured GET /api/notifications/unread-count
2026-03-04 00:44:20.285 [http-nio-8080-exec-2] DEBUG o.s.d.m.r.query.MongoQueryCreator - Created query Query: { "recipientId" : "Farmer", "read" : false}, Fields: {}, Sort: {}
2026-03-04 00:44:20.286 [http-nio-8080-exec-2] DEBUG o.s.data.mongodb.core.MongoTemplate - Executing count: { "recipientId" : "Farmer", "read" : false} in collection: notifications
2026-03-04 00:44:28.738 [http-nio-8080-exec-9] DEBUG o.s.security.web.FilterChainProxy - Securing GET /api/notifications/unread-count
2026-03-04 00:44:28.740 [http-nio-8080-exec-9] DEBUG o.s.d.m.r.query.MongoQueryCreator - Created query Query: { "username" : "adminuser"}, Fields: {}, Sort: {}
2026-03-04 00:44:28.741 [http-nio-8080-exec-9] DEBUG o.s.data.mongodb.core.MongoTemplate - find using query: { "username" : "adminuser"} fields: Document{{}} for class: class com.agri.supplytracker.model.User in collection: users
2026-03-04 00:44:28.747 [http-nio-8080-exec-9] DEBUG o.s.security.web.FilterChainProxy - Secured GET /api/notifications/unread-count
2026-03-04 00:44:28.747 [http-nio-8080-exec-9] DEBUG o.s.d.m.r.query.MongoQueryCreator - Created query Query: { "recipientId" : "adminuser", "read" : false}, Fields: {}, Sort: {}
2026-03-04 00:44:28.748 [http-nio-8080-exec-9] DEBUG o.s.data.mongodb.core.MongoTemplate - Executing count: { "recipientId" : "adminuser", "read" : false} in collection: notifications
2026-03-04 00:44:50.275 [http-nio-8080-exec-10] DEBUG o.s.security.web.FilterChainProxy - Securing GET /api/notifications/unread-count
2026-03-04 00:44:50.279 [http-nio-8080-exec-10] DEBUG o.s.d.m.r.query.MongoQueryCreator - Created query Query: { "username" : "Farmer"}, Fields: {}, Sort: {}
2026-03-04 00:44:50.280 [http-nio-8080-exec-10] DEBUG o.s.data.mongodb.core.MongoTemplate - find using query: { "username" : "Farmer"} fields: Document{{}} for class: class com.agri.supplytracker.model.User in collection: users
2026-03-04 00:44:50.287 [http-nio-8080-exec-10] DEBUG o.s.security.web.FilterChainProxy - Secured GET /api/notifications/unread-count
2026-03-04 00:44:50.288 [http-nio-8080-exec-10] DEBUG o.s.d.m.r.query.MongoQueryCreator - Created query Query: { "recipientId" : "Farmer", "read" : false}, Fields: {}, Sort: {}
2026-03-04 00:44:50.289 [http-nio-8080-exec-10] DEBUG o.s.data.mongodb.core.MongoTemplate - Executing count: { "recipientId" : "Farmer", "read" : false} in collection: notifications
2026-03-04 00:45:20.276 [http-nio-8080-exec-3] DEBUG o.s.security.web.FilterChainProxy - Securing GET /api/notifications/unread-count
2026-03-04 00:45:20.280 [http-nio-8080-exec-3] DEBUG o.s.d.m.r.query.MongoQueryCreator - Created query Query: { "username" : "Farmer"}, Fields: {}, Sort: {}
2026-03-04 00:45:20.281 [http-nio-8080-exec-3] DEBUG o.s.data.mongodb.core.MongoTemplate - find using query: { "username" : "Farmer"} fields: Document{{}} for class: class com.agri.supplytracker.model.User in collection: users
2026-03-04 00:45:20.290 [http-nio-8080-exec-3] DEBUG o.s.security.web.FilterChainProxy - Secured GET /api/notifications/unread-count
2026-03-04 00:45:20.291 [http-nio-8080-exec-3] DEBUG o.s.d.m.r.query.MongoQueryCreator - Created query Query: { "recipientId" : "Farmer", "read" : false}, Fields: {}, Sort: {}
2026-03-04 00:45:20.292 [http-nio-8080-exec-3] DEBUG o.s.data.mongodb.core.MongoTemplate - Executing count: { "recipientId" : "Farmer", "read" : false} in collection: notifications
2026-03-04 00:45:28.732 [http-nio-8080-exec-1] DEBUG o.s.security.web.FilterChainProxy - Securing GET /api/notifications/unread-count
2026-03-04 00:45:28.734 [http-nio-8080-exec-1] DEBUG o.s.d.m.r.query.MongoQueryCreator - Created query Query: { "username" : "adminuser"}, Fields: {}, Sort: {}
2026-03-04 00:45:28.734 [http-nio-8080-exec-1] DEBUG o.s.data.mongodb.core.MongoTemplate - find using query: { "username" : "adminuser"} fields: Document{{}} for class: class com.agri.supplytracker.model.User in collection: users
2026-03-04 00:45:28.739 [http-nio-8080-exec-1] DEBUG o.s.security.web.FilterChainProxy - Secured GET /api/notifications/unread-count
2026-03-04 00:45:28.740 [http-nio-8080-exec-1] DEBUG o.s.d.m.r.query.MongoQueryCreator - Created query Query: { "recipientId" : "adminuser", "read" : false}, Fields: {}, Sort: {}
2026-03-04 00:45:28.740 [http-nio-8080-exec-1] DEBUG o.s.data.mongodb.core.MongoTemplate - Executing count: { "recipientId" : "adminuser", "read" : false} in collection: notifications
2026-03-04 00:45:50.273 [http-nio-8080-exec-4] DEBUG o.s.security.web.FilterChainProxy - Securing GET /api/notifications/unread-count
2026-03-04 00:45:50.275 [http-nio-8080-exec-4] DEBUG o.s.d.m.r.query.MongoQueryCreator - Created query Query: { "username" : "Farmer"}, Fields: {}, Sort: {}
2026-03-04 00:45:50.275 [http-nio-8080-exec-4] DEBUG o.s.data.mongodb.core.MongoTemplate - find using query: { "username" : "Farmer"} fields: Document{{}} for class: class com.agri.supplytracker.model.User in collection: users
2026-03-04 00:45:50.279 [http-nio-8080-exec-4] DEBUG o.s.security.web.FilterChainProxy - Secured GET /api/notifications/unread-count
2026-03-04 00:45:50.279 [http-nio-8080-exec-4] DEBUG o.s.d.m.r.query.MongoQueryCreator - Created query Query: { "recipientId" : "Farmer", "read" : false}, Fields: {}, Sort: {}
2026-03-04 00:45:50.280 [http-nio-8080-exec-4] DEBUG o.s.data.mongodb.core.MongoTemplate - Executing count: { "recipientId" : "Farmer", "read" : false} in collection: notifications
2026-03-04 00:46:20.271 [http-nio-8080-exec-5] DEBUG o.s.security.web.FilterChainProxy - Securing GET /api/notifications/unread-count
2026-03-04 00:46:20.275 [http-nio-8080-exec-5] DEBUG o.s.d.m.r.query.MongoQueryCreator - Created query Query: { "username" : "Farmer"}, Fields: {}, Sort: {}
2026-03-04 00:46:20.276 [http-nio-8080-exec-5] DEBUG o.s.data.mongodb.core.MongoTemplate - find using query: { "username" : "Farmer"} fields: Document{{}} for class: class com.agri.supplytracker.model.User in collection: users
2026-03-04 00:46:20.284 [http-nio-8080-exec-5] DEBUG o.s.security.web.FilterChainProxy - Secured GET /api/notifications/unread-count
2026-03-04 00:46:20.285 [http-nio-8080-exec-5] DEBUG o.s.d.m.r.query.MongoQueryCreator - Created query Query: { "recipientId" : "Farmer", "read" : false}, Fields: {}, Sort: {}
2026-03-04 00:46:20.286 [http-nio-8080-exec-5] DEBUG o.s.data.mongodb.core.MongoTemplate - Executing count: { "recipientId" : "Farmer", "read" : false} in collection: notifications
2026-03-04 00:46:28.737 [http-nio-8080-exec-6] DEBUG o.s.security.web.FilterChainProxy - Securing GET /api/notifications/unread-count
2026-03-04 00:46:28.739 [http-nio-8080-exec-6] DEBUG o.s.d.m.r.query.MongoQueryCreator - Created query Query: { "username" : "adminuser"}, Fields: {}, Sort: {}
2026-03-04 00:46:28.740 [http-nio-8080-exec-6] DEBUG o.s.data.mongodb.core.MongoTemplate - find using query: { "username" : "adminuser"} fields: Document{{}} for class: class com.agri.supplytracker.model.User in collection: users
2026-03-04 00:46:28.745 [http-nio-8080-exec-6] DEBUG o.s.security.web.FilterChainProxy - Secured GET /api/notifications/unread-count
2026-03-04 00:46:28.746 [http-nio-8080-exec-6] DEBUG o.s.d.m.r.query.MongoQueryCreator - Created query Query: { "recipientId" : "adminuser", "read" : false}, Fields: {}, Sort: {}
2026-03-04 00:46:28.746 [http-nio-8080-exec-6] DEBUG o.s.data.mongodb.core.MongoTemplate - Executing count: { "recipientId" : "adminuser", "read" : false} in collection: notifications
2026-03-04 00:46:50.270 [http-nio-8080-exec-8] DEBUG o.s.security.web.FilterChainProxy - Securing GET /api/notifications/unread-count
2026-03-04 00:46:50.275 [http-nio-8080-exec-8] DEBUG o.s.d.m.r.query.MongoQueryCreator - Created query Query: { "username" : "Farmer"}, Fields: {}, Sort: {}
2026-03-04 00:46:50.275 [http-nio-8080-exec-8] DEBUG o.s.data.mongodb.core.MongoTemplate - find using query: { "username" : "Farmer"} fields: Document{{}} for class: class com.agri.supplytracker.model.User in collection: users
2026-03-04 00:46:50.284 [http-nio-8080-exec-8] DEBUG o.s.security.web.FilterChainProxy - Secured GET /api/notifications/unread-count
2026-03-04 00:46:50.284 [http-nio-8080-exec-8] DEBUG o.s.d.m.r.query.MongoQueryCreator - Created query Query: { "recipientId" : "Farmer", "read" : false}, Fields: {}, Sort: {}
2026-03-04 00:46:50.285 [http-nio-8080-exec-8] DEBUG o.s.data.mongodb.core.MongoTemplate - Executing count: { "recipientId" : "Farmer", "read" : false} in collection: notifications
2026-03-04 00:47:20.273 [http-nio-8080-exec-7] DEBUG o.s.security.web.FilterChainProxy - Securing GET /api/notifications/unread-count
2026-03-04 00:47:20.277 [http-nio-8080-exec-7] DEBUG o.s.d.m.r.query.MongoQueryCreator - Created query Query: { "username" : "Farmer"}, Fields: {}, Sort: {}
2026-03-04 00:47:20.277 [http-nio-8080-exec-7] DEBUG o.s.data.mongodb.core.MongoTemplate - find using query: { "username" : "Farmer"} fields: Document{{}} for class: class com.agri.supplytracker.model.User in collection: users
2026-03-04 00:47:20.285 [http-nio-8080-exec-7] DEBUG o.s.security.web.FilterChainProxy - Secured GET /api/notifications/unread-count
2026-03-04 00:47:20.285 [http-nio-8080-exec-7] DEBUG o.s.d.m.r.query.MongoQueryCreator - Created query Query: { "recipientId" : "Farmer", "read" : false}, Fields: {}, Sort: {}
2026-03-04 00:47:20.286 [http-nio-8080-exec-7] DEBUG o.s.data.mongodb.core.MongoTemplate - Executing count: { "recipientId" : "Farmer", "read" : false} in collection: notifications
2026-03-04 00:47:28.732 [http-nio-8080-exec-2] DEBUG o.s.security.web.FilterChainProxy - Securing GET /api/notifications/unread-count
2026-03-04 00:47:28.734 [http-nio-8080-exec-2] DEBUG o.s.d.m.r.query.MongoQueryCreator - Created query Query: { "username" : "adminuser"}, Fields: {}, Sort: {}
2026-03-04 00:47:28.735 [http-nio-8080-exec-2] DEBUG o.s.data.mongodb.core.MongoTemplate - find using query: { "username" : "adminuser"} fields: Document{{}} for class: class com.agri.supplytracker.model.User in collection: users
2026-03-04 00:47:28.742 [http-nio-8080-exec-2] DEBUG o.s.security.web.FilterChainProxy - Secured GET /api/notifications/unread-count
2026-03-04 00:47:28.743 [http-nio-8080-exec-2] DEBUG o.s.d.m.r.query.MongoQueryCreator - Created query Query: { "recipientId" : "adminuser", "read" : false}, Fields: {}, Sort: {}
2026-03-04 00:47:28.743 [http-nio-8080-exec-2] DEBUG o.s.data.mongodb.core.MongoTemplate - Executing count: { "recipientId" : "adminuser", "read" : false} in collection: notifications
2026-03-04 00:47:50.271 [http-nio-8080-exec-9] DEBUG o.s.security.web.FilterChainProxy - Securing GET /api/notifications/unread-count
2026-03-04 00:47:50.275 [http-nio-8080-exec-9] DEBUG o.s.d.m.r.query.MongoQueryCreator - Created query Query: { "username" : "Farmer"}, Fields: {}, Sort: {}
2026-03-04 00:47:50.276 [http-nio-8080-exec-9] DEBUG o.s.data.mongodb.core.MongoTemplate - find using query: { "username" : "Farmer"} fields: Document{{}} for class: class com.agri.supplytracker.model.User in collection: users
2026-03-04 00:47:50.283 [http-nio-8080-exec-9] DEBUG o.s.security.web.FilterChainProxy - Secured GET /api/notifications/unread-count
2026-03-04 00:47:50.284 [http-nio-8080-exec-9] DEBUG o.s.d.m.r.query.MongoQueryCreator - Created query Query: { "recipientId" : "Farmer", "read" : false}, Fields: {}, Sort: {}
2026-03-04 00:47:50.285 [http-nio-8080-exec-9] DEBUG o.s.data.mongodb.core.MongoTemplate - Executing count: { "recipientId" : "Farmer", "read" : false} in collection: notifications
2026-03-04 00:48:20.272 [http-nio-8080-exec-10] DEBUG o.s.security.web.FilterChainProxy - Securing GET /api/notifications/unread-count
2026-03-04 00:48:20.273 [http-nio-8080-exec-10] DEBUG o.s.d.m.r.query.MongoQueryCreator - Created query Query: { "username" : "Farmer"}, Fields: {}, Sort: {}
2026-03-04 00:48:20.274 [http-nio-8080-exec-10] DEBUG o.s.data.mongodb.core.MongoTemplate - find using query: { "username" : "Farmer"} fields: Document{{}} for class: class com.agri.supplytracker.model.User in collection: users
2026-03-04 00:48:20.282 [http-nio-8080-exec-10] DEBUG o.s.security.web.FilterChainProxy - Secured GET /api/notifications/unread-count
2026-03-04 00:48:20.282 [http-nio-8080-exec-10] DEBUG o.s.d.m.r.query.MongoQueryCreator - Created query Query: { "recipientId" : "Farmer", "read" : false}, Fields: {}, Sort: {}
2026-03-04 00:48:20.283 [http-nio-8080-exec-10] DEBUG o.s.data.mongodb.core.MongoTemplate - Executing count: { "recipientId" : "Farmer", "read" : false} in collection: notifications
2026-03-04 00:48:28.731 [http-nio-8080-exec-3] DEBUG o.s.security.web.FilterChainProxy - Securing GET /api/notifications/unread-count
2026-03-04 00:48:28.735 [http-nio-8080-exec-3] DEBUG o.s.d.m.r.query.MongoQueryCreator - Created query Query: { "username" : "adminuser"}, Fields: {}, Sort: {}
2026-03-04 00:48:28.735 [http-nio-8080-exec-3] DEBUG o.s.data.mongodb.core.MongoTemplate - find using query: { "username" : "adminuser"} fields: Document{{}} for class: class com.agri.supplytracker.model.User in collection: users
2026-03-04 00:48:28.740 [http-nio-8080-exec-3] DEBUG o.s.security.web.FilterChainProxy - Secured GET /api/notifications/unread-count
2026-03-04 00:48:28.741 [http-nio-8080-exec-3] DEBUG o.s.d.m.r.query.MongoQueryCreator - Created query Query: { "recipientId" : "adminuser", "read" : false}, Fields: {}, Sort: {}
2026-03-04 00:48:28.742 [http-nio-8080-exec-3] DEBUG o.s.data.mongodb.core.MongoTemplate - Executing count: { "recipientId" : "adminuser", "read" : false} in collection: notifications
2026-03-04 00:48:50.278 [http-nio-8080-exec-1] DEBUG o.s.security.web.FilterChainProxy - Securing GET /api/notifications/unread-count
2026-03-04 00:48:50.282 [http-nio-8080-exec-1] DEBUG o.s.d.m.r.query.MongoQueryCreator - Created query Query: { "username" : "Farmer"}, Fields: {}, Sort: {}
2026-03-04 00:48:50.283 [http-nio-8080-exec-1] DEBUG o.s.data.mongodb.core.MongoTemplate - find using query: { "username" : "Farmer"} fields: Document{{}} for class: class com.agri.supplytracker.model.User in collection: users
2026-03-04 00:48:50.291 [http-nio-8080-exec-1] DEBUG o.s.security.web.FilterChainProxy - Secured GET /api/notifications/unread-count
2026-03-04 00:48:50.292 [http-nio-8080-exec-1] DEBUG o.s.d.m.r.query.MongoQueryCreator - Created query Query: { "recipientId" : "Farmer", "read" : false}, Fields: {}, Sort: {}
2026-03-04 00:48:50.292 [http-nio-8080-exec-1] DEBUG o.s.data.mongodb.core.MongoTemplate - Executing count: { "recipientId" : "Farmer", "read" : false} in collection: notifications
2026-03-04 00:49:20.275 [http-nio-8080-exec-4] DEBUG o.s.security.web.FilterChainProxy - Securing GET /api/notifications/unread-count
2026-03-04 00:49:20.279 [http-nio-8080-exec-4] DEBUG o.s.d.m.r.query.MongoQueryCreator - Created query Query: { "username" : "Farmer"}, Fields: {}, Sort: {}
2026-03-04 00:49:20.279 [http-nio-8080-exec-4] DEBUG o.s.data.mongodb.core.MongoTemplate - find using query: { "username" : "Farmer"} fields: Document{{}} for class: class com.agri.supplytracker.model.User in collection: users
2026-03-04 00:49:20.287 [http-nio-8080-exec-4] DEBUG o.s.security.web.FilterChainProxy - Secured GET /api/notifications/unread-count
2026-03-04 00:49:20.288 [http-nio-8080-exec-4] DEBUG o.s.d.m.r.query.MongoQueryCreator - Created query Query: { "recipientId" : "Farmer", "read" : false}, Fields: {}, Sort: {}
2026-03-04 00:49:20.289 [http-nio-8080-exec-4] DEBUG o.s.data.mongodb.core.MongoTemplate - Executing count: { "recipientId" : "Farmer", "read" : false} in collection: notifications
2026-03-04 00:49:28.733 [http-nio-8080-exec-5] DEBUG o.s.security.web.FilterChainProxy - Securing GET /api/notifications/unread-count
2026-03-04 00:49:28.735 [http-nio-8080-exec-5] DEBUG o.s.d.m.r.query.MongoQueryCreator - Created query Query: { "username" : "adminuser"}, Fields: {}, Sort: {}
2026-03-04 00:49:28.736 [http-nio-8080-exec-5] DEBUG o.s.data.mongodb.core.MongoTemplate - find using query: { "username" : "adminuser"} fields: Document{{}} for class: class com.agri.supplytracker.model.User in collection: users
2026-03-04 00:49:28.741 [http-nio-8080-exec-5] DEBUG o.s.security.web.FilterChainProxy - Secured GET /api/notifications/unread-count
2026-03-04 00:49:28.741 [http-nio-8080-exec-5] DEBUG o.s.d.m.r.query.MongoQueryCreator - Created query Query: { "recipientId" : "adminuser", "read" : false}, Fields: {}, Sort: {}
2026-03-04 00:49:28.743 [http-nio-8080-exec-5] DEBUG o.s.data.mongodb.core.MongoTemplate - Executing count: { "recipientId" : "adminuser", "read" : false} in collection: notifications
2026-03-04 00:49:50.270 [http-nio-8080-exec-6] DEBUG o.s.security.web.FilterChainProxy - Securing GET /api/notifications/unread-count
2026-03-04 00:49:50.272 [http-nio-8080-exec-6] DEBUG o.s.d.m.r.query.MongoQueryCreator - Created query Query: { "username" : "Farmer"}, Fields: {}, Sort: {}
2026-03-04 00:49:50.273 [http-nio-8080-exec-6] DEBUG o.s.data.mongodb.core.MongoTemplate - find using query: { "username" : "Farmer"} fields: Document{{}} for class: class com.agri.supplytracker.model.User in collection: users
2026-03-04 00:49:50.278 [http-nio-8080-exec-6] DEBUG o.s.security.web.FilterChainProxy - Secured GET /api/notifications/unread-count
2026-03-04 00:49:50.278 [http-nio-8080-exec-6] DEBUG o.s.d.m.r.query.MongoQueryCreator - Created query Query: { "recipientId" : "Farmer", "read" : false}, Fields: {}, Sort: {}
2026-03-04 00:49:50.279 [http-nio-8080-exec-6] DEBUG o.s.data.mongodb.core.MongoTemplate - Executing count: { "recipientId" : "Farmer", "read" : false} in collection: notifications
2026-03-04 00:50:20.271 [http-nio-8080-exec-8] DEBUG o.s.security.web.FilterChainProxy - Securing GET /api/notifications/unread-count
2026-03-04 00:50:20.274 [http-nio-8080-exec-8] DEBUG o.s.d.m.r.query.MongoQueryCreator - Created query Query: { "username" : "Farmer"}, Fields: {}, Sort: {}
2026-03-04 00:50:20.275 [http-nio-8080-exec-8] DEBUG o.s.data.mongodb.core.MongoTemplate - find using query: { "username" : "Farmer"} fields: Document{{}} for class: class com.agri.supplytracker.model.User in collection: users
2026-03-04 00:50:20.282 [http-nio-8080-exec-8] DEBUG o.s.security.web.FilterChainProxy - Secured GET /api/notifications/unread-count
2026-03-04 00:50:20.283 [http-nio-8080-exec-8] DEBUG o.s.d.m.r.query.MongoQueryCreator - Created query Query: { "recipientId" : "Farmer", "read" : false}, Fields: {}, Sort: {}
2026-03-04 00:50:20.283 [http-nio-8080-exec-8] DEBUG o.s.data.mongodb.core.MongoTemplate - Executing count: { "recipientId" : "Farmer", "read" : false} in collection: notifications
2026-03-04 00:50:28.752 [http-nio-8080-exec-7] DEBUG o.s.security.web.FilterChainProxy - Securing GET /api/notifications/unread-count
2026-03-04 00:50:28.754 [http-nio-8080-exec-7] DEBUG o.s.d.m.r.query.MongoQueryCreator - Created query Query: { "username" : "adminuser"}, Fields: {}, Sort: {}
2026-03-04 00:50:28.755 [http-nio-8080-exec-7] DEBUG o.s.data.mongodb.core.MongoTemplate - find using query: { "username" : "adminuser"} fields: Document{{}} for class: class com.agri.supplytracker.model.User in collection: users
2026-03-04 00:50:28.760 [http-nio-8080-exec-7] DEBUG o.s.security.web.FilterChainProxy - Secured GET /api/notifications/unread-count
2026-03-04 00:50:28.760 [http-nio-8080-exec-7] DEBUG o.s.d.m.r.query.MongoQueryCreator - Created query Query: { "recipientId" : "adminuser", "read" : false}, Fields: {}, Sort: {}
2026-03-04 00:50:28.761 [http-nio-8080-exec-7] DEBUG o.s.data.mongodb.core.MongoTemplate - Executing count: { "recipientId" : "adminuser", "read" : false} in collection: notifications
2026-03-04 00:50:50.277 [http-nio-8080-exec-2] DEBUG o.s.security.web.FilterChainProxy - Securing GET /api/notifications/unread-count
2026-03-04 00:50:50.281 [http-nio-8080-exec-2] DEBUG o.s.d.m.r.query.MongoQueryCreator - Created query Query: { "username" : "Farmer"}, Fields: {}, Sort: {}
2026-03-04 00:50:50.282 [http-nio-8080-exec-2] DEBUG o.s.data.mongodb.core.MongoTemplate - find using query: { "username" : "Farmer"} fields: Document{{}} for class: class com.agri.supplytracker.model.User in collection: users
2026-03-04 00:50:50.290 [http-nio-8080-exec-2] DEBUG o.s.security.web.FilterChainProxy - Secured GET /api/notifications/unread-count
2026-03-04 00:50:50.291 [http-nio-8080-exec-2] DEBUG o.s.d.m.r.query.MongoQueryCreator - Created query Query: { "recipientId" : "Farmer", "read" : false}, Fields: {}, Sort: {}
2026-03-04 00:50:50.292 [http-nio-8080-exec-2] DEBUG o.s.data.mongodb.core.MongoTemplate - Executing count: { "recipientId" : "Farmer", "read" : false} in collection: notifications
2026-03-04 00:51:20.277 [http-nio-8080-exec-9] DEBUG o.s.security.web.FilterChainProxy - Securing GET /api/notifications/unread-count
2026-03-04 00:51:20.281 [http-nio-8080-exec-9] DEBUG o.s.d.m.r.query.MongoQueryCreator - Created query Query: { "username" : "Farmer"}, Fields: {}, Sort: {}
2026-03-04 00:51:20.281 [http-nio-8080-exec-9] DEBUG o.s.data.mongodb.core.MongoTemplate - find using query: { "username" : "Farmer"} fields: Document{{}} for class: class com.agri.supplytracker.model.User in collection: users
2026-03-04 00:51:20.288 [http-nio-8080-exec-9] DEBUG o.s.security.web.FilterChainProxy - Secured GET /api/notifications/unread-count
2026-03-04 00:51:20.289 [http-nio-8080-exec-9] DEBUG o.s.d.m.r.query.MongoQueryCreator - Created query Query: { "recipientId" : "Farmer", "read" : false}, Fields: {}, Sort: {}
2026-03-04 00:51:20.291 [http-nio-8080-exec-9] DEBUG o.s.data.mongodb.core.MongoTemplate - Executing count: { "recipientId" : "Farmer", "read" : false} in collection: notifications
2026-03-04 00:51:28.725 [http-nio-8080-exec-10] DEBUG o.s.security.web.FilterChainProxy - Securing GET /api/notifications/unread-count
2026-03-04 00:51:28.727 [http-nio-8080-exec-10] DEBUG o.s.d.m.r.query.MongoQueryCreator - Created query Query: { "username" : "adminuser"}, Fields: {}, Sort: {}
2026-03-04 00:51:28.727 [http-nio-8080-exec-10] DEBUG o.s.data.mongodb.core.MongoTemplate - find using query: { "username" : "adminuser"} fields: Document{{}} for class: class com.agri.supplytracker.model.User in collection: users
2026-03-04 00:51:28.732 [http-nio-8080-exec-10] DEBUG o.s.security.web.FilterChainProxy - Secured GET /api/notifications/unread-count
2026-03-04 00:51:28.733 [http-nio-8080-exec-10] DEBUG o.s.d.m.r.query.MongoQueryCreator - Created query Query: { "recipientId" : "adminuser", "read" : false}, Fields: {}, Sort: {}
2026-03-04 00:51:28.733 [http-nio-8080-exec-10] DEBUG o.s.data.mongodb.core.MongoTemplate - Executing count: { "recipientId" : "adminuser", "read" : false} in collection: notifications
2026-03-04 00:51:50.273 [http-nio-8080-exec-3] DEBUG o.s.security.web.FilterChainProxy - Securing GET /api/notifications/unread-count
2026-03-04 00:51:50.281 [http-nio-8080-exec-3] DEBUG o.s.d.m.r.query.MongoQueryCreator - Created query Query: { "username" : "Farmer"}, Fields: {}, Sort: {}
2026-03-04 00:51:50.282 [http-nio-8080-exec-3] DEBUG o.s.data.mongodb.core.MongoTemplate - find using query: { "username" : "Farmer"} fields: Document{{}} for class: class com.agri.supplytracker.model.User in collection: users
2026-03-04 00:51:50.290 [http-nio-8080-exec-3] DEBUG o.s.security.web.FilterChainProxy - Secured GET /api/notifications/unread-count
2026-03-04 00:51:50.291 [http-nio-8080-exec-3] DEBUG o.s.d.m.r.query.MongoQueryCreator - Created query Query: { "recipientId" : "Farmer", "read" : false}, Fields: {}, Sort: {}
2026-03-04 00:51:50.292 [http-nio-8080-exec-3] DEBUG o.s.data.mongodb.core.MongoTemplate - Executing count: { "recipientId" : "Farmer", "read" : false} in collection: notifications
2026-03-04 00:52:20.274 [http-nio-8080-exec-1] DEBUG o.s.security.web.FilterChainProxy - Securing GET /api/notifications/unread-count
2026-03-04 00:52:20.278 [http-nio-8080-exec-1] DEBUG o.s.d.m.r.query.MongoQueryCreator - Created query Query: { "username" : "Farmer"}, Fields: {}, Sort: {}
2026-03-04 00:52:20.279 [http-nio-8080-exec-1] DEBUG o.s.data.mongodb.core.MongoTemplate - find using query: { "username" : "Farmer"} fields: Document{{}} for class: class com.agri.supplytracker.model.User in collection: users
2026-03-04 00:52:20.285 [http-nio-8080-exec-1] DEBUG o.s.security.web.FilterChainProxy - Secured GET /api/notifications/unread-count
2026-03-04 00:52:20.287 [http-nio-8080-exec-1] DEBUG o.s.d.m.r.query.MongoQueryCreator - Created query Query: { "recipientId" : "Farmer", "read" : false}, Fields: {}, Sort: {}
2026-03-04 00:52:20.287 [http-nio-8080-exec-1] DEBUG o.s.data.mongodb.core.MongoTemplate - Executing count: { "recipientId" : "Farmer", "read" : false} in collection: notifications
2026-03-04 00:52:28.737 [http-nio-8080-exec-4] DEBUG o.s.security.web.FilterChainProxy - Securing GET /api/notifications/unread-count
2026-03-04 00:52:28.740 [http-nio-8080-exec-4] DEBUG o.s.d.m.r.query.MongoQueryCreator - Created query Query: { "username" : "adminuser"}, Fields: {}, Sort: {}
2026-03-04 00:52:28.740 [http-nio-8080-exec-4] DEBUG o.s.data.mongodb.core.MongoTemplate - find using query: { "username" : "adminuser"} fields: Document{{}} for class: class com.agri.supplytracker.model.User in collection: users
2026-03-04 00:52:28.750 [http-nio-8080-exec-4] DEBUG o.s.security.web.FilterChainProxy - Secured GET /api/notifications/unread-count
2026-03-04 00:52:28.751 [http-nio-8080-exec-4] DEBUG o.s.d.m.r.query.MongoQueryCreator - Created query Query: { "recipientId" : "adminuser", "read" : false}, Fields: {}, Sort: {}
2026-03-04 00:52:28.751 [http-nio-8080-exec-4] DEBUG o.s.data.mongodb.core.MongoTemplate - Executing count: { "recipientId" : "adminuser", "read" : false} in collection: notifications
2026-03-04 00:52:50.280 [http-nio-8080-exec-5] DEBUG o.s.security.web.FilterChainProxy - Securing GET /api/notifications/unread-count
2026-03-04 00:52:50.284 [http-nio-8080-exec-5] DEBUG o.s.d.m.r.query.MongoQueryCreator - Created query Query: { "username" : "Farmer"}, Fields: {}, Sort: {}
2026-03-04 00:52:50.285 [http-nio-8080-exec-5] DEBUG o.s.data.mongodb.core.MongoTemplate - find using query: { "username" : "Farmer"} fields: Document{{}} for class: class com.agri.supplytracker.model.User in collection: users
2026-03-04 00:52:50.293 [http-nio-8080-exec-5] DEBUG o.s.security.web.FilterChainProxy - Secured GET /api/notifications/unread-count
2026-03-04 00:52:50.295 [http-nio-8080-exec-5] DEBUG o.s.d.m.r.query.MongoQueryCreator - Created query Query: { "recipientId" : "Farmer", "read" : false}, Fields: {}, Sort: {}
2026-03-04 00:52:50.295 [http-nio-8080-exec-5] DEBUG o.s.data.mongodb.core.MongoTemplate - Executing count: { "recipientId" : "Farmer", "read" : false} in collection: notifications
2026-03-04 00:53:20.278 [http-nio-8080-exec-6] DEBUG o.s.security.web.FilterChainProxy - Securing GET /api/notifications/unread-count
2026-03-04 00:53:20.281 [http-nio-8080-exec-6] DEBUG o.s.d.m.r.query.MongoQueryCreator - Created query Query: { "username" : "Farmer"}, Fields: {}, Sort: {}
2026-03-04 00:53:20.282 [http-nio-8080-exec-6] DEBUG o.s.data.mongodb.core.MongoTemplate - find using query: { "username" : "Farmer"} fields: Document{{}} for class: class com.agri.supplytracker.model.User in collection: users
2026-03-04 00:53:20.289 [http-nio-8080-exec-6] DEBUG o.s.security.web.FilterChainProxy - Secured GET /api/notifications/unread-count
2026-03-04 00:53:20.290 [http-nio-8080-exec-6] DEBUG o.s.d.m.r.query.MongoQueryCreator - Created query Query: { "recipientId" : "Farmer", "read" : false}, Fields: {}, Sort: {}
2026-03-04 00:53:20.291 [http-nio-8080-exec-6] DEBUG o.s.data.mongodb.core.MongoTemplate - Executing count: { "recipientId" : "Farmer", "read" : false} in collection: notifications
2026-03-04 00:53:28.734 [http-nio-8080-exec-8] DEBUG o.s.security.web.FilterChainProxy - Securing GET /api/notifications/unread-count
2026-03-04 00:53:28.737 [http-nio-8080-exec-8] DEBUG o.s.d.m.r.query.MongoQueryCreator - Created query Query: { "username" : "adminuser"}, Fields: {}, Sort: {}
2026-03-04 00:53:28.738 [http-nio-8080-exec-8] DEBUG o.s.data.mongodb.core.MongoTemplate - find using query: { "username" : "adminuser"} fields: Document{{}} for class: class com.agri.supplytracker.model.User in collection: users
2026-03-04 00:53:28.743 [http-nio-8080-exec-8] DEBUG o.s.security.web.FilterChainProxy - Secured GET /api/notifications/unread-count
2026-03-04 00:53:28.745 [http-nio-8080-exec-8] DEBUG o.s.d.m.r.query.MongoQueryCreator - Created query Query: { "recipientId" : "adminuser", "read" : false}, Fields: {}, Sort: {}
2026-03-04 00:53:28.745 [http-nio-8080-exec-8] DEBUG o.s.data.mongodb.core.MongoTemplate - Executing count: { "recipientId" : "adminuser", "read" : false} in collection: notifications
2026-03-04 00:53:50.275 [http-nio-8080-exec-7] DEBUG o.s.security.web.FilterChainProxy - Securing GET /api/notifications/unread-count
2026-03-04 00:53:50.279 [http-nio-8080-exec-7] DEBUG o.s.d.m.r.query.MongoQueryCreator - Created query Query: { "username" : "Farmer"}, Fields: {}, Sort: {}
2026-03-04 00:53:50.280 [http-nio-8080-exec-7] DEBUG o.s.data.mongodb.core.MongoTemplate - find using query: { "username" : "Farmer"} fields: Document{{}} for class: class com.agri.supplytracker.model.User in collection: users
2026-03-04 00:53:50.289 [http-nio-8080-exec-7] DEBUG o.s.security.web.FilterChainProxy - Secured GET /api/notifications/unread-count
2026-03-04 00:53:50.290 [http-nio-8080-exec-7] DEBUG o.s.d.m.r.query.MongoQueryCreator - Created query Query: { "recipientId" : "Farmer", "read" : false}, Fields: {}, Sort: {}
2026-03-04 00:53:50.291 [http-nio-8080-exec-7] DEBUG o.s.data.mongodb.core.MongoTemplate - Executing count: { "recipientId" : "Farmer", "read" : false} in collection: notifications
2026-03-04 00:54:20.274 [http-nio-8080-exec-2] DEBUG o.s.security.web.FilterChainProxy - Securing GET /api/notifications/unread-count
2026-03-04 00:54:20.276 [http-nio-8080-exec-2] DEBUG o.s.d.m.r.query.MongoQueryCreator - Created query Query: { "username" : "Farmer"}, Fields: {}, Sort: {}
2026-03-04 00:54:20.276 [http-nio-8080-exec-2] DEBUG o.s.data.mongodb.core.MongoTemplate - find using query: { "username" : "Farmer"} fields: Document{{}} for class: class com.agri.supplytracker.model.User in collection: users
2026-03-04 00:54:20.279 [http-nio-8080-exec-2] DEBUG o.s.security.web.FilterChainProxy - Secured GET /api/notifications/unread-count
2026-03-04 00:54:20.280 [http-nio-8080-exec-2] DEBUG o.s.d.m.r.query.MongoQueryCreator - Created query Query: { "recipientId" : "Farmer", "read" : false}, Fields: {}, Sort: {}
2026-03-04 00:54:20.280 [http-nio-8080-exec-2] DEBUG o.s.data.mongodb.core.MongoTemplate - Executing count: { "recipientId" : "Farmer", "read" : false} in collection: notifications
2026-03-04 00:54:28.738 [http-nio-8080-exec-9] DEBUG o.s.security.web.FilterChainProxy - Securing GET /api/notifications/unread-count
2026-03-04 00:54:28.741 [http-nio-8080-exec-9] DEBUG o.s.d.m.r.query.MongoQueryCreator - Created query Query: { "username" : "adminuser"}, Fields: {}, Sort: {}
2026-03-04 00:54:28.742 [http-nio-8080-exec-9] DEBUG o.s.data.mongodb.core.MongoTemplate - find using query: { "username" : "adminuser"} fields: Document{{}} for class: class com.agri.supplytracker.model.User in collection: users
2026-03-04 00:54:28.751 [http-nio-8080-exec-9] DEBUG o.s.security.web.FilterChainProxy - Secured GET /api/notifications/unread-count
2026-03-04 00:54:28.752 [http-nio-8080-exec-9] DEBUG o.s.d.m.r.query.MongoQueryCreator - Created query Query: { "recipientId" : "adminuser", "read" : false}, Fields: {}, Sort: {}
2026-03-04 00:54:28.753 [http-nio-8080-exec-9] DEBUG o.s.data.mongodb.core.MongoTemplate - Executing count: { "recipientId" : "adminuser", "read" : false} in collection: notifications
2026-03-04 00:54:50.270 [http-nio-8080-exec-10] DEBUG o.s.security.web.FilterChainProxy - Securing GET /api/notifications/unread-count
2026-03-04 00:54:50.274 [http-nio-8080-exec-10] DEBUG o.s.d.m.r.query.MongoQueryCreator - Created query Query: { "username" : "Farmer"}, Fields: {}, Sort: {}
2026-03-04 00:54:50.275 [http-nio-8080-exec-10] DEBUG o.s.data.mongodb.core.MongoTemplate - find using query: { "username" : "Farmer"} fields: Document{{}} for class: class com.agri.supplytracker.model.User in collection: users
2026-03-04 00:54:50.282 [http-nio-8080-exec-10] DEBUG o.s.security.web.FilterChainProxy - Secured GET /api/notifications/unread-count
2026-03-04 00:54:50.283 [http-nio-8080-exec-10] DEBUG o.s.d.m.r.query.MongoQueryCreator - Created query Query: { "recipientId" : "Farmer", "read" : false}, Fields: {}, Sort: {}
2026-03-04 00:54:50.284 [http-nio-8080-exec-10] DEBUG o.s.data.mongodb.core.MongoTemplate - Executing count: { "recipientId" : "Farmer", "read" : false} in collection: notifications
2026-03-04 00:55:20.277 [http-nio-8080-exec-3] DEBUG o.s.security.web.FilterChainProxy - Securing GET /api/notifications/unread-count
2026-03-04 00:55:20.281 [http-nio-8080-exec-3] DEBUG o.s.d.m.r.query.MongoQueryCreator - Created query Query: { "username" : "Farmer"}, Fields: {}, Sort: {}
2026-03-04 00:55:20.282 [http-nio-8080-exec-3] DEBUG o.s.data.mongodb.core.MongoTemplate - find using query: { "username" : "Farmer"} fields: Document{{}} for class: class com.agri.supplytracker.model.User in collection: users
2026-03-04 00:55:20.289 [http-nio-8080-exec-3] DEBUG o.s.security.web.FilterChainProxy - Secured GET /api/notifications/unread-count
2026-03-04 00:55:20.290 [http-nio-8080-exec-3] DEBUG o.s.d.m.r.query.MongoQueryCreator - Created query Query: { "recipientId" : "Farmer", "read" : false}, Fields: {}, Sort: {}
2026-03-04 00:55:20.291 [http-nio-8080-exec-3] DEBUG o.s.data.mongodb.core.MongoTemplate - Executing count: { "recipientId" : "Farmer", "read" : false} in collection: notifications
2026-03-04 00:55:28.731 [http-nio-8080-exec-1] DEBUG o.s.security.web.FilterChainProxy - Securing GET /api/notifications/unread-count
2026-03-04 00:55:28.733 [http-nio-8080-exec-1] DEBUG o.s.d.m.r.query.MongoQueryCreator - Created query Query: { "username" : "adminuser"}, Fields: {}, Sort: {}
2026-03-04 00:55:28.733 [http-nio-8080-exec-1] DEBUG o.s.data.mongodb.core.MongoTemplate - find using query: { "username" : "adminuser"} fields: Document{{}} for class: class com.agri.supplytracker.model.User in collection: users
2026-03-04 00:55:28.738 [http-nio-8080-exec-1] DEBUG o.s.security.web.FilterChainProxy - Secured GET /api/notifications/unread-count
2026-03-04 00:55:28.738 [http-nio-8080-exec-1] DEBUG o.s.d.m.r.query.MongoQueryCreator - Created query Query: { "recipientId" : "adminuser", "read" : false}, Fields: {}, Sort: {}
2026-03-04 00:55:28.740 [http-nio-8080-exec-1] DEBUG o.s.data.mongodb.core.MongoTemplate - Executing count: { "recipientId" : "adminuser", "read" : false} in collection: notifications
2026-03-04 00:55:50.277 [http-nio-8080-exec-4] DEBUG o.s.security.web.FilterChainProxy - Securing GET /api/notifications/unread-count
2026-03-04 00:55:50.281 [http-nio-8080-exec-4] DEBUG o.s.d.m.r.query.MongoQueryCreator - Created query Query: { "username" : "Farmer"}, Fields: {}, Sort: {}
2026-03-04 00:55:50.282 [http-nio-8080-exec-4] DEBUG o.s.data.mongodb.core.MongoTemplate - find using query: { "username" : "Farmer"} fields: Document{{}} for class: class com.agri.supplytracker.model.User in collection: users
2026-03-04 00:55:50.290 [http-nio-8080-exec-4] DEBUG o.s.security.web.FilterChainProxy - Secured GET /api/notifications/unread-count
2026-03-04 00:55:50.291 [http-nio-8080-exec-4] DEBUG o.s.d.m.r.query.MongoQueryCreator - Created query Query: { "recipientId" : "Farmer", "read" : false}, Fields: {}, Sort: {}
2026-03-04 00:55:50.292 [http-nio-8080-exec-4] DEBUG o.s.data.mongodb.core.MongoTemplate - Executing count: { "recipientId" : "Farmer", "read" : false} in collection: notifications
2026-03-04 00:56:20.269 [http-nio-8080-exec-5] DEBUG o.s.security.web.FilterChainProxy - Securing GET /api/notifications/unread-count
2026-03-04 00:56:20.273 [http-nio-8080-exec-5] DEBUG o.s.d.m.r.query.MongoQueryCreator - Created query Query: { "username" : "Farmer"}, Fields: {}, Sort: {}
2026-03-04 00:56:20.274 [http-nio-8080-exec-5] DEBUG o.s.data.mongodb.core.MongoTemplate - find using query: { "username" : "Farmer"} fields: Document{{}} for class: class com.agri.supplytracker.model.User in collection: users
2026-03-04 00:56:20.282 [http-nio-8080-exec-5] DEBUG o.s.security.web.FilterChainProxy - Secured GET /api/notifications/unread-count
2026-03-04 00:56:20.283 [http-nio-8080-exec-5] DEBUG o.s.d.m.r.query.MongoQueryCreator - Created query Query: { "recipientId" : "Farmer", "read" : false}, Fields: {}, Sort: {}
2026-03-04 00:56:20.283 [http-nio-8080-exec-5] DEBUG o.s.data.mongodb.core.MongoTemplate - Executing count: { "recipientId" : "Farmer", "read" : false} in collection: notifications
2026-03-04 00:56:28.725 [http-nio-8080-exec-6] DEBUG o.s.security.web.FilterChainProxy - Securing GET /api/notifications/unread-count
2026-03-04 00:56:28.728 [http-nio-8080-exec-6] DEBUG o.s.d.m.r.query.MongoQueryCreator - Created query Query: { "username" : "adminuser"}, Fields: {}, Sort: {}
2026-03-04 00:56:28.728 [http-nio-8080-exec-6] DEBUG o.s.data.mongodb.core.MongoTemplate - find using query: { "username" : "adminuser"} fields: Document{{}} for class: class com.agri.supplytracker.model.User in collection: users
2026-03-04 00:56:28.734 [http-nio-8080-exec-6] DEBUG o.s.security.web.FilterChainProxy - Secured GET /api/notifications/unread-count
2026-03-04 00:56:28.734 [http-nio-8080-exec-6] DEBUG o.s.d.m.r.query.MongoQueryCreator - Created query Query: { "recipientId" : "adminuser", "read" : false}, Fields: {}, Sort: {}
2026-03-04 00:56:28.735 [http-nio-8080-exec-6] DEBUG o.s.data.mongodb.core.MongoTemplate - Executing count: { "recipientId" : "adminuser", "read" : false} in collection: notifications
2026-03-04 00:56:50.277 [http-nio-8080-exec-8] DEBUG o.s.security.web.FilterChainProxy - Securing GET /api/notifications/unread-count
2026-03-04 00:56:50.281 [http-nio-8080-exec-8] DEBUG o.s.d.m.r.query.MongoQueryCreator - Created query Query: { "username" : "Farmer"}, Fields: {}, Sort: {}
2026-03-04 00:56:50.282 [http-nio-8080-exec-8] DEBUG o.s.data.mongodb.core.MongoTemplate - find using query: { "username" : "Farmer"} fields: Document{{}} for class: class com.agri.supplytracker.model.User in collection: users
2026-03-04 00:56:50.289 [http-nio-8080-exec-8] DEBUG o.s.security.web.FilterChainProxy - Secured GET /api/notifications/unread-count
2026-03-04 00:56:50.289 [http-nio-8080-exec-8] DEBUG o.s.d.m.r.query.MongoQueryCreator - Created query Query: { "recipientId" : "Farmer", "read" : false}, Fields: {}, Sort: {}
2026-03-04 00:56:50.290 [http-nio-8080-exec-8] DEBUG o.s.data.mongodb.core.MongoTemplate - Executing count: { "recipientId" : "Farmer", "read" : false} in collection: notifications
2026-03-04 00:57:20.280 [http-nio-8080-exec-7] DEBUG o.s.security.web.FilterChainProxy - Securing GET /api/notifications/unread-count
2026-03-04 00:57:20.282 [http-nio-8080-exec-7] DEBUG o.s.d.m.r.query.MongoQueryCreator - Created query Query: { "username" : "Farmer"}, Fields: {}, Sort: {}
2026-03-04 00:57:20.282 [http-nio-8080-exec-7] DEBUG o.s.data.mongodb.core.MongoTemplate - find using query: { "username" : "Farmer"} fields: Document{{}} for class: class com.agri.supplytracker.model.User in collection: users
2026-03-04 00:57:20.289 [http-nio-8080-exec-7] DEBUG o.s.security.web.FilterChainProxy - Secured GET /api/notifications/unread-count
2026-03-04 00:57:20.289 [http-nio-8080-exec-7] DEBUG o.s.d.m.r.query.MongoQueryCreator - Created query Query: { "recipientId" : "Farmer", "read" : false}, Fields: {}, Sort: {}
2026-03-04 00:57:20.290 [http-nio-8080-exec-7] DEBUG o.s.data.mongodb.core.MongoTemplate - Executing count: { "recipientId" : "Farmer", "read" : false} in collection: notifications
2026-03-04 00:57:28.738 [http-nio-8080-exec-2] DEBUG o.s.security.web.FilterChainProxy - Securing GET /api/notifications/unread-count
2026-03-04 00:57:28.739 [http-nio-8080-exec-2] DEBUG o.s.d.m.r.query.MongoQueryCreator - Created query Query: { "username" : "adminuser"}, Fields: {}, Sort: {}
2026-03-04 00:57:28.740 [http-nio-8080-exec-2] DEBUG o.s.data.mongodb.core.MongoTemplate - find using query: { "username" : "adminuser"} fields: Document{{}} for class: class com.agri.supplytracker.model.User in collection: users
2026-03-04 00:57:28.745 [http-nio-8080-exec-2] DEBUG o.s.security.web.FilterChainProxy - Secured GET /api/notifications/unread-count
2026-03-04 00:57:28.745 [http-nio-8080-exec-2] DEBUG o.s.d.m.r.query.MongoQueryCreator - Created query Query: { "recipientId" : "adminuser", "read" : false}, Fields: {}, Sort: {}
2026-03-04 00:57:28.745 [http-nio-8080-exec-2] DEBUG o.s.data.mongodb.core.MongoTemplate - Executing count: { "recipientId" : "adminuser", "read" : false} in collection: notifications
2026-03-04 00:57:50.277 [http-nio-8080-exec-9] DEBUG o.s.security.web.FilterChainProxy - Securing GET /api/notifications/unread-count
2026-03-04 00:57:50.280 [http-nio-8080-exec-9] DEBUG o.s.d.m.r.query.MongoQueryCreator - Created query Query: { "username" : "Farmer"}, Fields: {}, Sort: {}
2026-03-04 00:57:50.280 [http-nio-8080-exec-9] DEBUG o.s.data.mongodb.core.MongoTemplate - find using query: { "username" : "Farmer"} fields: Document{{}} for class: class com.agri.supplytracker.model.User in collection: users
2026-03-04 00:57:50.287 [http-nio-8080-exec-9] DEBUG o.s.security.web.FilterChainProxy - Secured GET /api/notifications/unread-count
2026-03-04 00:57:50.288 [http-nio-8080-exec-9] DEBUG o.s.d.m.r.query.MongoQueryCreator - Created query Query: { "recipientId" : "Farmer", "read" : false}, Fields: {}, Sort: {}
2026-03-04 00:57:50.289 [http-nio-8080-exec-9] DEBUG o.s.data.mongodb.core.MongoTemplate - Executing count: { "recipientId" : "Farmer", "read" : false} in collection: notifications
2026-03-04 00:58:20.270 [http-nio-8080-exec-10] DEBUG o.s.security.web.FilterChainProxy - Securing GET /api/notifications/unread-count
2026-03-04 00:58:20.273 [http-nio-8080-exec-10] DEBUG o.s.d.m.r.query.MongoQueryCreator - Created query Query: { "username" : "Farmer"}, Fields: {}, Sort: {}
2026-03-04 00:58:20.274 [http-nio-8080-exec-10] DEBUG o.s.data.mongodb.core.MongoTemplate - find using query: { "username" : "Farmer"} fields: Document{{}} for class: class com.agri.supplytracker.model.User in collection: users
2026-03-04 00:58:20.282 [http-nio-8080-exec-10] DEBUG o.s.security.web.FilterChainProxy - Secured GET /api/notifications/unread-count
2026-03-04 00:58:20.283 [http-nio-8080-exec-10] DEBUG o.s.d.m.r.query.MongoQueryCreator - Created query Query: { "recipientId" : "Farmer", "read" : false}, Fields: {}, Sort: {}
2026-03-04 00:58:20.284 [http-nio-8080-exec-10] DEBUG o.s.data.mongodb.core.MongoTemplate - Executing count: { "recipientId" : "Farmer", "read" : false} in collection: notifications
2026-03-04 00:58:28.733 [http-nio-8080-exec-3] DEBUG o.s.security.web.FilterChainProxy - Securing GET /api/notifications/unread-count
2026-03-04 00:58:28.735 [http-nio-8080-exec-3] DEBUG o.s.d.m.r.query.MongoQueryCreator - Created query Query: { "username" : "adminuser"}, Fields: {}, Sort: {}
2026-03-04 00:58:28.735 [http-nio-8080-exec-3] DEBUG o.s.data.mongodb.core.MongoTemplate - find using query: { "username" : "adminuser"} fields: Document{{}} for class: class com.agri.supplytracker.model.User in collection: users
2026-03-04 00:58:28.741 [http-nio-8080-exec-3] DEBUG o.s.security.web.FilterChainProxy - Secured GET /api/notifications/unread-count
2026-03-04 00:58:28.741 [http-nio-8080-exec-3] DEBUG o.s.d.m.r.query.MongoQueryCreator - Created query Query: { "recipientId" : "adminuser", "read" : false}, Fields: {}, Sort: {}
2026-03-04 00:58:28.742 [http-nio-8080-exec-3] DEBUG o.s.data.mongodb.core.MongoTemplate - Executing count: { "recipientId" : "adminuser", "read" : false} in collection: notifications
2026-03-04 00:58:50.280 [http-nio-8080-exec-1] DEBUG o.s.security.web.FilterChainProxy - Securing GET /api/notifications/unread-count
2026-03-04 00:58:50.284 [http-nio-8080-exec-1] DEBUG o.s.d.m.r.query.MongoQueryCreator - Created query Query: { "username" : "Farmer"}, Fields: {}, Sort: {}
2026-03-04 00:58:50.285 [http-nio-8080-exec-1] DEBUG o.s.data.mongodb.core.MongoTemplate - find using query: { "username" : "Farmer"} fields: Document{{}} for class: class com.agri.supplytracker.model.User in collection: users
2026-03-04 00:58:50.292 [http-nio-8080-exec-1] DEBUG o.s.security.web.FilterChainProxy - Secured GET /api/notifications/unread-count
2026-03-04 00:58:50.293 [http-nio-8080-exec-1] DEBUG o.s.d.m.r.query.MongoQueryCreator - Created query Query: { "recipientId" : "Farmer", "read" : false}, Fields: {}, Sort: {}
2026-03-04 00:58:50.294 [http-nio-8080-exec-1] DEBUG o.s.data.mongodb.core.MongoTemplate - Executing count: { "recipientId" : "Farmer", "read" : false} in collection: notifications
2026-03-04 00:59:20.267 [http-nio-8080-exec-4] DEBUG o.s.security.web.FilterChainProxy - Securing GET /api/notifications/unread-count
2026-03-04 00:59:20.269 [http-nio-8080-exec-4] DEBUG o.s.d.m.r.query.MongoQueryCreator - Created query Query: { "username" : "Farmer"}, Fields: {}, Sort: {}
2026-03-04 00:59:20.269 [http-nio-8080-exec-4] DEBUG o.s.data.mongodb.core.MongoTemplate - find using query: { "username" : "Farmer"} fields: Document{{}} for class: class com.agri.supplytracker.model.User in collection: users
2026-03-04 00:59:20.273 [http-nio-8080-exec-4] DEBUG o.s.security.web.FilterChainProxy - Secured GET /api/notifications/unread-count
2026-03-04 00:59:20.273 [http-nio-8080-exec-4] DEBUG o.s.d.m.r.query.MongoQueryCreator - Created query Query: { "recipientId" : "Farmer", "read" : false}, Fields: {}, Sort: {}
2026-03-04 00:59:20.274 [http-nio-8080-exec-4] DEBUG o.s.data.mongodb.core.MongoTemplate - Executing count: { "recipientId" : "Farmer", "read" : false} in collection: notifications
2026-03-04 00:59:28.735 [http-nio-8080-exec-5] DEBUG o.s.security.web.FilterChainProxy - Securing GET /api/notifications/unread-count
2026-03-04 00:59:28.738 [http-nio-8080-exec-5] DEBUG o.s.d.m.r.query.MongoQueryCreator - Created query Query: { "username" : "adminuser"}, Fields: {}, Sort: {}
2026-03-04 00:59:28.739 [http-nio-8080-exec-5] DEBUG o.s.data.mongodb.core.MongoTemplate - find using query: { "username" : "adminuser"} fields: Document{{}} for class: class com.agri.supplytracker.model.User in collection: users
2026-03-04 00:59:28.744 [http-nio-8080-exec-5] DEBUG o.s.security.web.FilterChainProxy - Secured GET /api/notifications/unread-count
2026-03-04 00:59:28.745 [http-nio-8080-exec-5] DEBUG o.s.d.m.r.query.MongoQueryCreator - Created query Query: { "recipientId" : "adminuser", "read" : false}, Fields: {}, Sort: {}
2026-03-04 00:59:28.745 [http-nio-8080-exec-5] DEBUG o.s.data.mongodb.core.MongoTemplate - Executing count: { "recipientId" : "adminuser", "read" : false} in collection: notifications
2026-03-04 00:59:50.274 [http-nio-8080-exec-6] DEBUG o.s.security.web.FilterChainProxy - Securing GET /api/notifications/unread-count
2026-03-04 00:59:50.279 [http-nio-8080-exec-6] DEBUG o.s.d.m.r.query.MongoQueryCreator - Created query Query: { "username" : "Farmer"}, Fields: {}, Sort: {}
2026-03-04 00:59:50.280 [http-nio-8080-exec-6] DEBUG o.s.data.mongodb.core.MongoTemplate - find using query: { "username" : "Farmer"} fields: Document{{}} for class: class com.agri.supplytracker.model.User in collection: users
2026-03-04 00:59:50.289 [http-nio-8080-exec-6] DEBUG o.s.security.web.FilterChainProxy - Secured GET /api/notifications/unread-count
2026-03-04 00:59:50.290 [http-nio-8080-exec-6] DEBUG o.s.d.m.r.query.MongoQueryCreator - Created query Query: { "recipientId" : "Farmer", "read" : false}, Fields: {}, Sort: {}
2026-03-04 00:59:50.290 [http-nio-8080-exec-6] DEBUG o.s.data.mongodb.core.MongoTemplate - Executing count: { "recipientId" : "Farmer", "read" : false} in collection: notifications
2026-03-04 01:00:01.782 [MessageBroker-5] INFO  o.s.w.s.c.WebSocketMessageBrokerStats - WebSocketSession[2 current WS(2)-HttpStream(0)-HttpPoll(0), 8 total, 0 closed abnormally (0 connect failure, 0 send limit, 2 transport error)], stompSubProtocol[processed CONNECT(8)-CONNECTED(8)-DISCONNECT(0)], stompBrokerRelay[null], inboundChannel[pool size = 0, active threads = 0, queued tasks = 0, completed tasks = 66], outboundChannel[pool size = 0, active threads = 0, queued tasks = 0, completed tasks = 14], sockJsScheduler[pool size = 8, active threads = 1, queued tasks = 3, completed tasks = 8213]
2026-03-04 01:00:20.270 [http-nio-8080-exec-2] DEBUG o.s.security.web.FilterChainProxy - Securing GET /api/notifications/unread-count
2026-03-04 01:00:20.274 [http-nio-8080-exec-2] DEBUG o.s.d.m.r.query.MongoQueryCreator - Created query Query: { "username" : "Farmer"}, Fields: {}, Sort: {}
2026-03-04 01:00:20.274 [http-nio-8080-exec-2] DEBUG o.s.data.mongodb.core.MongoTemplate - find using query: { "username" : "Farmer"} fields: Document{{}} for class: class com.agri.supplytracker.model.User in collection: users
2026-03-04 01:00:20.282 [http-nio-8080-exec-2] DEBUG o.s.security.web.FilterChainProxy - Secured GET /api/notifications/unread-count
2026-03-04 01:00:20.283 [http-nio-8080-exec-2] DEBUG o.s.d.m.r.query.MongoQueryCreator - Created query Query: { "recipientId" : "Farmer", "read" : false}, Fields: {}, Sort: {}
2026-03-04 01:00:20.284 [http-nio-8080-exec-2] DEBUG o.s.data.mongodb.core.MongoTemplate - Executing count: { "recipientId" : "Farmer", "read" : false} in collection: notifications
2026-03-04 01:00:28.723 [http-nio-8080-exec-9] DEBUG o.s.security.web.FilterChainProxy - Securing GET /api/notifications/unread-count
2026-03-04 01:00:28.726 [http-nio-8080-exec-9] DEBUG o.s.d.m.r.query.MongoQueryCreator - Created query Query: { "username" : "adminuser"}, Fields: {}, Sort: {}
2026-03-04 01:00:28.727 [http-nio-8080-exec-9] DEBUG o.s.data.mongodb.core.MongoTemplate - find using query: { "username" : "adminuser"} fields: Document{{}} for class: class com.agri.supplytracker.model.User in collection: users
2026-03-04 01:00:28.732 [http-nio-8080-exec-9] DEBUG o.s.security.web.FilterChainProxy - Secured GET /api/notifications/unread-count
2026-03-04 01:00:28.732 [http-nio-8080-exec-9] DEBUG o.s.d.m.r.query.MongoQueryCreator - Created query Query: { "recipientId" : "adminuser", "read" : false}, Fields: {}, Sort: {}
2026-03-04 01:00:28.732 [http-nio-8080-exec-9] DEBUG o.s.data.mongodb.core.MongoTemplate - Executing count: { "recipientId" : "adminuser", "read" : false} in collection: notifications
2026-03-04 01:00:50.268 [http-nio-8080-exec-10] DEBUG o.s.security.web.FilterChainProxy - Securing GET /api/notifications/unread-count
2026-03-04 01:00:50.273 [http-nio-8080-exec-10] DEBUG o.s.d.m.r.query.MongoQueryCreator - Created query Query: { "username" : "Farmer"}, Fields: {}, Sort: {}
2026-03-04 01:00:50.274 [http-nio-8080-exec-10] DEBUG o.s.data.mongodb.core.MongoTemplate - find using query: { "username" : "Farmer"} fields: Document{{}} for class: class com.agri.supplytracker.model.User in collection: users
2026-03-04 01:00:50.283 [http-nio-8080-exec-10] DEBUG o.s.security.web.FilterChainProxy - Secured GET /api/notifications/unread-count
2026-03-04 01:00:50.284 [http-nio-8080-exec-10] DEBUG o.s.d.m.r.query.MongoQueryCreator - Created query Query: { "recipientId" : "Farmer", "read" : false}, Fields: {}, Sort: {}
2026-03-04 01:00:50.285 [http-nio-8080-exec-10] DEBUG o.s.data.mongodb.core.MongoTemplate - Executing count: { "recipientId" : "Farmer", "read" : false} in collection: notifications
2026-03-04 01:01:20.274 [http-nio-8080-exec-3] DEBUG o.s.security.web.FilterChainProxy - Securing GET /api/notifications/unread-count
2026-03-04 01:01:20.278 [http-nio-8080-exec-3] DEBUG o.s.d.m.r.query.MongoQueryCreator - Created query Query: { "username" : "Farmer"}, Fields: {}, Sort: {}
2026-03-04 01:01:20.278 [http-nio-8080-exec-3] DEBUG o.s.data.mongodb.core.MongoTemplate - find using query: { "username" : "Farmer"} fields: Document{{}} for class: class com.agri.supplytracker.model.User in collection: users
2026-03-04 01:01:20.286 [http-nio-8080-exec-3] DEBUG o.s.security.web.FilterChainProxy - Secured GET /api/notifications/unread-count
2026-03-04 01:01:20.287 [http-nio-8080-exec-3] DEBUG o.s.d.m.r.query.MongoQueryCreator - Created query Query: { "recipientId" : "Farmer", "read" : false}, Fields: {}, Sort: {}
2026-03-04 01:01:20.288 [http-nio-8080-exec-3] DEBUG o.s.data.mongodb.core.MongoTemplate - Executing count: { "recipientId" : "Farmer", "read" : false} in collection: notifications
2026-03-04 01:01:28.736 [http-nio-8080-exec-1] DEBUG o.s.security.web.FilterChainProxy - Securing GET /api/notifications/unread-count
2026-03-04 01:01:28.738 [http-nio-8080-exec-1] DEBUG o.s.d.m.r.query.MongoQueryCreator - Created query Query: { "username" : "adminuser"}, Fields: {}, Sort: {}
2026-03-04 01:01:28.739 [http-nio-8080-exec-1] DEBUG o.s.data.mongodb.core.MongoTemplate - find using query: { "username" : "adminuser"} fields: Document{{}} for class: class com.agri.supplytracker.model.User in collection: users
2026-03-04 01:01:28.744 [http-nio-8080-exec-1] DEBUG o.s.security.web.FilterChainProxy - Secured GET /api/notifications/unread-count
2026-03-04 01:01:28.745 [http-nio-8080-exec-1] DEBUG o.s.d.m.r.query.MongoQueryCreator - Created query Query: { "recipientId" : "adminuser", "read" : false}, Fields: {}, Sort: {}
2026-03-04 01:01:28.746 [http-nio-8080-exec-1] DEBUG o.s.data.mongodb.core.MongoTemplate - Executing count: { "recipientId" : "adminuser", "read" : false} in collection: notifications
2026-03-04 01:01:50.280 [http-nio-8080-exec-4] DEBUG o.s.security.web.FilterChainProxy - Securing GET /api/notifications/unread-count
2026-03-04 01:01:50.282 [http-nio-8080-exec-4] DEBUG o.s.d.m.r.query.MongoQueryCreator - Created query Query: { "username" : "Farmer"}, Fields: {}, Sort: {}
2026-03-04 01:01:50.282 [http-nio-8080-exec-4] DEBUG o.s.data.mongodb.core.MongoTemplate - find using query: { "username" : "Farmer"} fields: Document{{}} for class: class com.agri.supplytracker.model.User in collection: users
2026-03-04 01:01:50.289 [http-nio-8080-exec-4] DEBUG o.s.security.web.FilterChainProxy - Secured GET /api/notifications/unread-count
2026-03-04 01:01:50.289 [http-nio-8080-exec-4] DEBUG o.s.d.m.r.query.MongoQueryCreator - Created query Query: { "recipientId" : "Farmer", "read" : false}, Fields: {}, Sort: {}
2026-03-04 01:01:50.289 [http-nio-8080-exec-4] DEBUG o.s.data.mongodb.core.MongoTemplate - Executing count: { "recipientId" : "Farmer", "read" : false} in collection: notifications
2026-03-04 01:02:20.274 [http-nio-8080-exec-5] DEBUG o.s.security.web.FilterChainProxy - Securing GET /api/notifications/unread-count
2026-03-04 01:02:20.278 [http-nio-8080-exec-5] DEBUG o.s.d.m.r.query.MongoQueryCreator - Created query Query: { "username" : "Farmer"}, Fields: {}, Sort: {}
2026-03-04 01:02:20.278 [http-nio-8080-exec-5] DEBUG o.s.data.mongodb.core.MongoTemplate - find using query: { "username" : "Farmer"} fields: Document{{}} for class: class com.agri.supplytracker.model.User in collection: users
2026-03-04 01:02:20.287 [http-nio-8080-exec-5] DEBUG o.s.security.web.FilterChainProxy - Secured GET /api/notifications/unread-count
2026-03-04 01:02:20.288 [http-nio-8080-exec-5] DEBUG o.s.d.m.r.query.MongoQueryCreator - Created query Query: { "recipientId" : "Farmer", "read" : false}, Fields: {}, Sort: {}
2026-03-04 01:02:20.289 [http-nio-8080-exec-5] DEBUG o.s.data.mongodb.core.MongoTemplate - Executing count: { "recipientId" : "Farmer", "read" : false} in collection: notifications
2026-03-04 01:02:28.736 [http-nio-8080-exec-6] DEBUG o.s.security.web.FilterChainProxy - Securing GET /api/notifications/unread-count
2026-03-04 01:02:28.737 [http-nio-8080-exec-6] DEBUG o.s.d.m.r.query.MongoQueryCreator - Created query Query: { "username" : "adminuser"}, Fields: {}, Sort: {}
2026-03-04 01:02:28.739 [http-nio-8080-exec-6] DEBUG o.s.data.mongodb.core.MongoTemplate - find using query: { "username" : "adminuser"} fields: Document{{}} for class: class com.agri.supplytracker.model.User in collection: users
2026-03-04 01:02:28.744 [http-nio-8080-exec-6] DEBUG o.s.security.web.FilterChainProxy - Secured GET /api/notifications/unread-count
2026-03-04 01:02:28.744 [http-nio-8080-exec-6] DEBUG o.s.d.m.r.query.MongoQueryCreator - Created query Query: { "recipientId" : "adminuser", "read" : false}, Fields: {}, Sort: {}
2026-03-04 01:02:28.745 [http-nio-8080-exec-6] DEBUG o.s.data.mongodb.core.MongoTemplate - Executing count: { "recipientId" : "adminuser", "read" : false} in collection: notifications
2026-03-04 01:02:50.267 [http-nio-8080-exec-8] DEBUG o.s.security.web.FilterChainProxy - Securing GET /api/notifications/unread-count
2026-03-04 01:02:50.270 [http-nio-8080-exec-8] DEBUG o.s.d.m.r.query.MongoQueryCreator - Created query Query: { "username" : "Farmer"}, Fields: {}, Sort: {}
2026-03-04 01:02:50.270 [http-nio-8080-exec-8] DEBUG o.s.data.mongodb.core.MongoTemplate - find using query: { "username" : "Farmer"} fields: Document{{}} for class: class com.agri.supplytracker.model.User in collection: users
2026-03-04 01:02:50.278 [http-nio-8080-exec-8] DEBUG o.s.security.web.FilterChainProxy - Secured GET /api/notifications/unread-count
2026-03-04 01:02:50.279 [http-nio-8080-exec-8] DEBUG o.s.d.m.r.query.MongoQueryCreator - Created query Query: { "recipientId" : "Farmer", "read" : false}, Fields: {}, Sort: {}
2026-03-04 01:02:50.279 [http-nio-8080-exec-8] DEBUG o.s.data.mongodb.core.MongoTemplate - Executing count: { "recipientId" : "Farmer", "read" : false} in collection: notifications
2026-03-04 01:03:20.280 [http-nio-8080-exec-7] DEBUG o.s.security.web.FilterChainProxy - Securing GET /api/notifications/unread-count
2026-03-04 01:03:20.284 [http-nio-8080-exec-7] DEBUG o.s.d.m.r.query.MongoQueryCreator - Created query Query: { "username" : "Farmer"}, Fields: {}, Sort: {}
2026-03-04 01:03:20.284 [http-nio-8080-exec-7] DEBUG o.s.data.mongodb.core.MongoTemplate - find using query: { "username" : "Farmer"} fields: Document{{}} for class: class com.agri.supplytracker.model.User in collection: users
2026-03-04 01:03:20.291 [http-nio-8080-exec-7] DEBUG o.s.security.web.FilterChainProxy - Secured GET /api/notifications/unread-count
2026-03-04 01:03:20.292 [http-nio-8080-exec-7] DEBUG o.s.d.m.r.query.MongoQueryCreator - Created query Query: { "recipientId" : "Farmer", "read" : false}, Fields: {}, Sort: {}
2026-03-04 01:03:20.293 [http-nio-8080-exec-7] DEBUG o.s.data.mongodb.core.MongoTemplate - Executing count: { "recipientId" : "Farmer", "read" : false} in collection: notifications
2026-03-04 01:03:28.734 [http-nio-8080-exec-2] DEBUG o.s.security.web.FilterChainProxy - Securing GET /api/notifications/unread-count
2026-03-04 01:03:28.736 [http-nio-8080-exec-2] DEBUG o.s.d.m.r.query.MongoQueryCreator - Created query Query: { "username" : "adminuser"}, Fields: {}, Sort: {}
2026-03-04 01:03:28.736 [http-nio-8080-exec-2] DEBUG o.s.data.mongodb.core.MongoTemplate - find using query: { "username" : "adminuser"} fields: Document{{}} for class: class com.agri.supplytracker.model.User in collection: users
2026-03-04 01:03:28.741 [http-nio-8080-exec-2] DEBUG o.s.security.web.FilterChainProxy - Secured GET /api/notifications/unread-count
2026-03-04 01:03:28.742 [http-nio-8080-exec-2] DEBUG o.s.d.m.r.query.MongoQueryCreator - Created query Query: { "recipientId" : "adminuser", "read" : false}, Fields: {}, Sort: {}
2026-03-04 01:03:28.742 [http-nio-8080-exec-2] DEBUG o.s.data.mongodb.core.MongoTemplate - Executing count: { "recipientId" : "adminuser", "read" : false} in collection: notifications
2026-03-04 01:03:50.279 [http-nio-8080-exec-9] DEBUG o.s.security.web.FilterChainProxy - Securing GET /api/notifications/unread-count
2026-03-04 01:03:50.283 [http-nio-8080-exec-9] DEBUG o.s.d.m.r.query.MongoQueryCreator - Created query Query: { "username" : "Farmer"}, Fields: {}, Sort: {}
2026-03-04 01:03:50.283 [http-nio-8080-exec-9] DEBUG o.s.data.mongodb.core.MongoTemplate - find using query: { "username" : "Farmer"} fields: Document{{}} for class: class com.agri.supplytracker.model.User in collection: users
2026-03-04 01:03:50.292 [http-nio-8080-exec-9] DEBUG o.s.security.web.FilterChainProxy - Secured GET /api/notifications/unread-count
2026-03-04 01:03:50.293 [http-nio-8080-exec-9] DEBUG o.s.d.m.r.query.MongoQueryCreator - Created query Query: { "recipientId" : "Farmer", "read" : false}, Fields: {}, Sort: {}
2026-03-04 01:03:50.294 [http-nio-8080-exec-9] DEBUG o.s.data.mongodb.core.MongoTemplate - Executing count: { "recipientId" : "Farmer", "read" : false} in collection: notifications
2026-03-04 01:04:20.271 [http-nio-8080-exec-10] DEBUG o.s.security.web.FilterChainProxy - Securing GET /api/notifications/unread-count
2026-03-04 01:04:20.273 [http-nio-8080-exec-10] DEBUG o.s.d.m.r.query.MongoQueryCreator - Created query Query: { "username" : "Farmer"}, Fields: {}, Sort: {}
2026-03-04 01:04:20.273 [http-nio-8080-exec-10] DEBUG o.s.data.mongodb.core.MongoTemplate - find using query: { "username" : "Farmer"} fields: Document{{}} for class: class com.agri.supplytracker.model.User in collection: users
2026-03-04 01:04:20.276 [http-nio-8080-exec-10] DEBUG o.s.security.web.FilterChainProxy - Secured GET /api/notifications/unread-count
2026-03-04 01:04:20.277 [http-nio-8080-exec-10] DEBUG o.s.d.m.r.query.MongoQueryCreator - Created query Query: { "recipientId" : "Farmer", "read" : false}, Fields: {}, Sort: {}
2026-03-04 01:04:20.277 [http-nio-8080-exec-10] DEBUG o.s.data.mongodb.core.MongoTemplate - Executing count: { "recipientId" : "Farmer", "read" : false} in collection: notifications
2026-03-04 01:04:28.722 [http-nio-8080-exec-3] DEBUG o.s.security.web.FilterChainProxy - Securing GET /api/notifications/unread-count
2026-03-04 01:04:28.724 [http-nio-8080-exec-3] DEBUG o.s.d.m.r.query.MongoQueryCreator - Created query Query: { "username" : "adminuser"}, Fields: {}, Sort: {}
2026-03-04 01:04:28.725 [http-nio-8080-exec-3] DEBUG o.s.data.mongodb.core.MongoTemplate - find using query: { "username" : "adminuser"} fields: Document{{}} for class: class com.agri.supplytracker.model.User in collection: users
2026-03-04 01:04:28.731 [http-nio-8080-exec-3] DEBUG o.s.security.web.FilterChainProxy - Secured GET /api/notifications/unread-count
2026-03-04 01:04:28.731 [http-nio-8080-exec-3] DEBUG o.s.d.m.r.query.MongoQueryCreator - Created query Query: { "recipientId" : "adminuser", "read" : false}, Fields: {}, Sort: {}
2026-03-04 01:04:28.732 [http-nio-8080-exec-3] DEBUG o.s.data.mongodb.core.MongoTemplate - Executing count: { "recipientId" : "adminuser", "read" : false} in collection: notifications
2026-03-04 01:04:50.269 [http-nio-8080-exec-1] DEBUG o.s.security.web.FilterChainProxy - Securing GET /api/notifications/unread-count
2026-03-04 01:04:50.274 [http-nio-8080-exec-1] DEBUG o.s.d.m.r.query.MongoQueryCreator - Created query Query: { "username" : "Farmer"}, Fields: {}, Sort: {}
2026-03-04 01:04:50.275 [http-nio-8080-exec-1] DEBUG o.s.data.mongodb.core.MongoTemplate - find using query: { "username" : "Farmer"} fields: Document{{}} for class: class com.agri.supplytracker.model.User in collection: users
2026-03-04 01:04:50.283 [http-nio-8080-exec-1] DEBUG o.s.security.web.FilterChainProxy - Secured GET /api/notifications/unread-count
2026-03-04 01:04:50.284 [http-nio-8080-exec-1] DEBUG o.s.d.m.r.query.MongoQueryCreator - Created query Query: { "recipientId" : "Farmer", "read" : false}, Fields: {}, Sort: {}
2026-03-04 01:04:50.285 [http-nio-8080-exec-1] DEBUG o.s.data.mongodb.core.MongoTemplate - Executing count: { "recipientId" : "Farmer", "read" : false} in collection: notifications
2026-03-04 01:05:20.278 [http-nio-8080-exec-4] DEBUG o.s.security.web.FilterChainProxy - Securing GET /api/notifications/unread-count
2026-03-04 01:05:20.281 [http-nio-8080-exec-4] DEBUG o.s.d.m.r.query.MongoQueryCreator - Created query Query: { "username" : "Farmer"}, Fields: {}, Sort: {}
2026-03-04 01:05:20.281 [http-nio-8080-exec-4] DEBUG o.s.data.mongodb.core.MongoTemplate - find using query: { "username" : "Farmer"} fields: Document{{}} for class: class com.agri.supplytracker.model.User in collection: users
2026-03-04 01:05:20.287 [http-nio-8080-exec-4] DEBUG o.s.security.web.FilterChainProxy - Secured GET /api/notifications/unread-count
2026-03-04 01:05:20.287 [http-nio-8080-exec-4] DEBUG o.s.d.m.r.query.MongoQueryCreator - Created query Query: { "recipientId" : "Farmer", "read" : false}, Fields: {}, Sort: {}
2026-03-04 01:05:20.288 [http-nio-8080-exec-4] DEBUG o.s.data.mongodb.core.MongoTemplate - Executing count: { "recipientId" : "Farmer", "read" : false} in collection: notifications
2026-03-04 01:05:28.732 [http-nio-8080-exec-5] DEBUG o.s.security.web.FilterChainProxy - Securing GET /api/notifications/unread-count
2026-03-04 01:05:28.734 [http-nio-8080-exec-5] DEBUG o.s.d.m.r.query.MongoQueryCreator - Created query Query: { "username" : "adminuser"}, Fields: {}, Sort: {}
2026-03-04 01:05:28.734 [http-nio-8080-exec-5] DEBUG o.s.data.mongodb.core.MongoTemplate - find using query: { "username" : "adminuser"} fields: Document{{}} for class: class com.agri.supplytracker.model.User in collection: users
2026-03-04 01:05:28.738 [http-nio-8080-exec-5] DEBUG o.s.security.web.FilterChainProxy - Secured GET /api/notifications/unread-count
2026-03-04 01:05:28.740 [http-nio-8080-exec-5] DEBUG o.s.d.m.r.query.MongoQueryCreator - Created query Query: { "recipientId" : "adminuser", "read" : false}, Fields: {}, Sort: {}
2026-03-04 01:05:28.740 [http-nio-8080-exec-5] DEBUG o.s.data.mongodb.core.MongoTemplate - Executing count: { "recipientId" : "adminuser", "read" : false} in collection: notifications
2026-03-04 01:05:50.276 [http-nio-8080-exec-6] DEBUG o.s.security.web.FilterChainProxy - Securing GET /api/notifications/unread-count
2026-03-04 01:05:50.280 [http-nio-8080-exec-6] DEBUG o.s.d.m.r.query.MongoQueryCreator - Created query Query: { "username" : "Farmer"}, Fields: {}, Sort: {}
2026-03-04 01:05:50.280 [http-nio-8080-exec-6] DEBUG o.s.data.mongodb.core.MongoTemplate - find using query: { "username" : "Farmer"} fields: Document{{}} for class: class com.agri.supplytracker.model.User in collection: users
2026-03-04 01:05:50.287 [http-nio-8080-exec-6] DEBUG o.s.security.web.FilterChainProxy - Secured GET /api/notifications/unread-count
2026-03-04 01:05:50.288 [http-nio-8080-exec-6] DEBUG o.s.d.m.r.query.MongoQueryCreator - Created query Query: { "recipientId" : "Farmer", "read" : false}, Fields: {}, Sort: {}
2026-03-04 01:05:50.289 [http-nio-8080-exec-6] DEBUG o.s.data.mongodb.core.MongoTemplate - Executing count: { "recipientId" : "Farmer", "read" : false} in collection: notifications
2026-03-04 01:06:20.273 [http-nio-8080-exec-8] DEBUG o.s.security.web.FilterChainProxy - Securing GET /api/notifications/unread-count
2026-03-04 01:06:20.276 [http-nio-8080-exec-8] DEBUG o.s.d.m.r.query.MongoQueryCreator - Created query Query: { "username" : "Farmer"}, Fields: {}, Sort: {}
2026-03-04 01:06:20.276 [http-nio-8080-exec-8] DEBUG o.s.data.mongodb.core.MongoTemplate - find using query: { "username" : "Farmer"} fields: Document{{}} for class: class com.agri.supplytracker.model.User in collection: users
2026-03-04 01:06:20.282 [http-nio-8080-exec-8] DEBUG o.s.security.web.FilterChainProxy - Secured GET /api/notifications/unread-count
2026-03-04 01:06:20.283 [http-nio-8080-exec-8] DEBUG o.s.d.m.r.query.MongoQueryCreator - Created query Query: { "recipientId" : "Farmer", "read" : false}, Fields: {}, Sort: {}
2026-03-04 01:06:20.283 [http-nio-8080-exec-8] DEBUG o.s.data.mongodb.core.MongoTemplate - Executing count: { "recipientId" : "Farmer", "read" : false} in collection: notifications
2026-03-04 01:06:28.724 [http-nio-8080-exec-7] DEBUG o.s.security.web.FilterChainProxy - Securing GET /api/notifications/unread-count
2026-03-04 01:06:28.726 [http-nio-8080-exec-7] DEBUG o.s.d.m.r.query.MongoQueryCreator - Created query Query: { "username" : "adminuser"}, Fields: {}, Sort: {}
2026-03-04 01:06:28.726 [http-nio-8080-exec-7] DEBUG o.s.data.mongodb.core.MongoTemplate - find using query: { "username" : "adminuser"} fields: Document{{}} for class: class com.agri.supplytracker.model.User in collection: users
2026-03-04 01:06:28.731 [http-nio-8080-exec-7] DEBUG o.s.security.web.FilterChainProxy - Secured GET /api/notifications/unread-count
2026-03-04 01:06:28.732 [http-nio-8080-exec-7] DEBUG o.s.d.m.r.query.MongoQueryCreator - Created query Query: { "recipientId" : "adminuser", "read" : false}, Fields: {}, Sort: {}
2026-03-04 01:06:28.732 [http-nio-8080-exec-7] DEBUG o.s.data.mongodb.core.MongoTemplate - Executing count: { "recipientId" : "adminuser", "read" : false} in collection: notifications
2026-03-04 01:06:50.275 [http-nio-8080-exec-2] DEBUG o.s.security.web.FilterChainProxy - Securing GET /api/notifications/unread-count
2026-03-04 01:06:50.278 [http-nio-8080-exec-2] DEBUG o.s.d.m.r.query.MongoQueryCreator - Created query Query: { "username" : "Farmer"}, Fields: {}, Sort: {}
2026-03-04 01:06:50.278 [http-nio-8080-exec-2] DEBUG o.s.data.mongodb.core.MongoTemplate - find using query: { "username" : "Farmer"} fields: Document{{}} for class: class com.agri.supplytracker.model.User in collection: users
2026-03-04 01:06:50.282 [http-nio-8080-exec-2] DEBUG o.s.security.web.FilterChainProxy - Secured GET /api/notifications/unread-count
2026-03-04 01:06:50.283 [http-nio-8080-exec-2] DEBUG o.s.d.m.r.query.MongoQueryCreator - Created query Query: { "recipientId" : "Farmer", "read" : false}, Fields: {}, Sort: {}
2026-03-04 01:06:50.283 [http-nio-8080-exec-2] DEBUG o.s.data.mongodb.core.MongoTemplate - Executing count: { "recipientId" : "Farmer", "read" : false} in collection: notifications
2026-03-04 01:07:20.281 [http-nio-8080-exec-9] DEBUG o.s.security.web.FilterChainProxy - Securing GET /api/notifications/unread-count
2026-03-04 01:07:20.285 [http-nio-8080-exec-9] DEBUG o.s.d.m.r.query.MongoQueryCreator - Created query Query: { "username" : "Farmer"}, Fields: {}, Sort: {}
2026-03-04 01:07:20.285 [http-nio-8080-exec-9] DEBUG o.s.data.mongodb.core.MongoTemplate - find using query: { "username" : "Farmer"} fields: Document{{}} for class: class com.agri.supplytracker.model.User in collection: users
2026-03-04 01:07:20.293 [http-nio-8080-exec-9] DEBUG o.s.security.web.FilterChainProxy - Secured GET /api/notifications/unread-count
2026-03-04 01:07:20.295 [http-nio-8080-exec-9] DEBUG o.s.d.m.r.query.MongoQueryCreator - Created query Query: { "recipientId" : "Farmer", "read" : false}, Fields: {}, Sort: {}
2026-03-04 01:07:20.296 [http-nio-8080-exec-9] DEBUG o.s.data.mongodb.core.MongoTemplate - Executing count: { "recipientId" : "Farmer", "read" : false} in collection: notifications
2026-03-04 01:07:28.744 [http-nio-8080-exec-10] DEBUG o.s.security.web.FilterChainProxy - Securing GET /api/notifications/unread-count
2026-03-04 01:07:28.747 [http-nio-8080-exec-10] DEBUG o.s.d.m.r.query.MongoQueryCreator - Created query Query: { "username" : "adminuser"}, Fields: {}, Sort: {}
2026-03-04 01:07:28.747 [http-nio-8080-exec-10] DEBUG o.s.data.mongodb.core.MongoTemplate - find using query: { "username" : "adminuser"} fields: Document{{}} for class: class com.agri.supplytracker.model.User in collection: users
2026-03-04 01:07:28.752 [http-nio-8080-exec-10] DEBUG o.s.security.web.FilterChainProxy - Secured GET /api/notifications/unread-count
2026-03-04 01:07:28.753 [http-nio-8080-exec-10] DEBUG o.s.d.m.r.query.MongoQueryCreator - Created query Query: { "recipientId" : "adminuser", "read" : false}, Fields: {}, Sort: {}
2026-03-04 01:07:28.753 [http-nio-8080-exec-10] DEBUG o.s.data.mongodb.core.MongoTemplate - Executing count: { "recipientId" : "adminuser", "read" : false} in collection: notifications
2026-03-04 01:07:50.278 [http-nio-8080-exec-3] DEBUG o.s.security.web.FilterChainProxy - Securing GET /api/notifications/unread-count
2026-03-04 01:07:50.283 [http-nio-8080-exec-3] DEBUG o.s.d.m.r.query.MongoQueryCreator - Created query Query: { "username" : "Farmer"}, Fields: {}, Sort: {}
2026-03-04 01:07:50.283 [http-nio-8080-exec-3] DEBUG o.s.data.mongodb.core.MongoTemplate - find using query: { "username" : "Farmer"} fields: Document{{}} for class: class com.agri.supplytracker.model.User in collection: users
2026-03-04 01:07:50.292 [http-nio-8080-exec-3] DEBUG o.s.security.web.FilterChainProxy - Secured GET /api/notifications/unread-count
2026-03-04 01:07:50.293 [http-nio-8080-exec-3] DEBUG o.s.d.m.r.query.MongoQueryCreator - Created query Query: { "recipientId" : "Farmer", "read" : false}, Fields: {}, Sort: {}
2026-03-04 01:07:50.294 [http-nio-8080-exec-3] DEBUG o.s.data.mongodb.core.MongoTemplate - Executing count: { "recipientId" : "Farmer", "read" : false} in collection: notifications
2026-03-04 01:08:20.276 [http-nio-8080-exec-1] DEBUG o.s.security.web.FilterChainProxy - Securing GET /api/notifications/unread-count
2026-03-04 01:08:20.280 [http-nio-8080-exec-1] DEBUG o.s.d.m.r.query.MongoQueryCreator - Created query Query: { "username" : "Farmer"}, Fields: {}, Sort: {}
2026-03-04 01:08:20.281 [http-nio-8080-exec-1] DEBUG o.s.data.mongodb.core.MongoTemplate - find using query: { "username" : "Farmer"} fields: Document{{}} for class: class com.agri.supplytracker.model.User in collection: users
2026-03-04 01:08:20.289 [http-nio-8080-exec-1] DEBUG o.s.security.web.FilterChainProxy - Secured GET /api/notifications/unread-count
2026-03-04 01:08:20.290 [http-nio-8080-exec-1] DEBUG o.s.d.m.r.query.MongoQueryCreator - Created query Query: { "recipientId" : "Farmer", "read" : false}, Fields: {}, Sort: {}
2026-03-04 01:08:20.291 [http-nio-8080-exec-1] DEBUG o.s.data.mongodb.core.MongoTemplate - Executing count: { "recipientId" : "Farmer", "read" : false} in collection: notifications
2026-03-04 01:08:28.725 [http-nio-8080-exec-4] DEBUG o.s.security.web.FilterChainProxy - Securing GET /api/notifications/unread-count
2026-03-04 01:08:28.727 [http-nio-8080-exec-4] DEBUG o.s.d.m.r.query.MongoQueryCreator - Created query Query: { "username" : "adminuser"}, Fields: {}, Sort: {}
2026-03-04 01:08:28.728 [http-nio-8080-exec-4] DEBUG o.s.data.mongodb.core.MongoTemplate - find using query: { "username" : "adminuser"} fields: Document{{}} for class: class com.agri.supplytracker.model.User in collection: users
2026-03-04 01:08:28.732 [http-nio-8080-exec-4] DEBUG o.s.security.web.FilterChainProxy - Secured GET /api/notifications/unread-count
2026-03-04 01:08:28.732 [http-nio-8080-exec-4] DEBUG o.s.d.m.r.query.MongoQueryCreator - Created query Query: { "recipientId" : "adminuser", "read" : false}, Fields: {}, Sort: {}
2026-03-04 01:08:28.734 [http-nio-8080-exec-4] DEBUG o.s.data.mongodb.core.MongoTemplate - Executing count: { "recipientId" : "adminuser", "read" : false} in collection: notifications
2026-03-04 01:08:50.270 [http-nio-8080-exec-5] DEBUG o.s.security.web.FilterChainProxy - Securing GET /api/notifications/unread-count
2026-03-04 01:08:50.275 [http-nio-8080-exec-5] DEBUG o.s.d.m.r.query.MongoQueryCreator - Created query Query: { "username" : "Farmer"}, Fields: {}, Sort: {}
2026-03-04 01:08:50.276 [http-nio-8080-exec-5] DEBUG o.s.data.mongodb.core.MongoTemplate - find using query: { "username" : "Farmer"} fields: Document{{}} for class: class com.agri.supplytracker.model.User in collection: users
2026-03-04 01:08:50.285 [http-nio-8080-exec-5] DEBUG o.s.security.web.FilterChainProxy - Secured GET /api/notifications/unread-count
2026-03-04 01:08:50.285 [http-nio-8080-exec-5] DEBUG o.s.d.m.r.query.MongoQueryCreator - Created query Query: { "recipientId" : "Farmer", "read" : false}, Fields: {}, Sort: {}
2026-03-04 01:08:50.286 [http-nio-8080-exec-5] DEBUG o.s.data.mongodb.core.MongoTemplate - Executing count: { "recipientId" : "Farmer", "read" : false} in collection: notifications
2026-03-04 01:09:20.279 [http-nio-8080-exec-6] DEBUG o.s.security.web.FilterChainProxy - Securing GET /api/notifications/unread-count
2026-03-04 01:09:20.281 [http-nio-8080-exec-6] DEBUG o.s.d.m.r.query.MongoQueryCreator - Created query Query: { "username" : "Farmer"}, Fields: {}, Sort: {}
2026-03-04 01:09:20.281 [http-nio-8080-exec-6] DEBUG o.s.data.mongodb.core.MongoTemplate - find using query: { "username" : "Farmer"} fields: Document{{}} for class: class com.agri.supplytracker.model.User in collection: users
2026-03-04 01:09:20.287 [http-nio-8080-exec-6] DEBUG o.s.security.web.FilterChainProxy - Secured GET /api/notifications/unread-count
2026-03-04 01:09:20.289 [http-nio-8080-exec-6] DEBUG o.s.d.m.r.query.MongoQueryCreator - Created query Query: { "recipientId" : "Farmer", "read" : false}, Fields: {}, Sort: {}
2026-03-04 01:09:20.289 [http-nio-8080-exec-6] DEBUG o.s.data.mongodb.core.MongoTemplate - Executing count: { "recipientId" : "Farmer", "read" : false} in collection: notifications
2026-03-04 01:09:28.737 [http-nio-8080-exec-8] DEBUG o.s.security.web.FilterChainProxy - Securing GET /api/notifications/unread-count
2026-03-04 01:09:28.739 [http-nio-8080-exec-8] DEBUG o.s.d.m.r.query.MongoQueryCreator - Created query Query: { "username" : "adminuser"}, Fields: {}, Sort: {}
2026-03-04 01:09:28.740 [http-nio-8080-exec-8] DEBUG o.s.data.mongodb.core.MongoTemplate - find using query: { "username" : "adminuser"} fields: Document{{}} for class: class com.agri.supplytracker.model.User in collection: users
2026-03-04 01:09:28.744 [http-nio-8080-exec-8] DEBUG o.s.security.web.FilterChainProxy - Secured GET /api/notifications/unread-count
2026-03-04 01:09:28.745 [http-nio-8080-exec-8] DEBUG o.s.d.m.r.query.MongoQueryCreator - Created query Query: { "recipientId" : "adminuser", "read" : false}, Fields: {}, Sort: {}
2026-03-04 01:09:28.745 [http-nio-8080-exec-8] DEBUG o.s.data.mongodb.core.MongoTemplate - Executing count: { "recipientId" : "adminuser", "read" : false} in collection: notifications
2026-03-04 01:09:50.280 [http-nio-8080-exec-7] DEBUG o.s.security.web.FilterChainProxy - Securing GET /api/notifications/unread-count
2026-03-04 01:09:50.284 [http-nio-8080-exec-7] DEBUG o.s.d.m.r.query.MongoQueryCreator - Created query Query: { "username" : "Farmer"}, Fields: {}, Sort: {}
2026-03-04 01:09:50.285 [http-nio-8080-exec-7] DEBUG o.s.data.mongodb.core.MongoTemplate - find using query: { "username" : "Farmer"} fields: Document{{}} for class: class com.agri.supplytracker.model.User in collection: users
2026-03-04 01:09:50.298 [http-nio-8080-exec-7] DEBUG o.s.security.web.FilterChainProxy - Secured GET /api/notifications/unread-count
2026-03-04 01:09:50.300 [http-nio-8080-exec-7] DEBUG o.s.d.m.r.query.MongoQueryCreator - Created query Query: { "recipientId" : "Farmer", "read" : false}, Fields: {}, Sort: {}
2026-03-04 01:09:50.300 [http-nio-8080-exec-7] DEBUG o.s.data.mongodb.core.MongoTemplate - Executing count: { "recipientId" : "Farmer", "read" : false} in collection: notifications
2026-03-04 01:10:20.273 [http-nio-8080-exec-2] DEBUG o.s.security.web.FilterChainProxy - Securing GET /api/notifications/unread-count
2026-03-04 01:10:20.276 [http-nio-8080-exec-2] DEBUG o.s.d.m.r.query.MongoQueryCreator - Created query Query: { "username" : "Farmer"}, Fields: {}, Sort: {}
2026-03-04 01:10:20.277 [http-nio-8080-exec-2] DEBUG o.s.data.mongodb.core.MongoTemplate - find using query: { "username" : "Farmer"} fields: Document{{}} for class: class com.agri.supplytracker.model.User in collection: users
2026-03-04 01:10:20.284 [http-nio-8080-exec-2] DEBUG o.s.security.web.FilterChainProxy - Secured GET /api/notifications/unread-count
2026-03-04 01:10:20.285 [http-nio-8080-exec-2] DEBUG o.s.d.m.r.query.MongoQueryCreator - Created query Query: { "recipientId" : "Farmer", "read" : false}, Fields: {}, Sort: {}
2026-03-04 01:10:20.286 [http-nio-8080-exec-2] DEBUG o.s.data.mongodb.core.MongoTemplate - Executing count: { "recipientId" : "Farmer", "read" : false} in collection: notifications
2026-03-04 01:10:28.728 [http-nio-8080-exec-9] DEBUG o.s.security.web.FilterChainProxy - Securing GET /api/notifications/unread-count
2026-03-04 01:10:28.729 [http-nio-8080-exec-9] DEBUG o.s.d.m.r.query.MongoQueryCreator - Created query Query: { "username" : "adminuser"}, Fields: {}, Sort: {}
2026-03-04 01:10:28.731 [http-nio-8080-exec-9] DEBUG o.s.data.mongodb.core.MongoTemplate - find using query: { "username" : "adminuser"} fields: Document{{}} for class: class com.agri.supplytracker.model.User in collection: users
2026-03-04 01:10:28.735 [http-nio-8080-exec-9] DEBUG o.s.security.web.FilterChainProxy - Secured GET /api/notifications/unread-count
2026-03-04 01:10:28.736 [http-nio-8080-exec-9] DEBUG o.s.d.m.r.query.MongoQueryCreator - Created query Query: { "recipientId" : "adminuser", "read" : false}, Fields: {}, Sort: {}
2026-03-04 01:10:28.736 [http-nio-8080-exec-9] DEBUG o.s.data.mongodb.core.MongoTemplate - Executing count: { "recipientId" : "adminuser", "read" : false} in collection: notifications
2026-03-04 01:10:50.280 [http-nio-8080-exec-10] DEBUG o.s.security.web.FilterChainProxy - Securing GET /api/notifications/unread-count
2026-03-04 01:10:50.284 [http-nio-8080-exec-10] DEBUG o.s.d.m.r.query.MongoQueryCreator - Created query Query: { "username" : "Farmer"}, Fields: {}, Sort: {}
2026-03-04 01:10:50.285 [http-nio-8080-exec-10] DEBUG o.s.data.mongodb.core.MongoTemplate - find using query: { "username" : "Farmer"} fields: Document{{}} for class: class com.agri.supplytracker.model.User in collection: users
2026-03-04 01:10:50.294 [http-nio-8080-exec-10] DEBUG o.s.security.web.FilterChainProxy - Secured GET /api/notifications/unread-count
2026-03-04 01:10:50.295 [http-nio-8080-exec-10] DEBUG o.s.d.m.r.query.MongoQueryCreator - Created query Query: { "recipientId" : "Farmer", "read" : false}, Fields: {}, Sort: {}
2026-03-04 01:10:50.295 [http-nio-8080-exec-10] DEBUG o.s.data.mongodb.core.MongoTemplate - Executing count: { "recipientId" : "Farmer", "read" : false} in collection: notifications
2026-03-04 01:11:20.267 [http-nio-8080-exec-3] DEBUG o.s.security.web.FilterChainProxy - Securing GET /api/notifications/unread-count
2026-03-04 01:11:20.270 [http-nio-8080-exec-3] DEBUG o.s.d.m.r.query.MongoQueryCreator - Created query Query: { "username" : "Farmer"}, Fields: {}, Sort: {}
2026-03-04 01:11:20.271 [http-nio-8080-exec-3] DEBUG o.s.data.mongodb.core.MongoTemplate - find using query: { "username" : "Farmer"} fields: Document{{}} for class: class com.agri.supplytracker.model.User in collection: users
2026-03-04 01:11:20.277 [http-nio-8080-exec-3] DEBUG o.s.security.web.FilterChainProxy - Secured GET /api/notifications/unread-count
2026-03-04 01:11:20.278 [http-nio-8080-exec-3] DEBUG o.s.d.m.r.query.MongoQueryCreator - Created query Query: { "recipientId" : "Farmer", "read" : false}, Fields: {}, Sort: {}
2026-03-04 01:11:20.279 [http-nio-8080-exec-3] DEBUG o.s.data.mongodb.core.MongoTemplate - Executing count: { "recipientId" : "Farmer", "read" : false} in collection: notifications
2026-03-04 01:11:28.725 [http-nio-8080-exec-1] DEBUG o.s.security.web.FilterChainProxy - Securing GET /api/notifications/unread-count
2026-03-04 01:11:28.727 [http-nio-8080-exec-1] DEBUG o.s.d.m.r.query.MongoQueryCreator - Created query Query: { "username" : "adminuser"}, Fields: {}, Sort: {}
2026-03-04 01:11:28.728 [http-nio-8080-exec-1] DEBUG o.s.data.mongodb.core.MongoTemplate - find using query: { "username" : "adminuser"} fields: Document{{}} for class: class com.agri.supplytracker.model.User in collection: users
2026-03-04 01:11:28.731 [http-nio-8080-exec-1] DEBUG o.s.security.web.FilterChainProxy - Secured GET /api/notifications/unread-count
2026-03-04 01:11:28.731 [http-nio-8080-exec-1] DEBUG o.s.d.m.r.query.MongoQueryCreator - Created query Query: { "recipientId" : "adminuser", "read" : false}, Fields: {}, Sort: {}
2026-03-04 01:11:28.733 [http-nio-8080-exec-1] DEBUG o.s.data.mongodb.core.MongoTemplate - Executing count: { "recipientId" : "adminuser", "read" : false} in collection: notifications
2026-03-04 01:11:50.277 [http-nio-8080-exec-4] DEBUG o.s.security.web.FilterChainProxy - Securing GET /api/notifications/unread-count
2026-03-04 01:11:50.279 [http-nio-8080-exec-4] DEBUG o.s.d.m.r.query.MongoQueryCreator - Created query Query: { "username" : "Farmer"}, Fields: {}, Sort: {}
2026-03-04 01:11:50.279 [http-nio-8080-exec-4] DEBUG o.s.data.mongodb.core.MongoTemplate - find using query: { "username" : "Farmer"} fields: Document{{}} for class: class com.agri.supplytracker.model.User in collection: users
2026-03-04 01:11:50.283 [http-nio-8080-exec-4] DEBUG o.s.security.web.FilterChainProxy - Secured GET /api/notifications/unread-count
2026-03-04 01:11:50.284 [http-nio-8080-exec-4] DEBUG o.s.d.m.r.query.MongoQueryCreator - Created query Query: { "recipientId" : "Farmer", "read" : false}, Fields: {}, Sort: {}
2026-03-04 01:11:50.284 [http-nio-8080-exec-4] DEBUG o.s.data.mongodb.core.MongoTemplate - Executing count: { "recipientId" : "Farmer", "read" : false} in collection: notifications
2026-03-04 01:12:20.268 [http-nio-8080-exec-5] DEBUG o.s.security.web.FilterChainProxy - Securing GET /api/notifications/unread-count
2026-03-04 01:12:20.272 [http-nio-8080-exec-5] DEBUG o.s.d.m.r.query.MongoQueryCreator - Created query Query: { "username" : "Farmer"}, Fields: {}, Sort: {}
2026-03-04 01:12:20.273 [http-nio-8080-exec-5] DEBUG o.s.data.mongodb.core.MongoTemplate - find using query: { "username" : "Farmer"} fields: Document{{}} for class: class com.agri.supplytracker.model.User in collection: users
2026-03-04 01:12:20.280 [http-nio-8080-exec-5] DEBUG o.s.security.web.FilterChainProxy - Secured GET /api/notifications/unread-count
2026-03-04 01:12:20.281 [http-nio-8080-exec-5] DEBUG o.s.d.m.r.query.MongoQueryCreator - Created query Query: { "recipientId" : "Farmer", "read" : false}, Fields: {}, Sort: {}
2026-03-04 01:12:20.282 [http-nio-8080-exec-5] DEBUG o.s.data.mongodb.core.MongoTemplate - Executing count: { "recipientId" : "Farmer", "read" : false} in collection: notifications
2026-03-04 01:12:28.732 [http-nio-8080-exec-6] DEBUG o.s.security.web.FilterChainProxy - Securing GET /api/notifications/unread-count
2026-03-04 01:12:28.734 [http-nio-8080-exec-6] DEBUG o.s.d.m.r.query.MongoQueryCreator - Created query Query: { "username" : "adminuser"}, Fields: {}, Sort: {}
2026-03-04 01:12:28.735 [http-nio-8080-exec-6] DEBUG o.s.data.mongodb.core.MongoTemplate - find using query: { "username" : "adminuser"} fields: Document{{}} for class: class com.agri.supplytracker.model.User in collection: users
2026-03-04 01:12:28.740 [http-nio-8080-exec-6] DEBUG o.s.security.web.FilterChainProxy - Secured GET /api/notifications/unread-count
2026-03-04 01:12:28.740 [http-nio-8080-exec-6] DEBUG o.s.d.m.r.query.MongoQueryCreator - Created query Query: { "recipientId" : "adminuser", "read" : false}, Fields: {}, Sort: {}
2026-03-04 01:12:28.740 [http-nio-8080-exec-6] DEBUG o.s.data.mongodb.core.MongoTemplate - Executing count: { "recipientId" : "adminuser", "read" : false} in collection: notifications
2026-03-04 01:12:50.270 [http-nio-8080-exec-8] DEBUG o.s.security.web.FilterChainProxy - Securing GET /api/notifications/unread-count
2026-03-04 01:12:50.274 [http-nio-8080-exec-8] DEBUG o.s.d.m.r.query.MongoQueryCreator - Created query Query: { "username" : "Farmer"}, Fields: {}, Sort: {}
2026-03-04 01:12:50.274 [http-nio-8080-exec-8] DEBUG o.s.data.mongodb.core.MongoTemplate - find using query: { "username" : "Farmer"} fields: Document{{}} for class: class com.agri.supplytracker.model.User in collection: users
2026-03-04 01:12:50.282 [http-nio-8080-exec-8] DEBUG o.s.security.web.FilterChainProxy - Secured GET /api/notifications/unread-count
2026-03-04 01:12:50.283 [http-nio-8080-exec-8] DEBUG o.s.d.m.r.query.MongoQueryCreator - Created query Query: { "recipientId" : "Farmer", "read" : false}, Fields: {}, Sort: {}
2026-03-04 01:12:50.283 [http-nio-8080-exec-8] DEBUG o.s.data.mongodb.core.MongoTemplate - Executing count: { "recipientId" : "Farmer", "read" : false} in collection: notifications
2026-03-04 01:13:20.266 [http-nio-8080-exec-7] DEBUG o.s.security.web.FilterChainProxy - Securing GET /api/notifications/unread-count
2026-03-04 01:13:20.269 [http-nio-8080-exec-7] DEBUG o.s.d.m.r.query.MongoQueryCreator - Created query Query: { "username" : "Farmer"}, Fields: {}, Sort: {}
2026-03-04 01:13:20.269 [http-nio-8080-exec-7] DEBUG o.s.data.mongodb.core.MongoTemplate - find using query: { "username" : "Farmer"} fields: Document{{}} for class: class com.agri.supplytracker.model.User in collection: users
2026-03-04 01:13:20.275 [http-nio-8080-exec-7] DEBUG o.s.security.web.FilterChainProxy - Secured GET /api/notifications/unread-count
2026-03-04 01:13:20.276 [http-nio-8080-exec-7] DEBUG o.s.d.m.r.query.MongoQueryCreator - Created query Query: { "recipientId" : "Farmer", "read" : false}, Fields: {}, Sort: {}
2026-03-04 01:13:20.276 [http-nio-8080-exec-7] DEBUG o.s.data.mongodb.core.MongoTemplate - Executing count: { "recipientId" : "Farmer", "read" : false} in collection: notifications
2026-03-04 01:13:28.727 [http-nio-8080-exec-2] DEBUG o.s.security.web.FilterChainProxy - Securing GET /api/notifications/unread-count
2026-03-04 01:13:28.729 [http-nio-8080-exec-2] DEBUG o.s.d.m.r.query.MongoQueryCreator - Created query Query: { "username" : "adminuser"}, Fields: {}, Sort: {}
2026-03-04 01:13:28.730 [http-nio-8080-exec-2] DEBUG o.s.data.mongodb.core.MongoTemplate - find using query: { "username" : "adminuser"} fields: Document{{}} for class: class com.agri.supplytracker.model.User in collection: users
2026-03-04 01:13:28.735 [http-nio-8080-exec-2] DEBUG o.s.security.web.FilterChainProxy - Secured GET /api/notifications/unread-count
2026-03-04 01:13:28.735 [http-nio-8080-exec-2] DEBUG o.s.d.m.r.query.MongoQueryCreator - Created query Query: { "recipientId" : "adminuser", "read" : false}, Fields: {}, Sort: {}
2026-03-04 01:13:28.736 [http-nio-8080-exec-2] DEBUG o.s.data.mongodb.core.MongoTemplate - Executing count: { "recipientId" : "adminuser", "read" : false} in collection: notifications
2026-03-04 01:13:50.271 [http-nio-8080-exec-9] DEBUG o.s.security.web.FilterChainProxy - Securing GET /api/notifications/unread-count
2026-03-04 01:13:50.275 [http-nio-8080-exec-9] DEBUG o.s.d.m.r.query.MongoQueryCreator - Created query Query: { "username" : "Farmer"}, Fields: {}, Sort: {}
2026-03-04 01:13:50.275 [http-nio-8080-exec-9] DEBUG o.s.data.mongodb.core.MongoTemplate - find using query: { "username" : "Farmer"} fields: Document{{}} for class: class com.agri.supplytracker.model.User in collection: users
2026-03-04 01:13:50.281 [http-nio-8080-exec-9] DEBUG o.s.security.web.FilterChainProxy - Secured GET /api/notifications/unread-count
2026-03-04 01:13:50.282 [http-nio-8080-exec-9] DEBUG o.s.d.m.r.query.MongoQueryCreator - Created query Query: { "recipientId" : "Farmer", "read" : false}, Fields: {}, Sort: {}
2026-03-04 01:13:50.282 [http-nio-8080-exec-9] DEBUG o.s.data.mongodb.core.MongoTemplate - Executing count: { "recipientId" : "Farmer", "read" : false} in collection: notifications
2026-03-04 01:14:20.270 [http-nio-8080-exec-10] DEBUG o.s.security.web.FilterChainProxy - Securing GET /api/notifications/unread-count
2026-03-04 01:14:20.273 [http-nio-8080-exec-10] DEBUG o.s.d.m.r.query.MongoQueryCreator - Created query Query: { "username" : "Farmer"}, Fields: {}, Sort: {}
2026-03-04 01:14:20.274 [http-nio-8080-exec-10] DEBUG o.s.data.mongodb.core.MongoTemplate - find using query: { "username" : "Farmer"} fields: Document{{}} for class: class com.agri.supplytracker.model.User in collection: users
2026-03-04 01:14:20.280 [http-nio-8080-exec-10] DEBUG o.s.security.web.FilterChainProxy - Secured GET /api/notifications/unread-count
2026-03-04 01:14:20.281 [http-nio-8080-exec-10] DEBUG o.s.d.m.r.query.MongoQueryCreator - Created query Query: { "recipientId" : "Farmer", "read" : false}, Fields: {}, Sort: {}
2026-03-04 01:14:20.282 [http-nio-8080-exec-10] DEBUG o.s.data.mongodb.core.MongoTemplate - Executing count: { "recipientId" : "Farmer", "read" : false} in collection: notifications
2026-03-04 01:14:28.731 [http-nio-8080-exec-3] DEBUG o.s.security.web.FilterChainProxy - Securing GET /api/notifications/unread-count
2026-03-04 01:14:28.734 [http-nio-8080-exec-3] DEBUG o.s.d.m.r.query.MongoQueryCreator - Created query Query: { "username" : "adminuser"}, Fields: {}, Sort: {}
2026-03-04 01:14:28.734 [http-nio-8080-exec-3] DEBUG o.s.data.mongodb.core.MongoTemplate - find using query: { "username" : "adminuser"} fields: Document{{}} for class: class com.agri.supplytracker.model.User in collection: users
2026-03-04 01:14:28.740 [http-nio-8080-exec-3] DEBUG o.s.security.web.FilterChainProxy - Secured GET /api/notifications/unread-count
2026-03-04 01:14:28.740 [http-nio-8080-exec-3] DEBUG o.s.d.m.r.query.MongoQueryCreator - Created query Query: { "recipientId" : "adminuser", "read" : false}, Fields: {}, Sort: {}
2026-03-04 01:14:28.741 [http-nio-8080-exec-3] DEBUG o.s.data.mongodb.core.MongoTemplate - Executing count: { "recipientId" : "adminuser", "read" : false} in collection: notifications
2026-03-04 01:14:50.266 [http-nio-8080-exec-1] DEBUG o.s.security.web.FilterChainProxy - Securing GET /api/notifications/unread-count
2026-03-04 01:14:50.271 [http-nio-8080-exec-1] DEBUG o.s.d.m.r.query.MongoQueryCreator - Created query Query: { "username" : "Farmer"}, Fields: {}, Sort: {}
2026-03-04 01:14:50.272 [http-nio-8080-exec-1] DEBUG o.s.data.mongodb.core.MongoTemplate - find using query: { "username" : "Farmer"} fields: Document{{}} for class: class com.agri.supplytracker.model.User in collection: users
2026-03-04 01:14:50.280 [http-nio-8080-exec-1] DEBUG o.s.security.web.FilterChainProxy - Secured GET /api/notifications/unread-count
2026-03-04 01:14:50.281 [http-nio-8080-exec-1] DEBUG o.s.d.m.r.query.MongoQueryCreator - Created query Query: { "recipientId" : "Farmer", "read" : false}, Fields: {}, Sort: {}
2026-03-04 01:14:50.281 [http-nio-8080-exec-1] DEBUG o.s.data.mongodb.core.MongoTemplate - Executing count: { "recipientId" : "Farmer", "read" : false} in collection: notifications
2026-03-04 01:15:20.281 [http-nio-8080-exec-4] DEBUG o.s.security.web.FilterChainProxy - Securing GET /api/notifications/unread-count
2026-03-04 01:15:20.284 [http-nio-8080-exec-4] DEBUG o.s.d.m.r.query.MongoQueryCreator - Created query Query: { "username" : "Farmer"}, Fields: {}, Sort: {}
2026-03-04 01:15:20.285 [http-nio-8080-exec-4] DEBUG o.s.data.mongodb.core.MongoTemplate - find using query: { "username" : "Farmer"} fields: Document{{}} for class: class com.agri.supplytracker.model.User in collection: users
2026-03-04 01:15:20.292 [http-nio-8080-exec-4] DEBUG o.s.security.web.FilterChainProxy - Secured GET /api/notifications/unread-count
2026-03-04 01:15:20.294 [http-nio-8080-exec-4] DEBUG o.s.d.m.r.query.MongoQueryCreator - Created query Query: { "recipientId" : "Farmer", "read" : false}, Fields: {}, Sort: {}
2026-03-04 01:15:20.294 [http-nio-8080-exec-4] DEBUG o.s.data.mongodb.core.MongoTemplate - Executing count: { "recipientId" : "Farmer", "read" : false} in collection: notifications
2026-03-04 01:15:28.722 [http-nio-8080-exec-5] DEBUG o.s.security.web.FilterChainProxy - Securing GET /api/notifications/unread-count
2026-03-04 01:15:28.725 [http-nio-8080-exec-5] DEBUG o.s.d.m.r.query.MongoQueryCreator - Created query Query: { "username" : "adminuser"}, Fields: {}, Sort: {}
2026-03-04 01:15:28.725 [http-nio-8080-exec-5] DEBUG o.s.data.mongodb.core.MongoTemplate - find using query: { "username" : "adminuser"} fields: Document{{}} for class: class com.agri.supplytracker.model.User in collection: users
2026-03-04 01:15:28.731 [http-nio-8080-exec-5] DEBUG o.s.security.web.FilterChainProxy - Secured GET /api/notifications/unread-count
2026-03-04 01:15:28.732 [http-nio-8080-exec-5] DEBUG o.s.d.m.r.query.MongoQueryCreator - Created query Query: { "recipientId" : "adminuser", "read" : false}, Fields: {}, Sort: {}
2026-03-04 01:15:28.732 [http-nio-8080-exec-5] DEBUG o.s.data.mongodb.core.MongoTemplate - Executing count: { "recipientId" : "adminuser", "read" : false} in collection: notifications
2026-03-04 01:15:50.265 [http-nio-8080-exec-6] DEBUG o.s.security.web.FilterChainProxy - Securing GET /api/notifications/unread-count
2026-03-04 01:15:50.268 [http-nio-8080-exec-6] DEBUG o.s.d.m.r.query.MongoQueryCreator - Created query Query: { "username" : "Farmer"}, Fields: {}, Sort: {}
2026-03-04 01:15:50.268 [http-nio-8080-exec-6] DEBUG o.s.data.mongodb.core.MongoTemplate - find using query: { "username" : "Farmer"} fields: Document{{}} for class: class com.agri.supplytracker.model.User in collection: users
2026-03-04 01:15:50.274 [http-nio-8080-exec-6] DEBUG o.s.security.web.FilterChainProxy - Secured GET /api/notifications/unread-count
2026-03-04 01:15:50.275 [http-nio-8080-exec-6] DEBUG o.s.d.m.r.query.MongoQueryCreator - Created query Query: { "recipientId" : "Farmer", "read" : false}, Fields: {}, Sort: {}
2026-03-04 01:15:50.275 [http-nio-8080-exec-6] DEBUG o.s.data.mongodb.core.MongoTemplate - Executing count: { "recipientId" : "Farmer", "read" : false} in collection: notifications
2026-03-04 01:16:20.273 [http-nio-8080-exec-8] DEBUG o.s.security.web.FilterChainProxy - Securing GET /api/notifications/unread-count
2026-03-04 01:16:20.276 [http-nio-8080-exec-8] DEBUG o.s.d.m.r.query.MongoQueryCreator - Created query Query: { "username" : "Farmer"}, Fields: {}, Sort: {}
2026-03-04 01:16:20.276 [http-nio-8080-exec-8] DEBUG o.s.data.mongodb.core.MongoTemplate - find using query: { "username" : "Farmer"} fields: Document{{}} for class: class com.agri.supplytracker.model.User in collection: users
2026-03-04 01:16:20.284 [http-nio-8080-exec-8] DEBUG o.s.security.web.FilterChainProxy - Secured GET /api/notifications/unread-count
2026-03-04 01:16:20.284 [http-nio-8080-exec-8] DEBUG o.s.d.m.r.query.MongoQueryCreator - Created query Query: { "recipientId" : "Farmer", "read" : false}, Fields: {}, Sort: {}
2026-03-04 01:16:20.285 [http-nio-8080-exec-8] DEBUG o.s.data.mongodb.core.MongoTemplate - Executing count: { "recipientId" : "Farmer", "read" : false} in collection: notifications
2026-03-04 01:16:28.732 [http-nio-8080-exec-7] DEBUG o.s.security.web.FilterChainProxy - Securing GET /api/notifications/unread-count
2026-03-04 01:16:28.734 [http-nio-8080-exec-7] DEBUG o.s.d.m.r.query.MongoQueryCreator - Created query Query: { "username" : "adminuser"}, Fields: {}, Sort: {}
2026-03-04 01:16:28.735 [http-nio-8080-exec-7] DEBUG o.s.data.mongodb.core.MongoTemplate - find using query: { "username" : "adminuser"} fields: Document{{}} for class: class com.agri.supplytracker.model.User in collection: users
2026-03-04 01:16:28.741 [http-nio-8080-exec-7] DEBUG o.s.security.web.FilterChainProxy - Secured GET /api/notifications/unread-count
2026-03-04 01:16:28.741 [http-nio-8080-exec-7] DEBUG o.s.d.m.r.query.MongoQueryCreator - Created query Query: { "recipientId" : "adminuser", "read" : false}, Fields: {}, Sort: {}
2026-03-04 01:16:28.741 [http-nio-8080-exec-7] DEBUG o.s.data.mongodb.core.MongoTemplate - Executing count: { "recipientId" : "adminuser", "read" : false} in collection: notifications
2026-03-04 01:16:50.277 [http-nio-8080-exec-2] DEBUG o.s.security.web.FilterChainProxy - Securing GET /api/notifications/unread-count
2026-03-04 01:16:50.281 [http-nio-8080-exec-2] DEBUG o.s.d.m.r.query.MongoQueryCreator - Created query Query: { "username" : "Farmer"}, Fields: {}, Sort: {}
2026-03-04 01:16:50.282 [http-nio-8080-exec-2] DEBUG o.s.data.mongodb.core.MongoTemplate - find using query: { "username" : "Farmer"} fields: Document{{}} for class: class com.agri.supplytracker.model.User in collection: users
2026-03-04 01:16:50.291 [http-nio-8080-exec-2] DEBUG o.s.security.web.FilterChainProxy - Secured GET /api/notifications/unread-count
2026-03-04 01:16:50.292 [http-nio-8080-exec-2] DEBUG o.s.d.m.r.query.MongoQueryCreator - Created query Query: { "recipientId" : "Farmer", "read" : false}, Fields: {}, Sort: {}
2026-03-04 01:16:50.293 [http-nio-8080-exec-2] DEBUG o.s.data.mongodb.core.MongoTemplate - Executing count: { "recipientId" : "Farmer", "read" : false} in collection: notifications
2026-03-04 01:17:20.270 [http-nio-8080-exec-9] DEBUG o.s.security.web.FilterChainProxy - Securing GET /api/notifications/unread-count
2026-03-04 01:17:20.274 [http-nio-8080-exec-9] DEBUG o.s.d.m.r.query.MongoQueryCreator - Created query Query: { "username" : "Farmer"}, Fields: {}, Sort: {}
2026-03-04 01:17:20.275 [http-nio-8080-exec-9] DEBUG o.s.data.mongodb.core.MongoTemplate - find using query: { "username" : "Farmer"} fields: Document{{}} for class: class com.agri.supplytracker.model.User in collection: users
2026-03-04 01:17:20.282 [http-nio-8080-exec-9] DEBUG o.s.security.web.FilterChainProxy - Secured GET /api/notifications/unread-count
2026-03-04 01:17:20.283 [http-nio-8080-exec-9] DEBUG o.s.d.m.r.query.MongoQueryCreator - Created query Query: { "recipientId" : "Farmer", "read" : false}, Fields: {}, Sort: {}
2026-03-04 01:17:20.284 [http-nio-8080-exec-9] DEBUG o.s.data.mongodb.core.MongoTemplate - Executing count: { "recipientId" : "Farmer", "read" : false} in collection: notifications
2026-03-04 01:17:28.734 [http-nio-8080-exec-10] DEBUG o.s.security.web.FilterChainProxy - Securing GET /api/notifications/unread-count
2026-03-04 01:17:28.736 [http-nio-8080-exec-10] DEBUG o.s.d.m.r.query.MongoQueryCreator - Created query Query: { "username" : "adminuser"}, Fields: {}, Sort: {}
2026-03-04 01:17:28.736 [http-nio-8080-exec-10] DEBUG o.s.data.mongodb.core.MongoTemplate - find using query: { "username" : "adminuser"} fields: Document{{}} for class: class com.agri.supplytracker.model.User in collection: users
2026-03-04 01:17:28.741 [http-nio-8080-exec-10] DEBUG o.s.security.web.FilterChainProxy - Secured GET /api/notifications/unread-count
2026-03-04 01:17:28.742 [http-nio-8080-exec-10] DEBUG o.s.d.m.r.query.MongoQueryCreator - Created query Query: { "recipientId" : "adminuser", "read" : false}, Fields: {}, Sort: {}
2026-03-04 01:17:28.742 [http-nio-8080-exec-10] DEBUG o.s.data.mongodb.core.MongoTemplate - Executing count: { "recipientId" : "adminuser", "read" : false} in collection: notifications
2026-03-04 01:17:50.273 [http-nio-8080-exec-3] DEBUG o.s.security.web.FilterChainProxy - Securing GET /api/notifications/unread-count
2026-03-04 01:17:50.277 [http-nio-8080-exec-3] DEBUG o.s.d.m.r.query.MongoQueryCreator - Created query Query: { "username" : "Farmer"}, Fields: {}, Sort: {}
2026-03-04 01:17:50.278 [http-nio-8080-exec-3] DEBUG o.s.data.mongodb.core.MongoTemplate - find using query: { "username" : "Farmer"} fields: Document{{}} for class: class com.agri.supplytracker.model.User in collection: users
2026-03-04 01:17:50.286 [http-nio-8080-exec-3] DEBUG o.s.security.web.FilterChainProxy - Secured GET /api/notifications/unread-count
2026-03-04 01:17:50.287 [http-nio-8080-exec-3] DEBUG o.s.d.m.r.query.MongoQueryCreator - Created query Query: { "recipientId" : "Farmer", "read" : false}, Fields: {}, Sort: {}
2026-03-04 01:17:50.288 [http-nio-8080-exec-3] DEBUG o.s.data.mongodb.core.MongoTemplate - Executing count: { "recipientId" : "Farmer", "read" : false} in collection: notifications
2026-03-04 01:18:20.276 [http-nio-8080-exec-1] DEBUG o.s.security.web.FilterChainProxy - Securing GET /api/notifications/unread-count
2026-03-04 01:18:20.280 [http-nio-8080-exec-1] DEBUG o.s.d.m.r.query.MongoQueryCreator - Created query Query: { "username" : "Farmer"}, Fields: {}, Sort: {}
2026-03-04 01:18:20.281 [http-nio-8080-exec-1] DEBUG o.s.data.mongodb.core.MongoTemplate - find using query: { "username" : "Farmer"} fields: Document{{}} for class: class com.agri.supplytracker.model.User in collection: users
2026-03-04 01:18:20.288 [http-nio-8080-exec-1] DEBUG o.s.security.web.FilterChainProxy - Secured GET /api/notifications/unread-count
2026-03-04 01:18:20.290 [http-nio-8080-exec-1] DEBUG o.s.d.m.r.query.MongoQueryCreator - Created query Query: { "recipientId" : "Farmer", "read" : false}, Fields: {}, Sort: {}
2026-03-04 01:18:20.291 [http-nio-8080-exec-1] DEBUG o.s.data.mongodb.core.MongoTemplate - Executing count: { "recipientId" : "Farmer", "read" : false} in collection: notifications
2026-03-04 01:18:28.728 [http-nio-8080-exec-4] DEBUG o.s.security.web.FilterChainProxy - Securing GET /api/notifications/unread-count
2026-03-04 01:18:28.730 [http-nio-8080-exec-4] DEBUG o.s.d.m.r.query.MongoQueryCreator - Created query Query: { "username" : "adminuser"}, Fields: {}, Sort: {}
2026-03-04 01:18:28.730 [http-nio-8080-exec-4] DEBUG o.s.data.mongodb.core.MongoTemplate - find using query: { "username" : "adminuser"} fields: Document{{}} for class: class com.agri.supplytracker.model.User in collection: users
2026-03-04 01:18:28.735 [http-nio-8080-exec-4] DEBUG o.s.security.web.FilterChainProxy - Secured GET /api/notifications/unread-count
2026-03-04 01:18:28.735 [http-nio-8080-exec-4] DEBUG o.s.d.m.r.query.MongoQueryCreator - Created query Query: { "recipientId" : "adminuser", "read" : false}, Fields: {}, Sort: {}
2026-03-04 01:18:28.736 [http-nio-8080-exec-4] DEBUG o.s.data.mongodb.core.MongoTemplate - Executing count: { "recipientId" : "adminuser", "read" : false} in collection: notifications
2026-03-04 01:18:50.270 [http-nio-8080-exec-5] DEBUG o.s.security.web.FilterChainProxy - Securing GET /api/notifications/unread-count
2026-03-04 01:18:50.274 [http-nio-8080-exec-5] DEBUG o.s.d.m.r.query.MongoQueryCreator - Created query Query: { "username" : "Farmer"}, Fields: {}, Sort: {}
2026-03-04 01:18:50.274 [http-nio-8080-exec-5] DEBUG o.s.data.mongodb.core.MongoTemplate - find using query: { "username" : "Farmer"} fields: Document{{}} for class: class com.agri.supplytracker.model.User in collection: users
2026-03-04 01:18:50.282 [http-nio-8080-exec-5] DEBUG o.s.security.web.FilterChainProxy - Secured GET /api/notifications/unread-count
2026-03-04 01:18:50.283 [http-nio-8080-exec-5] DEBUG o.s.d.m.r.query.MongoQueryCreator - Created query Query: { "recipientId" : "Farmer", "read" : false}, Fields: {}, Sort: {}
2026-03-04 01:18:50.284 [http-nio-8080-exec-5] DEBUG o.s.data.mongodb.core.MongoTemplate - Executing count: { "recipientId" : "Farmer", "read" : false} in collection: notifications
2026-03-04 01:19:20.272 [http-nio-8080-exec-6] DEBUG o.s.security.web.FilterChainProxy - Securing GET /api/notifications/unread-count
2026-03-04 01:19:20.276 [http-nio-8080-exec-6] DEBUG o.s.d.m.r.query.MongoQueryCreator - Created query Query: { "username" : "Farmer"}, Fields: {}, Sort: {}
2026-03-04 01:19:20.276 [http-nio-8080-exec-6] DEBUG o.s.data.mongodb.core.MongoTemplate - find using query: { "username" : "Farmer"} fields: Document{{}} for class: class com.agri.supplytracker.model.User in collection: users
2026-03-04 01:19:20.285 [http-nio-8080-exec-6] DEBUG o.s.security.web.FilterChainProxy - Secured GET /api/notifications/unread-count
2026-03-04 01:19:20.286 [http-nio-8080-exec-6] DEBUG o.s.d.m.r.query.MongoQueryCreator - Created query Query: { "recipientId" : "Farmer", "read" : false}, Fields: {}, Sort: {}
2026-03-04 01:19:20.286 [http-nio-8080-exec-6] DEBUG o.s.data.mongodb.core.MongoTemplate - Executing count: { "recipientId" : "Farmer", "read" : false} in collection: notifications
2026-03-04 01:19:28.740 [http-nio-8080-exec-8] DEBUG o.s.security.web.FilterChainProxy - Securing GET /api/notifications/unread-count
2026-03-04 01:19:28.743 [http-nio-8080-exec-8] DEBUG o.s.d.m.r.query.MongoQueryCreator - Created query Query: { "username" : "adminuser"}, Fields: {}, Sort: {}
2026-03-04 01:19:28.743 [http-nio-8080-exec-8] DEBUG o.s.data.mongodb.core.MongoTemplate - find using query: { "username" : "adminuser"} fields: Document{{}} for class: class com.agri.supplytracker.model.User in collection: users
2026-03-04 01:19:28.748 [http-nio-8080-exec-8] DEBUG o.s.security.web.FilterChainProxy - Secured GET /api/notifications/unread-count
2026-03-04 01:19:28.749 [http-nio-8080-exec-8] DEBUG o.s.d.m.r.query.MongoQueryCreator - Created query Query: { "recipientId" : "adminuser", "read" : false}, Fields: {}, Sort: {}
2026-03-04 01:19:28.749 [http-nio-8080-exec-8] DEBUG o.s.data.mongodb.core.MongoTemplate - Executing count: { "recipientId" : "adminuser", "read" : false} in collection: notifications
2026-03-04 01:19:50.272 [http-nio-8080-exec-7] DEBUG o.s.security.web.FilterChainProxy - Securing GET /api/notifications/unread-count
2026-03-04 01:19:50.276 [http-nio-8080-exec-7] DEBUG o.s.d.m.r.query.MongoQueryCreator - Created query Query: { "username" : "Farmer"}, Fields: {}, Sort: {}
2026-03-04 01:19:50.277 [http-nio-8080-exec-7] DEBUG o.s.data.mongodb.core.MongoTemplate - find using query: { "username" : "Farmer"} fields: Document{{}} for class: class com.agri.supplytracker.model.User in collection: users
2026-03-04 01:19:50.285 [http-nio-8080-exec-7] DEBUG o.s.security.web.FilterChainProxy - Secured GET /api/notifications/unread-count
2026-03-04 01:19:50.287 [http-nio-8080-exec-7] DEBUG o.s.d.m.r.query.MongoQueryCreator - Created query Query: { "recipientId" : "Farmer", "read" : false}, Fields: {}, Sort: {}
2026-03-04 01:19:50.287 [http-nio-8080-exec-7] DEBUG o.s.data.mongodb.core.MongoTemplate - Executing count: { "recipientId" : "Farmer", "read" : false} in collection: notifications
2026-03-04 01:20:20.266 [http-nio-8080-exec-2] DEBUG o.s.security.web.FilterChainProxy - Securing GET /api/notifications/unread-count
2026-03-04 01:20:20.268 [http-nio-8080-exec-2] DEBUG o.s.d.m.r.query.MongoQueryCreator - Created query Query: { "username" : "Farmer"}, Fields: {}, Sort: {}
2026-03-04 01:20:20.270 [http-nio-8080-exec-2] DEBUG o.s.data.mongodb.core.MongoTemplate - find using query: { "username" : "Farmer"} fields: Document{{}} for class: class com.agri.supplytracker.model.User in collection: users
2026-03-04 01:20:20.274 [http-nio-8080-exec-2] DEBUG o.s.security.web.FilterChainProxy - Secured GET /api/notifications/unread-count
2026-03-04 01:20:20.275 [http-nio-8080-exec-2] DEBUG o.s.d.m.r.query.MongoQueryCreator - Created query Query: { "recipientId" : "Farmer", "read" : false}, Fields: {}, Sort: {}
2026-03-04 01:20:20.275 [http-nio-8080-exec-2] DEBUG o.s.data.mongodb.core.MongoTemplate - Executing count: { "recipientId" : "Farmer", "read" : false} in collection: notifications
2026-03-04 01:20:28.754 [http-nio-8080-exec-9] DEBUG o.s.security.web.FilterChainProxy - Securing GET /api/notifications/unread-count
2026-03-04 01:20:28.756 [http-nio-8080-exec-9] DEBUG o.s.d.m.r.query.MongoQueryCreator - Created query Query: { "username" : "adminuser"}, Fields: {}, Sort: {}
2026-03-04 01:20:28.756 [http-nio-8080-exec-9] DEBUG o.s.data.mongodb.core.MongoTemplate - find using query: { "username" : "adminuser"} fields: Document{{}} for class: class com.agri.supplytracker.model.User in collection: users
2026-03-04 01:20:28.761 [http-nio-8080-exec-9] DEBUG o.s.security.web.FilterChainProxy - Secured GET /api/notifications/unread-count
2026-03-04 01:20:28.761 [http-nio-8080-exec-9] DEBUG o.s.d.m.r.query.MongoQueryCreator - Created query Query: { "recipientId" : "adminuser", "read" : false}, Fields: {}, Sort: {}
2026-03-04 01:20:28.762 [http-nio-8080-exec-9] DEBUG o.s.data.mongodb.core.MongoTemplate - Executing count: { "recipientId" : "adminuser", "read" : false} in collection: notifications
2026-03-04 01:20:50.271 [http-nio-8080-exec-10] DEBUG o.s.security.web.FilterChainProxy - Securing GET /api/notifications/unread-count
2026-03-04 01:20:50.275 [http-nio-8080-exec-10] DEBUG o.s.d.m.r.query.MongoQueryCreator - Created query Query: { "username" : "Farmer"}, Fields: {}, Sort: {}
2026-03-04 01:20:50.276 [http-nio-8080-exec-10] DEBUG o.s.data.mongodb.core.MongoTemplate - find using query: { "username" : "Farmer"} fields: Document{{}} for class: class com.agri.supplytracker.model.User in collection: users
2026-03-04 01:20:50.284 [http-nio-8080-exec-10] DEBUG o.s.security.web.FilterChainProxy - Secured GET /api/notifications/unread-count
2026-03-04 01:20:50.285 [http-nio-8080-exec-10] DEBUG o.s.d.m.r.query.MongoQueryCreator - Created query Query: { "recipientId" : "Farmer", "read" : false}, Fields: {}, Sort: {}
2026-03-04 01:20:50.286 [http-nio-8080-exec-10] DEBUG o.s.data.mongodb.core.MongoTemplate - Executing count: { "recipientId" : "Farmer", "read" : false} in collection: notifications
2026-03-04 01:21:20.273 [http-nio-8080-exec-3] DEBUG o.s.security.web.FilterChainProxy - Securing GET /api/notifications/unread-count
2026-03-04 01:21:20.276 [http-nio-8080-exec-3] DEBUG o.s.d.m.r.query.MongoQueryCreator - Created query Query: { "username" : "Farmer"}, Fields: {}, Sort: {}
2026-03-04 01:21:20.276 [http-nio-8080-exec-3] DEBUG o.s.data.mongodb.core.MongoTemplate - find using query: { "username" : "Farmer"} fields: Document{{}} for class: class com.agri.supplytracker.model.User in collection: users
2026-03-04 01:21:20.280 [http-nio-8080-exec-3] DEBUG o.s.security.web.FilterChainProxy - Secured GET /api/notifications/unread-count
2026-03-04 01:21:20.281 [http-nio-8080-exec-3] DEBUG o.s.d.m.r.query.MongoQueryCreator - Created query Query: { "recipientId" : "Farmer", "read" : false}, Fields: {}, Sort: {}
2026-03-04 01:21:20.281 [http-nio-8080-exec-3] DEBUG o.s.data.mongodb.core.MongoTemplate - Executing count: { "recipientId" : "Farmer", "read" : false} in collection: notifications
2026-03-04 01:21:28.740 [http-nio-8080-exec-1] DEBUG o.s.security.web.FilterChainProxy - Securing GET /api/notifications/unread-count
2026-03-04 01:21:28.745 [http-nio-8080-exec-1] DEBUG o.s.d.m.r.query.MongoQueryCreator - Created query Query: { "username" : "adminuser"}, Fields: {}, Sort: {}
2026-03-04 01:21:28.745 [http-nio-8080-exec-1] DEBUG o.s.data.mongodb.core.MongoTemplate - find using query: { "username" : "adminuser"} fields: Document{{}} for class: class com.agri.supplytracker.model.User in collection: users
2026-03-04 01:21:28.750 [http-nio-8080-exec-1] DEBUG o.s.security.web.FilterChainProxy - Secured GET /api/notifications/unread-count
2026-03-04 01:21:28.751 [http-nio-8080-exec-1] DEBUG o.s.d.m.r.query.MongoQueryCreator - Created query Query: { "recipientId" : "adminuser", "read" : false}, Fields: {}, Sort: {}
2026-03-04 01:21:28.752 [http-nio-8080-exec-1] DEBUG o.s.data.mongodb.core.MongoTemplate - Executing count: { "recipientId" : "adminuser", "read" : false} in collection: notifications
2026-03-04 01:21:50.267 [http-nio-8080-exec-4] DEBUG o.s.security.web.FilterChainProxy - Securing GET /api/notifications/unread-count
2026-03-04 01:21:50.271 [http-nio-8080-exec-4] DEBUG o.s.d.m.r.query.MongoQueryCreator - Created query Query: { "username" : "Farmer"}, Fields: {}, Sort: {}
2026-03-04 01:21:50.272 [http-nio-8080-exec-4] DEBUG o.s.data.mongodb.core.MongoTemplate - find using query: { "username" : "Farmer"} fields: Document{{}} for class: class com.agri.supplytracker.model.User in collection: users
2026-03-04 01:21:50.280 [http-nio-8080-exec-4] DEBUG o.s.security.web.FilterChainProxy - Secured GET /api/notifications/unread-count
2026-03-04 01:21:50.282 [http-nio-8080-exec-4] DEBUG o.s.d.m.r.query.MongoQueryCreator - Created query Query: { "recipientId" : "Farmer", "read" : false}, Fields: {}, Sort: {}
2026-03-04 01:21:50.282 [http-nio-8080-exec-4] DEBUG o.s.data.mongodb.core.MongoTemplate - Executing count: { "recipientId" : "Farmer", "read" : false} in collection: notifications
2026-03-04 06:38:51.788 [MessageBroker-8] INFO  o.s.w.s.c.WebSocketMessageBrokerStats - WebSocketSession[0 current WS(0)-HttpStream(0)-HttpPoll(0), 8 total, 0 closed abnormally (0 connect failure, 0 send limit, 4 transport error)], stompSubProtocol[processed CONNECT(8)-CONNECTED(8)-DISCONNECT(0)], stompBrokerRelay[null], inboundChannel[pool size = 6, active threads = 0, queued tasks = 0, completed tasks = 72], outboundChannel[pool size = 2, active threads = 0, queued tasks = 0, completed tasks = 16], sockJsScheduler[pool size = 8, active threads = 2, queued tasks = 0, completed tasks = 8636]
2026-03-04 06:38:51.792 [http-nio-8080-exec-2] DEBUG o.s.security.web.FilterChainProxy - Securing GET /ws/notifications/info?t=1772624331469
2026-03-04 06:38:51.792 [http-nio-8080-exec-9] DEBUG o.s.security.web.FilterChainProxy - Securing OPTIONS /api/notifications/unread-count
2026-03-04 06:38:51.796 [http-nio-8080-exec-2] DEBUG o.s.s.w.a.AnonymousAuthenticationFilter - Set SecurityContextHolder to anonymous SecurityContext
2026-03-04 06:38:51.801 [http-nio-8080-exec-10] DEBUG o.s.security.web.FilterChainProxy - Securing GET /api/notifications/unread-count
2026-03-04 06:38:51.811 [http-nio-8080-exec-2] DEBUG o.s.security.web.FilterChainProxy - Secured GET /ws/notifications/info?t=1772624331469
2026-03-04 06:38:51.815 [http-nio-8080-exec-10] DEBUG o.s.d.m.r.query.MongoQueryCreator - Created query Query: { "username" : "Farmer"}, Fields: {}, Sort: {}
2026-03-04 06:38:51.832 [http-nio-8080-exec-10] DEBUG o.s.data.mongodb.core.MongoTemplate - find using query: { "username" : "Farmer"} fields: Document{{}} for class: class com.agri.supplytracker.model.User in collection: users
2026-03-04 06:38:51.889 [http-nio-8080-exec-10] DEBUG o.s.security.web.FilterChainProxy - Secured GET /api/notifications/unread-count
2026-03-04 06:38:51.936 [http-nio-8080-exec-10] DEBUG o.s.d.m.r.query.MongoQueryCreator - Created query Query: { "recipientId" : "Farmer", "read" : false}, Fields: {}, Sort: {}
2026-03-04 06:38:51.974 [http-nio-8080-exec-10] DEBUG o.s.data.mongodb.core.MongoTemplate - Executing count: { "recipientId" : "Farmer", "read" : false} in collection: notifications
2026-03-04 08:48:20.945 [MessageBroker-6] INFO  o.s.w.s.c.WebSocketMessageBrokerStats - WebSocketSession[0 current WS(0)-HttpStream(0)-HttpPoll(0), 8 total, 0 closed abnormally (0 connect failure, 0 send limit, 4 transport error)], stompSubProtocol[processed CONNECT(8)-CONNECTED(8)-DISCONNECT(0)], stompBrokerRelay[null], inboundChannel[pool size = 6, active threads = 0, queued tasks = 0, completed tasks = 72], outboundChannel[pool size = 2, active threads = 0, queued tasks = 0, completed tasks = 16], sockJsScheduler[pool size = 8, active threads = 2, queued tasks = 0, completed tasks = 12426]
2026-03-04 08:48:22.362 [http-nio-8080-exec-4] DEBUG o.s.security.web.FilterChainProxy - Securing OPTIONS /api/notifications/unread-count
2026-03-04 08:48:22.366 [http-nio-8080-exec-7] DEBUG o.s.security.web.FilterChainProxy - Securing OPTIONS /api/notifications/unread-count
2026-03-04 08:48:22.446 [http-nio-8080-exec-6] DEBUG o.s.security.web.FilterChainProxy - Securing POST /ws/notifications/930/xmcjjfrf/xhr?t=1772632100793
2026-03-04 08:48:22.470 [http-nio-8080-exec-5] DEBUG o.s.security.web.FilterChainProxy - Securing GET /ws/notifications/info?t=1772632100731
2026-03-04 08:48:22.610 [http-nio-8080-exec-5] DEBUG o.s.s.w.a.AnonymousAuthenticationFilter - Set SecurityContextHolder to anonymous SecurityContext
2026-03-04 08:48:22.533 [http-nio-8080-exec-6] DEBUG o.s.s.w.a.AnonymousAuthenticationFilter - Set SecurityContextHolder to anonymous SecurityContext
2026-03-04 08:48:22.704 [http-nio-8080-exec-5] DEBUG o.s.security.web.FilterChainProxy - Secured GET /ws/notifications/info?t=1772632100731
2026-03-04 08:48:22.712 [http-nio-8080-exec-6] DEBUG o.s.security.web.FilterChainProxy - Secured POST /ws/notifications/930/xmcjjfrf/xhr?t=1772632100793
2026-03-04 08:48:23.506 [http-nio-8080-exec-10] DEBUG o.s.security.web.FilterChainProxy - Securing GET /api/notifications/unread-count
2026-03-04 08:48:23.529 [http-nio-8080-exec-10] DEBUG o.s.d.m.r.query.MongoQueryCreator - Created query Query: { "username" : "Farmer"}, Fields: {}, Sort: {}
2026-03-04 08:48:23.531 [http-nio-8080-exec-1] DEBUG o.s.security.web.FilterChainProxy - Securing GET /api/notifications/unread-count
2026-03-04 08:48:23.549 [http-nio-8080-exec-10] DEBUG o.s.data.mongodb.core.MongoTemplate - find using query: { "username" : "Farmer"} fields: Document{{}} for class: class com.agri.supplytracker.model.User in collection: users
2026-03-04 08:48:23.632 [http-nio-8080-exec-10] DEBUG o.s.security.web.FilterChainProxy - Secured GET /api/notifications/unread-count
2026-03-04 08:48:23.611 [http-nio-8080-exec-1] DEBUG o.s.d.m.r.query.MongoQueryCreator - Created query Query: { "username" : "adminuser"}, Fields: {}, Sort: {}
2026-03-04 08:48:23.649 [http-nio-8080-exec-10] DEBUG o.s.d.m.r.query.MongoQueryCreator - Created query Query: { "recipientId" : "Farmer", "read" : false}, Fields: {}, Sort: {}
2026-03-04 08:48:23.663 [http-nio-8080-exec-1] DEBUG o.s.data.mongodb.core.MongoTemplate - find using query: { "username" : "adminuser"} fields: Document{{}} for class: class com.agri.supplytracker.model.User in collection: users
2026-03-04 08:48:23.671 [http-nio-8080-exec-10] DEBUG o.s.data.mongodb.core.MongoTemplate - Executing count: { "recipientId" : "Farmer", "read" : false} in collection: notifications
2026-03-04 08:48:23.686 [http-nio-8080-exec-1] DEBUG o.s.security.web.FilterChainProxy - Secured GET /api/notifications/unread-count
2026-03-04 08:48:23.721 [http-nio-8080-exec-1] DEBUG o.s.d.m.r.query.MongoQueryCreator - Created query Query: { "recipientId" : "adminuser", "read" : false}, Fields: {}, Sort: {}
2026-03-04 08:48:23.736 [http-nio-8080-exec-1] DEBUG o.s.data.mongodb.core.MongoTemplate - Executing count: { "recipientId" : "adminuser", "read" : false} in collection: notifications
2026-03-04 08:48:24.220 [http-nio-8080-exec-4] DEBUG o.s.security.web.FilterChainProxy - Securing GET /ws/notifications/261/iuo35dd5/websocket
2026-03-04 08:48:24.222 [http-nio-8080-exec-4] DEBUG o.s.s.w.a.AnonymousAuthenticationFilter - Set SecurityContextHolder to anonymous SecurityContext
2026-03-04 08:48:24.225 [http-nio-8080-exec-4] DEBUG o.s.security.web.FilterChainProxy - Secured GET /ws/notifications/261/iuo35dd5/websocket
2026-03-04 08:48:24.519 [http-nio-8080-exec-7] DEBUG o.s.security.web.FilterChainProxy - Securing POST /ws/notifications/930/xmcjjfrf/xhr_send?t=1772632104491
2026-03-04 08:48:24.519 [http-nio-8080-exec-7] DEBUG o.s.s.w.a.AnonymousAuthenticationFilter - Set SecurityContextHolder to anonymous SecurityContext
2026-03-04 08:48:24.522 [http-nio-8080-exec-7] DEBUG o.s.security.web.FilterChainProxy - Secured POST /ws/notifications/930/xmcjjfrf/xhr_send?t=1772632104491
2026-03-04 08:48:24.532 [http-nio-8080-exec-9] DEBUG o.s.security.web.FilterChainProxy - Securing POST /ws/notifications/930/xmcjjfrf/xhr?t=1772632104530
2026-03-04 08:48:24.532 [http-nio-8080-exec-9] DEBUG o.s.s.w.a.AnonymousAuthenticationFilter - Set SecurityContextHolder to anonymous SecurityContext
2026-03-04 08:48:24.533 [http-nio-8080-exec-9] DEBUG o.s.security.web.FilterChainProxy - Secured POST /ws/notifications/930/xmcjjfrf/xhr?t=1772632104530
2026-03-04 08:48:24.563 [http-nio-8080-exec-2] DEBUG o.s.security.web.FilterChainProxy - Securing POST /ws/notifications/930/xmcjjfrf/xhr?t=1772632104554
2026-03-04 08:48:24.564 [http-nio-8080-exec-2] DEBUG o.s.s.w.a.AnonymousAuthenticationFilter - Set SecurityContextHolder to anonymous SecurityContext
2026-03-04 08:48:24.567 [http-nio-8080-exec-2] DEBUG o.s.security.web.FilterChainProxy - Secured POST /ws/notifications/930/xmcjjfrf/xhr?t=1772632104554
2026-03-04 08:48:24.991 [http-nio-8080-exec-6] DEBUG o.s.security.web.FilterChainProxy - Securing POST /ws/notifications/930/xmcjjfrf/xhr_send?t=1772632104816
2026-03-04 08:48:24.992 [http-nio-8080-exec-6] DEBUG o.s.s.w.a.AnonymousAuthenticationFilter - Set SecurityContextHolder to anonymous SecurityContext
2026-03-04 08:48:24.993 [http-nio-8080-exec-6] DEBUG o.s.security.web.FilterChainProxy - Secured POST /ws/notifications/930/xmcjjfrf/xhr_send?t=1772632104816
2026-03-04 08:48:49.582 [http-nio-8080-exec-8] DEBUG o.s.security.web.FilterChainProxy - Securing POST /ws/notifications/930/xmcjjfrf/xhr?t=1772632129580
2026-03-04 08:48:49.583 [http-nio-8080-exec-8] DEBUG o.s.s.w.a.AnonymousAuthenticationFilter - Set SecurityContextHolder to anonymous SecurityContext
2026-03-04 08:48:49.584 [http-nio-8080-exec-8] DEBUG o.s.security.web.FilterChainProxy - Secured POST /ws/notifications/930/xmcjjfrf/xhr?t=1772632129580
2026-03-04 08:49:14.604 [http-nio-8080-exec-9] DEBUG o.s.security.web.FilterChainProxy - Securing POST /ws/notifications/930/xmcjjfrf/xhr?t=1772632154601
2026-03-04 08:49:14.606 [http-nio-8080-exec-9] DEBUG o.s.s.w.a.AnonymousAuthenticationFilter - Set SecurityContextHolder to anonymous SecurityContext
2026-03-04 08:49:14.609 [http-nio-8080-exec-9] DEBUG o.s.security.web.FilterChainProxy - Secured POST /ws/notifications/930/xmcjjfrf/xhr?t=1772632154601
2026-03-04 08:49:20.725 [http-nio-8080-exec-2] DEBUG o.s.security.web.FilterChainProxy - Securing GET /api/notifications/unread-count
2026-03-04 08:49:20.729 [http-nio-8080-exec-2] DEBUG o.s.d.m.r.query.MongoQueryCreator - Created query Query: { "username" : "adminuser"}, Fields: {}, Sort: {}
2026-03-04 08:49:20.730 [http-nio-8080-exec-2] DEBUG o.s.data.mongodb.core.MongoTemplate - find using query: { "username" : "adminuser"} fields: Document{{}} for class: class com.agri.supplytracker.model.User in collection: users
2026-03-04 08:49:20.731 [http-nio-8080-exec-6] DEBUG o.s.security.web.FilterChainProxy - Securing GET /api/notifications/unread-count
2026-03-04 08:49:20.734 [http-nio-8080-exec-6] DEBUG o.s.d.m.r.query.MongoQueryCreator - Created query Query: { "username" : "Farmer"}, Fields: {}, Sort: {}
2026-03-04 08:49:20.734 [http-nio-8080-exec-6] DEBUG o.s.data.mongodb.core.MongoTemplate - find using query: { "username" : "Farmer"} fields: Document{{}} for class: class com.agri.supplytracker.model.User in collection: users
2026-03-04 08:49:20.736 [http-nio-8080-exec-2] DEBUG o.s.security.web.FilterChainProxy - Secured GET /api/notifications/unread-count
2026-03-04 08:49:20.736 [http-nio-8080-exec-2] DEBUG o.s.d.m.r.query.MongoQueryCreator - Created query Query: { "recipientId" : "adminuser", "read" : false}, Fields: {}, Sort: {}
2026-03-04 08:49:20.736 [http-nio-8080-exec-2] DEBUG o.s.data.mongodb.core.MongoTemplate - Executing count: { "recipientId" : "adminuser", "read" : false} in collection: notifications
2026-03-04 08:49:20.739 [http-nio-8080-exec-6] DEBUG o.s.security.web.FilterChainProxy - Secured GET /api/notifications/unread-count
2026-03-04 08:49:20.740 [http-nio-8080-exec-6] DEBUG o.s.d.m.r.query.MongoQueryCreator - Created query Query: { "recipientId" : "Farmer", "read" : false}, Fields: {}, Sort: {}
2026-03-04 08:49:20.740 [http-nio-8080-exec-6] DEBUG o.s.data.mongodb.core.MongoTemplate - Executing count: { "recipientId" : "Farmer", "read" : false} in collection: notifications
2026-03-04 08:49:39.631 [http-nio-8080-exec-1] DEBUG o.s.security.web.FilterChainProxy - Securing POST /ws/notifications/930/xmcjjfrf/xhr?t=1772632179630
2026-03-04 08:49:39.632 [http-nio-8080-exec-1] DEBUG o.s.s.w.a.AnonymousAuthenticationFilter - Set SecurityContextHolder to anonymous SecurityContext
2026-03-04 08:49:39.634 [http-nio-8080-exec-1] DEBUG o.s.security.web.FilterChainProxy - Secured POST /ws/notifications/930/xmcjjfrf/xhr?t=1772632179630
2026-03-04 08:50:04.644 [http-nio-8080-exec-4] DEBUG o.s.security.web.FilterChainProxy - Securing POST /ws/notifications/930/xmcjjfrf/xhr?t=1772632204643
2026-03-04 08:50:04.646 [http-nio-8080-exec-4] DEBUG o.s.s.w.a.AnonymousAuthenticationFilter - Set SecurityContextHolder to anonymous SecurityContext
2026-03-04 08:50:04.649 [http-nio-8080-exec-4] DEBUG o.s.security.web.FilterChainProxy - Secured POST /ws/notifications/930/xmcjjfrf/xhr?t=1772632204643
2026-03-04 08:50:21.724 [http-nio-8080-exec-7] DEBUG o.s.security.web.FilterChainProxy - Securing GET /api/notifications/unread-count
2026-03-04 08:50:21.726 [http-nio-8080-exec-9] DEBUG o.s.security.web.FilterChainProxy - Securing GET /api/notifications/unread-count
2026-03-04 08:50:21.727 [http-nio-8080-exec-7] DEBUG o.s.d.m.r.query.MongoQueryCreator - Created query Query: { "username" : "Farmer"}, Fields: {}, Sort: {}
2026-03-04 08:50:21.727 [http-nio-8080-exec-7] DEBUG o.s.data.mongodb.core.MongoTemplate - find using query: { "username" : "Farmer"} fields: Document{{}} for class: class com.agri.supplytracker.model.User in collection: users
2026-03-04 08:50:21.731 [http-nio-8080-exec-9] DEBUG o.s.d.m.r.query.MongoQueryCreator - Created query Query: { "username" : "adminuser"}, Fields: {}, Sort: {}
2026-03-04 08:50:21.732 [http-nio-8080-exec-9] DEBUG o.s.data.mongodb.core.MongoTemplate - find using query: { "username" : "adminuser"} fields: Document{{}} for class: class com.agri.supplytracker.model.User in collection: users
2026-03-04 08:50:21.736 [http-nio-8080-exec-7] DEBUG o.s.security.web.FilterChainProxy - Secured GET /api/notifications/unread-count
2026-03-04 08:50:21.736 [http-nio-8080-exec-7] DEBUG o.s.d.m.r.query.MongoQueryCreator - Created query Query: { "recipientId" : "Farmer", "read" : false}, Fields: {}, Sort: {}
2026-03-04 08:50:21.737 [http-nio-8080-exec-7] DEBUG o.s.data.mongodb.core.MongoTemplate - Executing count: { "recipientId" : "Farmer", "read" : false} in collection: notifications
2026-03-04 08:50:21.737 [http-nio-8080-exec-9] DEBUG o.s.security.web.FilterChainProxy - Secured GET /api/notifications/unread-count
2026-03-04 08:50:21.737 [http-nio-8080-exec-9] DEBUG o.s.d.m.r.query.MongoQueryCreator - Created query Query: { "recipientId" : "adminuser", "read" : false}, Fields: {}, Sort: {}
2026-03-04 08:50:21.737 [http-nio-8080-exec-9] DEBUG o.s.data.mongodb.core.MongoTemplate - Executing count: { "recipientId" : "adminuser", "read" : false} in collection: notifications
2026-03-04 08:50:29.655 [http-nio-8080-exec-6] DEBUG o.s.security.web.FilterChainProxy - Securing POST /ws/notifications/930/xmcjjfrf/xhr?t=1772632229655
2026-03-04 08:50:29.655 [http-nio-8080-exec-6] DEBUG o.s.s.w.a.AnonymousAuthenticationFilter - Set SecurityContextHolder to anonymous SecurityContext
2026-03-04 08:50:29.657 [http-nio-8080-exec-6] DEBUG o.s.security.web.FilterChainProxy - Secured POST /ws/notifications/930/xmcjjfrf/xhr?t=1772632229655
2026-03-04 08:50:54.673 [http-nio-8080-exec-1] DEBUG o.s.security.web.FilterChainProxy - Securing POST /ws/notifications/930/xmcjjfrf/xhr?t=1772632254672
2026-03-04 08:50:54.674 [http-nio-8080-exec-1] DEBUG o.s.s.w.a.AnonymousAuthenticationFilter - Set SecurityContextHolder to anonymous SecurityContext
2026-03-04 08:50:54.683 [http-nio-8080-exec-1] DEBUG o.s.security.web.FilterChainProxy - Secured POST /ws/notifications/930/xmcjjfrf/xhr?t=1772632254672
2026-03-04 08:51:19.693 [http-nio-8080-exec-4] DEBUG o.s.security.web.FilterChainProxy - Securing POST /ws/notifications/930/xmcjjfrf/xhr?t=1772632279691
2026-03-04 08:51:19.695 [http-nio-8080-exec-4] DEBUG o.s.s.w.a.AnonymousAuthenticationFilter - Set SecurityContextHolder to anonymous SecurityContext
2026-03-04 08:51:19.697 [http-nio-8080-exec-4] DEBUG o.s.security.web.FilterChainProxy - Secured POST /ws/notifications/930/xmcjjfrf/xhr?t=1772632279691
2026-03-04 08:51:22.732 [http-nio-8080-exec-9] DEBUG o.s.security.web.FilterChainProxy - Securing GET /api/notifications/unread-count
2026-03-04 08:51:22.733 [http-nio-8080-exec-7] DEBUG o.s.security.web.FilterChainProxy - Securing GET /api/notifications/unread-count
2026-03-04 08:51:22.735 [http-nio-8080-exec-9] DEBUG o.s.d.m.r.query.MongoQueryCreator - Created query Query: { "username" : "Farmer"}, Fields: {}, Sort: {}
2026-03-04 08:51:22.736 [http-nio-8080-exec-9] DEBUG o.s.data.mongodb.core.MongoTemplate - find using query: { "username" : "Farmer"} fields: Document{{}} for class: class com.agri.supplytracker.model.User in collection: users
2026-03-04 08:51:22.736 [http-nio-8080-exec-7] DEBUG o.s.d.m.r.query.MongoQueryCreator - Created query Query: { "username" : "adminuser"}, Fields: {}, Sort: {}
2026-03-04 08:51:22.736 [http-nio-8080-exec-7] DEBUG o.s.data.mongodb.core.MongoTemplate - find using query: { "username" : "adminuser"} fields: Document{{}} for class: class com.agri.supplytracker.model.User in collection: users
2026-03-04 08:51:22.740 [http-nio-8080-exec-9] DEBUG o.s.security.web.FilterChainProxy - Secured GET /api/notifications/unread-count
2026-03-04 08:51:22.740 [http-nio-8080-exec-7] DEBUG o.s.security.web.FilterChainProxy - Secured GET /api/notifications/unread-count
2026-03-04 08:51:22.740 [http-nio-8080-exec-7] DEBUG o.s.d.m.r.query.MongoQueryCreator - Created query Query: { "recipientId" : "adminuser", "read" : false}, Fields: {}, Sort: {}
2026-03-04 08:51:22.740 [http-nio-8080-exec-9] DEBUG o.s.d.m.r.query.MongoQueryCreator - Created query Query: { "recipientId" : "Farmer", "read" : false}, Fields: {}, Sort: {}
2026-03-04 08:51:22.740 [http-nio-8080-exec-9] DEBUG o.s.data.mongodb.core.MongoTemplate - Executing count: { "recipientId" : "Farmer", "read" : false} in collection: notifications
2026-03-04 08:51:22.740 [http-nio-8080-exec-7] DEBUG o.s.data.mongodb.core.MongoTemplate - Executing count: { "recipientId" : "adminuser", "read" : false} in collection: notifications
2026-03-04 08:51:44.714 [http-nio-8080-exec-6] DEBUG o.s.security.web.FilterChainProxy - Securing POST /ws/notifications/930/xmcjjfrf/xhr?t=1772632304713
2026-03-04 08:51:44.716 [http-nio-8080-exec-6] DEBUG o.s.s.w.a.AnonymousAuthenticationFilter - Set SecurityContextHolder to anonymous SecurityContext
2026-03-04 08:51:44.719 [http-nio-8080-exec-6] DEBUG o.s.security.web.FilterChainProxy - Secured POST /ws/notifications/930/xmcjjfrf/xhr?t=1772632304713
2026-03-04 08:52:05.336 [http-nio-8080-exec-10] DEBUG o.s.security.web.FilterChainProxy - Securing GET /api/notifications/unread-count
2026-03-04 08:52:05.346 [http-nio-8080-exec-10] DEBUG o.s.d.m.r.query.MongoQueryCreator - Created query Query: { "username" : "Farmer"}, Fields: {}, Sort: {}
2026-03-04 08:52:05.347 [http-nio-8080-exec-10] DEBUG o.s.data.mongodb.core.MongoTemplate - find using query: { "username" : "Farmer"} fields: Document{{}} for class: class com.agri.supplytracker.model.User in collection: users
2026-03-04 08:52:05.370 [http-nio-8080-exec-10] DEBUG o.s.security.web.FilterChainProxy - Secured GET /api/notifications/unread-count
2026-03-04 08:52:05.378 [http-nio-8080-exec-10] DEBUG o.s.d.m.r.query.MongoQueryCreator - Created query Query: { "recipientId" : "Farmer", "read" : false}, Fields: {}, Sort: {}
2026-03-04 08:52:05.387 [http-nio-8080-exec-10] DEBUG o.s.data.mongodb.core.MongoTemplate - Executing count: { "recipientId" : "Farmer", "read" : false} in collection: notifications
2026-03-04 08:52:05.871 [http-nio-8080-exec-1] DEBUG o.s.security.web.FilterChainProxy - Securing OPTIONS /api/notifications
2026-03-04 08:52:05.877 [http-nio-8080-exec-3] DEBUG o.s.security.web.FilterChainProxy - Securing GET /api/notifications
2026-03-04 08:52:05.877 [http-nio-8080-exec-4] DEBUG o.s.security.web.FilterChainProxy - Securing OPTIONS /api/products?page=0&size=10&sortBy=name&sortDir=asc
2026-03-04 08:52:05.879 [http-nio-8080-exec-4] DEBUG o.s.security.web.FilterChainProxy - Securing OPTIONS /api/products/stats
2026-03-04 08:52:05.881 [http-nio-8080-exec-5] DEBUG o.s.security.web.FilterChainProxy - Securing OPTIONS /api/farms
2026-03-04 08:52:05.882 [http-nio-8080-exec-7] DEBUG o.s.security.web.FilterChainProxy - Securing GET /api/products?page=0&size=10&sortBy=name&sortDir=asc
2026-03-04 08:52:05.885 [http-nio-8080-exec-9] DEBUG o.s.security.web.FilterChainProxy - Securing GET /api/products/stats
2026-03-04 08:52:05.885 [http-nio-8080-exec-2] DEBUG o.s.security.web.FilterChainProxy - Securing GET /api/farms
2026-03-04 08:52:05.885 [http-nio-8080-exec-3] DEBUG o.s.d.m.r.query.MongoQueryCreator - Created query Query: { "username" : "Farmer"}, Fields: {}, Sort: {}
2026-03-04 08:52:05.886 [http-nio-8080-exec-3] DEBUG o.s.data.mongodb.core.MongoTemplate - find using query: { "username" : "Farmer"} fields: Document{{}} for class: class com.agri.supplytracker.model.User in collection: users
2026-03-04 08:52:05.886 [http-nio-8080-exec-7] DEBUG o.s.d.m.r.query.MongoQueryCreator - Created query Query: { "username" : "Farmer"}, Fields: {}, Sort: {}
2026-03-04 08:52:05.886 [http-nio-8080-exec-7] DEBUG o.s.data.mongodb.core.MongoTemplate - find using query: { "username" : "Farmer"} fields: Document{{}} for class: class com.agri.supplytracker.model.User in collection: users
2026-03-04 08:52:05.886 [http-nio-8080-exec-9] DEBUG o.s.d.m.r.query.MongoQueryCreator - Created query Query: { "username" : "Farmer"}, Fields: {}, Sort: {}
2026-03-04 08:52:05.886 [http-nio-8080-exec-2] DEBUG o.s.d.m.r.query.MongoQueryCreator - Created query Query: { "username" : "Farmer"}, Fields: {}, Sort: {}
2026-03-04 08:52:05.887 [http-nio-8080-exec-9] DEBUG o.s.data.mongodb.core.MongoTemplate - find using query: { "username" : "Farmer"} fields: Document{{}} for class: class com.agri.supplytracker.model.User in collection: users
2026-03-04 08:52:05.887 [http-nio-8080-exec-2] DEBUG o.s.data.mongodb.core.MongoTemplate - find using query: { "username" : "Farmer"} fields: Document{{}} for class: class com.agri.supplytracker.model.User in collection: users
2026-03-04 08:52:05.888 [http-nio-8080-exec-6] DEBUG o.s.security.web.FilterChainProxy - Securing GET /ws/notifications/info?t=1772632325883
2026-03-04 08:52:05.889 [http-nio-8080-exec-6] DEBUG o.s.s.w.a.AnonymousAuthenticationFilter - Set SecurityContextHolder to anonymous SecurityContext
2026-03-04 08:52:05.891 [http-nio-8080-exec-9] DEBUG o.s.security.web.FilterChainProxy - Secured GET /api/products/stats
2026-03-04 08:52:05.891 [http-nio-8080-exec-2] DEBUG o.s.security.web.FilterChainProxy - Secured GET /api/farms
2026-03-04 08:52:05.891 [http-nio-8080-exec-3] DEBUG o.s.security.web.FilterChainProxy - Secured GET /api/notifications
2026-03-04 08:52:05.892 [http-nio-8080-exec-3] DEBUG o.s.d.m.r.query.MongoQueryCreator - Created query Query: { "recipientId" : "Farmer"}, Fields: {}, Sort: {}
2026-03-04 08:52:05.892 [http-nio-8080-exec-7] DEBUG o.s.security.web.FilterChainProxy - Secured GET /api/products?page=0&size=10&sortBy=name&sortDir=asc
2026-03-04 08:52:05.892 [http-nio-8080-exec-3] DEBUG o.s.data.mongodb.core.MongoTemplate - find using query: { "recipientId" : "Farmer"} fields: Document{{}} for class: class com.agri.supplytracker.model.Notification in collection: notifications
2026-03-04 08:52:05.894 [http-nio-8080-exec-9] DEBUG o.s.data.mongodb.core.MongoTemplate - find using query: {} fields: Document{{}} for class: class com.agri.supplytracker.model.Product in collection: products
2026-03-04 08:52:05.894 [http-nio-8080-exec-6] DEBUG o.s.security.web.FilterChainProxy - Secured GET /ws/notifications/info?t=1772632325883
2026-03-04 08:52:05.894 [http-nio-8080-exec-2] DEBUG o.s.data.mongodb.core.MongoTemplate - find using query: {} fields: Document{{}} for class: class com.agri.supplytracker.model.Farm in collection: farms
2026-03-04 08:52:05.896 [http-nio-8080-exec-7] DEBUG o.s.data.mongodb.core.MongoTemplate - Executing count: {} in collection: products
2026-03-04 08:52:05.900 [http-nio-8080-exec-7] DEBUG o.s.data.mongodb.core.MongoTemplate - find using query: {} fields: Document{{}} for class: class com.agri.supplytracker.model.Product in collection: products
2026-03-04 08:52:05.901 [http-nio-8080-exec-10] DEBUG o.s.security.web.FilterChainProxy - Securing GET /ws/notifications/818/o32hw0x2/websocket
2026-03-04 08:52:05.903 [http-nio-8080-exec-10] DEBUG o.s.s.w.a.AnonymousAuthenticationFilter - Set SecurityContextHolder to anonymous SecurityContext
2026-03-04 08:52:05.904 [http-nio-8080-exec-10] DEBUG o.s.security.web.FilterChainProxy - Secured GET /ws/notifications/818/o32hw0x2/websocket
2026-03-04 08:52:23.723 [http-nio-8080-exec-6] DEBUG o.s.security.web.FilterChainProxy - Securing GET /api/notifications/unread-count
2026-03-04 08:52:23.725 [http-nio-8080-exec-6] DEBUG o.s.d.m.r.query.MongoQueryCreator - Created query Query: { "username" : "adminuser"}, Fields: {}, Sort: {}
2026-03-04 08:52:23.725 [http-nio-8080-exec-6] DEBUG o.s.data.mongodb.core.MongoTemplate - find using query: { "username" : "adminuser"} fields: Document{{}} for class: class com.agri.supplytracker.model.User in collection: users
2026-03-04 08:52:23.729 [http-nio-8080-exec-6] DEBUG o.s.security.web.FilterChainProxy - Secured GET /api/notifications/unread-count
2026-03-04 08:52:23.730 [http-nio-8080-exec-6] DEBUG o.s.d.m.r.query.MongoQueryCreator - Created query Query: { "recipientId" : "adminuser", "read" : false}, Fields: {}, Sort: {}
2026-03-04 08:52:23.730 [http-nio-8080-exec-6] DEBUG o.s.data.mongodb.core.MongoTemplate - Executing count: { "recipientId" : "adminuser", "read" : false} in collection: notifications
2026-03-04 08:52:36.723 [http-nio-8080-exec-3] DEBUG o.s.security.web.FilterChainProxy - Securing GET /api/notifications/unread-count
2026-03-04 08:52:36.726 [http-nio-8080-exec-3] DEBUG o.s.d.m.r.query.MongoQueryCreator - Created query Query: { "username" : "Farmer"}, Fields: {}, Sort: {}
2026-03-04 08:52:36.727 [http-nio-8080-exec-3] DEBUG o.s.data.mongodb.core.MongoTemplate - find using query: { "username" : "Farmer"} fields: Document{{}} for class: class com.agri.supplytracker.model.User in collection: users
2026-03-04 08:52:36.733 [http-nio-8080-exec-3] DEBUG o.s.security.web.FilterChainProxy - Secured GET /api/notifications/unread-count
2026-03-04 08:52:36.733 [http-nio-8080-exec-3] DEBUG o.s.d.m.r.query.MongoQueryCreator - Created query Query: { "recipientId" : "Farmer", "read" : false}, Fields: {}, Sort: {}
2026-03-04 08:52:36.734 [http-nio-8080-exec-3] DEBUG o.s.data.mongodb.core.MongoTemplate - Executing count: { "recipientId" : "Farmer", "read" : false} in collection: notifications
2026-03-04 08:53:06.732 [http-nio-8080-exec-1] DEBUG o.s.security.web.FilterChainProxy - Securing GET /api/notifications/unread-count
2026-03-04 08:53:06.737 [http-nio-8080-exec-1] DEBUG o.s.d.m.r.query.MongoQueryCreator - Created query Query: { "username" : "Farmer"}, Fields: {}, Sort: {}
2026-03-04 08:53:06.739 [http-nio-8080-exec-1] DEBUG o.s.data.mongodb.core.MongoTemplate - find using query: { "username" : "Farmer"} fields: Document{{}} for class: class com.agri.supplytracker.model.User in collection: users
2026-03-04 08:53:06.747 [http-nio-8080-exec-1] DEBUG o.s.security.web.FilterChainProxy - Secured GET /api/notifications/unread-count
2026-03-04 08:53:06.748 [http-nio-8080-exec-1] DEBUG o.s.d.m.r.query.MongoQueryCreator - Created query Query: { "recipientId" : "Farmer", "read" : false}, Fields: {}, Sort: {}
2026-03-04 08:53:06.748 [http-nio-8080-exec-1] DEBUG o.s.data.mongodb.core.MongoTemplate - Executing count: { "recipientId" : "Farmer", "read" : false} in collection: notifications
2026-03-04 08:53:24.723 [http-nio-8080-exec-4] DEBUG o.s.security.web.FilterChainProxy - Securing GET /api/notifications/unread-count
2026-03-04 08:53:24.725 [http-nio-8080-exec-4] DEBUG o.s.d.m.r.query.MongoQueryCreator - Created query Query: { "username" : "adminuser"}, Fields: {}, Sort: {}
2026-03-04 08:53:24.726 [http-nio-8080-exec-4] DEBUG o.s.data.mongodb.core.MongoTemplate - find using query: { "username" : "adminuser"} fields: Document{{}} for class: class com.agri.supplytracker.model.User in collection: users
2026-03-04 08:53:24.735 [http-nio-8080-exec-4] DEBUG o.s.security.web.FilterChainProxy - Secured GET /api/notifications/unread-count
2026-03-04 08:53:24.736 [http-nio-8080-exec-4] DEBUG o.s.d.m.r.query.MongoQueryCreator - Created query Query: { "recipientId" : "adminuser", "read" : false}, Fields: {}, Sort: {}
2026-03-04 08:53:24.736 [http-nio-8080-exec-4] DEBUG o.s.data.mongodb.core.MongoTemplate - Executing count: { "recipientId" : "adminuser", "read" : false} in collection: notifications
2026-03-04 08:53:36.726 [http-nio-8080-exec-5] DEBUG o.s.security.web.FilterChainProxy - Securing GET /api/notifications/unread-count
2026-03-04 08:53:36.731 [http-nio-8080-exec-5] DEBUG o.s.d.m.r.query.MongoQueryCreator - Created query Query: { "username" : "Farmer"}, Fields: {}, Sort: {}
2026-03-04 08:53:36.731 [http-nio-8080-exec-5] DEBUG o.s.data.mongodb.core.MongoTemplate - find using query: { "username" : "Farmer"} fields: Document{{}} for class: class com.agri.supplytracker.model.User in collection: users
2026-03-04 08:53:36.739 [http-nio-8080-exec-5] DEBUG o.s.security.web.FilterChainProxy - Secured GET /api/notifications/unread-count
2026-03-04 08:53:36.740 [http-nio-8080-exec-5] DEBUG o.s.d.m.r.query.MongoQueryCreator - Created query Query: { "recipientId" : "Farmer", "read" : false}, Fields: {}, Sort: {}
2026-03-04 08:53:36.741 [http-nio-8080-exec-5] DEBUG o.s.data.mongodb.core.MongoTemplate - Executing count: { "recipientId" : "Farmer", "read" : false} in collection: notifications
2026-03-04 08:54:06.721 [http-nio-8080-exec-6] DEBUG o.s.security.web.FilterChainProxy - Securing GET /api/notifications/unread-count
2026-03-04 08:54:06.723 [http-nio-8080-exec-6] DEBUG o.s.d.m.r.query.MongoQueryCreator - Created query Query: { "username" : "Farmer"}, Fields: {}, Sort: {}
2026-03-04 08:54:06.724 [http-nio-8080-exec-6] DEBUG o.s.data.mongodb.core.MongoTemplate - find using query: { "username" : "Farmer"} fields: Document{{}} for class: class com.agri.supplytracker.model.User in collection: users
2026-03-04 08:54:06.727 [http-nio-8080-exec-6] DEBUG o.s.security.web.FilterChainProxy - Secured GET /api/notifications/unread-count
2026-03-04 08:54:06.728 [http-nio-8080-exec-6] DEBUG o.s.d.m.r.query.MongoQueryCreator - Created query Query: { "recipientId" : "Farmer", "read" : false}, Fields: {}, Sort: {}
2026-03-04 08:54:06.728 [http-nio-8080-exec-6] DEBUG o.s.data.mongodb.core.MongoTemplate - Executing count: { "recipientId" : "Farmer", "read" : false} in collection: notifications
2026-03-04 08:54:25.731 [http-nio-8080-exec-10] DEBUG o.s.security.web.FilterChainProxy - Securing GET /api/notifications/unread-count
2026-03-04 08:54:25.734 [http-nio-8080-exec-10] DEBUG o.s.d.m.r.query.MongoQueryCreator - Created query Query: { "username" : "adminuser"}, Fields: {}, Sort: {}
2026-03-04 08:54:25.735 [http-nio-8080-exec-10] DEBUG o.s.data.mongodb.core.MongoTemplate - find using query: { "username" : "adminuser"} fields: Document{{}} for class: class com.agri.supplytracker.model.User in collection: users
2026-03-04 08:54:25.742 [http-nio-8080-exec-10] DEBUG o.s.security.web.FilterChainProxy - Secured GET /api/notifications/unread-count
2026-03-04 08:54:25.743 [http-nio-8080-exec-10] DEBUG o.s.d.m.r.query.MongoQueryCreator - Created query Query: { "recipientId" : "adminuser", "read" : false}, Fields: {}, Sort: {}
2026-03-04 08:54:25.744 [http-nio-8080-exec-10] DEBUG o.s.data.mongodb.core.MongoTemplate - Executing count: { "recipientId" : "adminuser", "read" : false} in collection: notifications
2026-03-04 08:54:36.731 [http-nio-8080-exec-9] DEBUG o.s.security.web.FilterChainProxy - Securing GET /api/notifications/unread-count
2026-03-04 08:54:36.734 [http-nio-8080-exec-9] DEBUG o.s.d.m.r.query.MongoQueryCreator - Created query Query: { "username" : "Farmer"}, Fields: {}, Sort: {}
2026-03-04 08:54:36.735 [http-nio-8080-exec-9] DEBUG o.s.data.mongodb.core.MongoTemplate - find using query: { "username" : "Farmer"} fields: Document{{}} for class: class com.agri.supplytracker.model.User in collection: users
2026-03-04 08:54:36.743 [http-nio-8080-exec-9] DEBUG o.s.security.web.FilterChainProxy - Secured GET /api/notifications/unread-count
2026-03-04 08:54:36.744 [http-nio-8080-exec-9] DEBUG o.s.d.m.r.query.MongoQueryCreator - Created query Query: { "recipientId" : "Farmer", "read" : false}, Fields: {}, Sort: {}
2026-03-04 08:54:36.744 [http-nio-8080-exec-9] DEBUG o.s.data.mongodb.core.MongoTemplate - Executing count: { "recipientId" : "Farmer", "read" : false} in collection: notifications
2026-03-04 08:55:06.734 [http-nio-8080-exec-2] DEBUG o.s.security.web.FilterChainProxy - Securing GET /api/notifications/unread-count
2026-03-04 08:55:06.737 [http-nio-8080-exec-2] DEBUG o.s.d.m.r.query.MongoQueryCreator - Created query Query: { "username" : "Farmer"}, Fields: {}, Sort: {}
2026-03-04 08:55:06.738 [http-nio-8080-exec-2] DEBUG o.s.data.mongodb.core.MongoTemplate - find using query: { "username" : "Farmer"} fields: Document{{}} for class: class com.agri.supplytracker.model.User in collection: users
2026-03-04 08:55:06.744 [http-nio-8080-exec-2] DEBUG o.s.security.web.FilterChainProxy - Secured GET /api/notifications/unread-count
2026-03-04 08:55:06.745 [http-nio-8080-exec-2] DEBUG o.s.d.m.r.query.MongoQueryCreator - Created query Query: { "recipientId" : "Farmer", "read" : false}, Fields: {}, Sort: {}
2026-03-04 08:55:06.746 [http-nio-8080-exec-2] DEBUG o.s.data.mongodb.core.MongoTemplate - Executing count: { "recipientId" : "Farmer", "read" : false} in collection: notifications
2026-03-04 08:55:26.732 [http-nio-8080-exec-1] DEBUG o.s.security.web.FilterChainProxy - Securing GET /api/notifications/unread-count
2026-03-04 08:55:26.735 [http-nio-8080-exec-1] DEBUG o.s.d.m.r.query.MongoQueryCreator - Created query Query: { "username" : "adminuser"}, Fields: {}, Sort: {}
2026-03-04 08:55:26.736 [http-nio-8080-exec-1] DEBUG o.s.data.mongodb.core.MongoTemplate - find using query: { "username" : "adminuser"} fields: Document{{}} for class: class com.agri.supplytracker.model.User in collection: users
2026-03-04 08:55:26.743 [http-nio-8080-exec-1] DEBUG o.s.security.web.FilterChainProxy - Secured GET /api/notifications/unread-count
2026-03-04 08:55:26.744 [http-nio-8080-exec-1] DEBUG o.s.d.m.r.query.MongoQueryCreator - Created query Query: { "recipientId" : "adminuser", "read" : false}, Fields: {}, Sort: {}
2026-03-04 08:55:26.744 [http-nio-8080-exec-1] DEBUG o.s.data.mongodb.core.MongoTemplate - Executing count: { "recipientId" : "adminuser", "read" : false} in collection: notifications
2026-03-04 08:56:27.723 [http-nio-8080-exec-5] DEBUG o.s.security.web.FilterChainProxy - Securing GET /api/notifications/unread-count
2026-03-04 08:56:27.727 [http-nio-8080-exec-5] DEBUG o.s.d.m.r.query.MongoQueryCreator - Created query Query: { "username" : "adminuser"}, Fields: {}, Sort: {}
2026-03-04 08:56:27.728 [http-nio-8080-exec-5] DEBUG o.s.data.mongodb.core.MongoTemplate - find using query: { "username" : "adminuser"} fields: Document{{}} for class: class com.agri.supplytracker.model.User in collection: users
2026-03-04 08:56:27.736 [http-nio-8080-exec-5] DEBUG o.s.security.web.FilterChainProxy - Secured GET /api/notifications/unread-count
2026-03-04 08:56:27.737 [http-nio-8080-exec-5] DEBUG o.s.d.m.r.query.MongoQueryCreator - Created query Query: { "recipientId" : "adminuser", "read" : false}, Fields: {}, Sort: {}
2026-03-04 08:56:27.738 [http-nio-8080-exec-5] DEBUG o.s.data.mongodb.core.MongoTemplate - Executing count: { "recipientId" : "adminuser", "read" : false} in collection: notifications
2026-03-04 08:56:28.738 [http-nio-8080-exec-6] DEBUG o.s.security.web.FilterChainProxy - Securing GET /api/notifications/unread-count
2026-03-04 08:56:28.740 [http-nio-8080-exec-6] DEBUG o.s.d.m.r.query.MongoQueryCreator - Created query Query: { "username" : "Farmer"}, Fields: {}, Sort: {}
2026-03-04 08:56:28.740 [http-nio-8080-exec-6] DEBUG o.s.data.mongodb.core.MongoTemplate - find using query: { "username" : "Farmer"} fields: Document{{}} for class: class com.agri.supplytracker.model.User in collection: users
2026-03-04 08:56:28.746 [http-nio-8080-exec-6] DEBUG o.s.security.web.FilterChainProxy - Secured GET /api/notifications/unread-count
2026-03-04 08:56:28.747 [http-nio-8080-exec-6] DEBUG o.s.d.m.r.query.MongoQueryCreator - Created query Query: { "recipientId" : "Farmer", "read" : false}, Fields: {}, Sort: {}
2026-03-04 08:56:28.747 [http-nio-8080-exec-6] DEBUG o.s.data.mongodb.core.MongoTemplate - Executing count: { "recipientId" : "Farmer", "read" : false} in collection: notifications
2026-03-04 08:57:28.727 [http-nio-8080-exec-10] DEBUG o.s.security.web.FilterChainProxy - Securing GET /api/notifications/unread-count
2026-03-04 08:57:28.727 [http-nio-8080-exec-9] DEBUG o.s.security.web.FilterChainProxy - Securing GET /api/notifications/unread-count
2026-03-04 08:57:28.730 [http-nio-8080-exec-10] DEBUG o.s.d.m.r.query.MongoQueryCreator - Created query Query: { "username" : "adminuser"}, Fields: {}, Sort: {}
2026-03-04 08:57:28.730 [http-nio-8080-exec-9] DEBUG o.s.d.m.r.query.MongoQueryCreator - Created query Query: { "username" : "Farmer"}, Fields: {}, Sort: {}
2026-03-04 08:57:28.730 [http-nio-8080-exec-9] DEBUG o.s.data.mongodb.core.MongoTemplate - find using query: { "username" : "Farmer"} fields: Document{{}} for class: class com.agri.supplytracker.model.User in collection: users
2026-03-04 08:57:28.730 [http-nio-8080-exec-10] DEBUG o.s.data.mongodb.core.MongoTemplate - find using query: { "username" : "adminuser"} fields: Document{{}} for class: class com.agri.supplytracker.model.User in collection: users
2026-03-04 08:57:28.735 [http-nio-8080-exec-9] DEBUG o.s.security.web.FilterChainProxy - Secured GET /api/notifications/unread-count
2026-03-04 08:57:28.735 [http-nio-8080-exec-10] DEBUG o.s.security.web.FilterChainProxy - Secured GET /api/notifications/unread-count
2026-03-04 08:57:28.736 [http-nio-8080-exec-9] DEBUG o.s.d.m.r.query.MongoQueryCreator - Created query Query: { "recipientId" : "Farmer", "read" : false}, Fields: {}, Sort: {}
2026-03-04 08:57:28.736 [http-nio-8080-exec-10] DEBUG o.s.d.m.r.query.MongoQueryCreator - Created query Query: { "recipientId" : "adminuser", "read" : false}, Fields: {}, Sort: {}
2026-03-04 08:57:28.736 [http-nio-8080-exec-9] DEBUG o.s.data.mongodb.core.MongoTemplate - Executing count: { "recipientId" : "Farmer", "read" : false} in collection: notifications
2026-03-04 08:57:28.736 [http-nio-8080-exec-10] DEBUG o.s.data.mongodb.core.MongoTemplate - Executing count: { "recipientId" : "adminuser", "read" : false} in collection: notifications
2026-03-04 08:58:28.736 [http-nio-8080-exec-2] DEBUG o.s.security.web.FilterChainProxy - Securing GET /api/notifications/unread-count
2026-03-04 08:58:28.736 [http-nio-8080-exec-7] DEBUG o.s.security.web.FilterChainProxy - Securing GET /api/notifications/unread-count
2026-03-04 08:58:28.740 [http-nio-8080-exec-2] DEBUG o.s.d.m.r.query.MongoQueryCreator - Created query Query: { "username" : "adminuser"}, Fields: {}, Sort: {}
2026-03-04 08:58:28.740 [http-nio-8080-exec-7] DEBUG o.s.d.m.r.query.MongoQueryCreator - Created query Query: { "username" : "Farmer"}, Fields: {}, Sort: {}
2026-03-04 08:58:28.740 [http-nio-8080-exec-2] DEBUG o.s.data.mongodb.core.MongoTemplate - find using query: { "username" : "adminuser"} fields: Document{{}} for class: class com.agri.supplytracker.model.User in collection: users
2026-03-04 08:58:28.740 [http-nio-8080-exec-7] DEBUG o.s.data.mongodb.core.MongoTemplate - find using query: { "username" : "Farmer"} fields: Document{{}} for class: class com.agri.supplytracker.model.User in collection: users
2026-03-04 08:58:28.744 [http-nio-8080-exec-7] DEBUG o.s.security.web.FilterChainProxy - Secured GET /api/notifications/unread-count
2026-03-04 08:58:28.744 [http-nio-8080-exec-2] DEBUG o.s.security.web.FilterChainProxy - Secured GET /api/notifications/unread-count
2026-03-04 08:58:28.745 [http-nio-8080-exec-2] DEBUG o.s.d.m.r.query.MongoQueryCreator - Created query Query: { "recipientId" : "adminuser", "read" : false}, Fields: {}, Sort: {}
2026-03-04 08:58:28.745 [http-nio-8080-exec-7] DEBUG o.s.d.m.r.query.MongoQueryCreator - Created query Query: { "recipientId" : "Farmer", "read" : false}, Fields: {}, Sort: {}
2026-03-04 08:58:28.745 [http-nio-8080-exec-2] DEBUG o.s.data.mongodb.core.MongoTemplate - Executing count: { "recipientId" : "adminuser", "read" : false} in collection: notifications
2026-03-04 08:58:28.745 [http-nio-8080-exec-7] DEBUG o.s.data.mongodb.core.MongoTemplate - Executing count: { "recipientId" : "Farmer", "read" : false} in collection: notifications
2026-03-04 08:59:28.734 [http-nio-8080-exec-1] DEBUG o.s.security.web.FilterChainProxy - Securing GET /api/notifications/unread-count
2026-03-04 08:59:28.735 [http-nio-8080-exec-8] DEBUG o.s.security.web.FilterChainProxy - Securing GET /api/notifications/unread-count
2026-03-04 08:59:28.736 [http-nio-8080-exec-8] DEBUG o.s.d.m.r.query.MongoQueryCreator - Created query Query: { "username" : "adminuser"}, Fields: {}, Sort: {}
2026-03-04 08:59:28.736 [http-nio-8080-exec-1] DEBUG o.s.d.m.r.query.MongoQueryCreator - Created query Query: { "username" : "Farmer"}, Fields: {}, Sort: {}
2026-03-04 08:59:28.736 [http-nio-8080-exec-1] DEBUG o.s.data.mongodb.core.MongoTemplate - find using query: { "username" : "Farmer"} fields: Document{{}} for class: class com.agri.supplytracker.model.User in collection: users
2026-03-04 08:59:28.736 [http-nio-8080-exec-8] DEBUG o.s.data.mongodb.core.MongoTemplate - find using query: { "username" : "adminuser"} fields: Document{{}} for class: class com.agri.supplytracker.model.User in collection: users
2026-03-04 08:59:28.740 [http-nio-8080-exec-8] DEBUG o.s.security.web.FilterChainProxy - Secured GET /api/notifications/unread-count
2026-03-04 08:59:28.740 [http-nio-8080-exec-1] DEBUG o.s.security.web.FilterChainProxy - Secured GET /api/notifications/unread-count
2026-03-04 08:59:28.741 [http-nio-8080-exec-8] DEBUG o.s.d.m.r.query.MongoQueryCreator - Created query Query: { "recipientId" : "adminuser", "read" : false}, Fields: {}, Sort: {}
2026-03-04 08:59:28.741 [http-nio-8080-exec-1] DEBUG o.s.d.m.r.query.MongoQueryCreator - Created query Query: { "recipientId" : "Farmer", "read" : false}, Fields: {}, Sort: {}
2026-03-04 08:59:28.741 [http-nio-8080-exec-8] DEBUG o.s.data.mongodb.core.MongoTemplate - Executing count: { "recipientId" : "adminuser", "read" : false} in collection: notifications
2026-03-04 08:59:28.741 [http-nio-8080-exec-1] DEBUG o.s.data.mongodb.core.MongoTemplate - Executing count: { "recipientId" : "Farmer", "read" : false} in collection: notifications
2026-03-04 09:00:28.724 [http-nio-8080-exec-4] DEBUG o.s.security.web.FilterChainProxy - Securing GET /api/notifications/unread-count
2026-03-04 09:00:28.726 [http-nio-8080-exec-4] DEBUG o.s.d.m.r.query.MongoQueryCreator - Created query Query: { "username" : "adminuser"}, Fields: {}, Sort: {}
2026-03-04 09:00:28.726 [http-nio-8080-exec-4] DEBUG o.s.data.mongodb.core.MongoTemplate - find using query: { "username" : "adminuser"} fields: Document{{}} for class: class com.agri.supplytracker.model.User in collection: users
2026-03-04 09:00:28.732 [http-nio-8080-exec-4] DEBUG o.s.security.web.FilterChainProxy - Secured GET /api/notifications/unread-count
2026-03-04 09:00:28.732 [http-nio-8080-exec-4] DEBUG o.s.d.m.r.query.MongoQueryCreator - Created query Query: { "recipientId" : "adminuser", "read" : false}, Fields: {}, Sort: {}
2026-03-04 09:00:28.732 [http-nio-8080-exec-4] DEBUG o.s.data.mongodb.core.MongoTemplate - Executing count: { "recipientId" : "adminuser", "read" : false} in collection: notifications
2026-03-04 09:00:28.743 [http-nio-8080-exec-5] DEBUG o.s.security.web.FilterChainProxy - Securing GET /api/notifications/unread-count
2026-03-04 09:00:28.745 [http-nio-8080-exec-5] DEBUG o.s.d.m.r.query.MongoQueryCreator - Created query Query: { "username" : "Farmer"}, Fields: {}, Sort: {}
2026-03-04 09:00:28.745 [http-nio-8080-exec-5] DEBUG o.s.data.mongodb.core.MongoTemplate - find using query: { "username" : "Farmer"} fields: Document{{}} for class: class com.agri.supplytracker.model.User in collection: users
2026-03-04 09:00:28.751 [http-nio-8080-exec-5] DEBUG o.s.security.web.FilterChainProxy - Secured GET /api/notifications/unread-count
2026-03-04 09:00:28.752 [http-nio-8080-exec-5] DEBUG o.s.d.m.r.query.MongoQueryCreator - Created query Query: { "recipientId" : "Farmer", "read" : false}, Fields: {}, Sort: {}
2026-03-04 09:00:28.752 [http-nio-8080-exec-5] DEBUG o.s.data.mongodb.core.MongoTemplate - Executing count: { "recipientId" : "Farmer", "read" : false} in collection: notifications
2026-03-04 09:01:28.727 [http-nio-8080-exec-6] DEBUG o.s.security.web.FilterChainProxy - Securing GET /api/notifications/unread-count
2026-03-04 09:01:28.729 [http-nio-8080-exec-3] DEBUG o.s.security.web.FilterChainProxy - Securing GET /api/notifications/unread-count
2026-03-04 09:01:28.731 [http-nio-8080-exec-6] DEBUG o.s.d.m.r.query.MongoQueryCreator - Created query Query: { "username" : "Farmer"}, Fields: {}, Sort: {}
2026-03-04 09:01:28.731 [http-nio-8080-exec-3] DEBUG o.s.d.m.r.query.MongoQueryCreator - Created query Query: { "username" : "adminuser"}, Fields: {}, Sort: {}
2026-03-04 09:01:28.732 [http-nio-8080-exec-3] DEBUG o.s.data.mongodb.core.MongoTemplate - find using query: { "username" : "adminuser"} fields: Document{{}} for class: class com.agri.supplytracker.model.User in collection: users
2026-03-04 09:01:28.732 [http-nio-8080-exec-6] DEBUG o.s.data.mongodb.core.MongoTemplate - find using query: { "username" : "Farmer"} fields: Document{{}} for class: class com.agri.supplytracker.model.User in collection: users
2026-03-04 09:01:28.737 [http-nio-8080-exec-3] DEBUG o.s.security.web.FilterChainProxy - Secured GET /api/notifications/unread-count
2026-03-04 09:01:28.737 [http-nio-8080-exec-6] DEBUG o.s.security.web.FilterChainProxy - Secured GET /api/notifications/unread-count
2026-03-04 09:01:28.737 [http-nio-8080-exec-6] DEBUG o.s.d.m.r.query.MongoQueryCreator - Created query Query: { "recipientId" : "Farmer", "read" : false}, Fields: {}, Sort: {}
2026-03-04 09:01:28.737 [http-nio-8080-exec-3] DEBUG o.s.d.m.r.query.MongoQueryCreator - Created query Query: { "recipientId" : "adminuser", "read" : false}, Fields: {}, Sort: {}
2026-03-04 09:01:28.738 [http-nio-8080-exec-6] DEBUG o.s.data.mongodb.core.MongoTemplate - Executing count: { "recipientId" : "Farmer", "read" : false} in collection: notifications
2026-03-04 09:01:28.738 [http-nio-8080-exec-3] DEBUG o.s.data.mongodb.core.MongoTemplate - Executing count: { "recipientId" : "adminuser", "read" : false} in collection: notifications
2026-03-04 09:02:28.736 [http-nio-8080-exec-9] DEBUG o.s.security.web.FilterChainProxy - Securing GET /api/notifications/unread-count
2026-03-04 09:02:28.736 [http-nio-8080-exec-10] DEBUG o.s.security.web.FilterChainProxy - Securing GET /api/notifications/unread-count
2026-03-04 09:02:28.738 [http-nio-8080-exec-9] DEBUG o.s.d.m.r.query.MongoQueryCreator - Created query Query: { "username" : "adminuser"}, Fields: {}, Sort: {}
2026-03-04 09:02:28.738 [http-nio-8080-exec-10] DEBUG o.s.d.m.r.query.MongoQueryCreator - Created query Query: { "username" : "Farmer"}, Fields: {}, Sort: {}
2026-03-04 09:02:28.738 [http-nio-8080-exec-9] DEBUG o.s.data.mongodb.core.MongoTemplate - find using query: { "username" : "adminuser"} fields: Document{{}} for class: class com.agri.supplytracker.model.User in collection: users
2026-03-04 09:02:28.738 [http-nio-8080-exec-10] DEBUG o.s.data.mongodb.core.MongoTemplate - find using query: { "username" : "Farmer"} fields: Document{{}} for class: class com.agri.supplytracker.model.User in collection: users
2026-03-04 09:02:28.743 [http-nio-8080-exec-9] DEBUG o.s.security.web.FilterChainProxy - Secured GET /api/notifications/unread-count
2026-03-04 09:02:28.743 [http-nio-8080-exec-10] DEBUG o.s.security.web.FilterChainProxy - Secured GET /api/notifications/unread-count
2026-03-04 09:02:28.743 [http-nio-8080-exec-9] DEBUG o.s.d.m.r.query.MongoQueryCreator - Created query Query: { "recipientId" : "adminuser", "read" : false}, Fields: {}, Sort: {}
2026-03-04 09:02:28.743 [http-nio-8080-exec-10] DEBUG o.s.d.m.r.query.MongoQueryCreator - Created query Query: { "recipientId" : "Farmer", "read" : false}, Fields: {}, Sort: {}
2026-03-04 09:02:28.743 [http-nio-8080-exec-9] DEBUG o.s.data.mongodb.core.MongoTemplate - Executing count: { "recipientId" : "adminuser", "read" : false} in collection: notifications
2026-03-04 09:02:28.743 [http-nio-8080-exec-10] DEBUG o.s.data.mongodb.core.MongoTemplate - Executing count: { "recipientId" : "Farmer", "read" : false} in collection: notifications
2026-03-04 09:03:28.728 [http-nio-8080-exec-7] DEBUG o.s.security.web.FilterChainProxy - Securing GET /api/notifications/unread-count
2026-03-04 09:03:28.730 [http-nio-8080-exec-2] DEBUG o.s.security.web.FilterChainProxy - Securing GET /api/notifications/unread-count
2026-03-04 09:03:28.732 [http-nio-8080-exec-2] DEBUG o.s.d.m.r.query.MongoQueryCreator - Created query Query: { "username" : "adminuser"}, Fields: {}, Sort: {}
2026-03-04 09:03:28.732 [http-nio-8080-exec-7] DEBUG o.s.d.m.r.query.MongoQueryCreator - Created query Query: { "username" : "Farmer"}, Fields: {}, Sort: {}
2026-03-04 09:03:28.732 [http-nio-8080-exec-7] DEBUG o.s.data.mongodb.core.MongoTemplate - find using query: { "username" : "Farmer"} fields: Document{{}} for class: class com.agri.supplytracker.model.User in collection: users
2026-03-04 09:03:28.732 [http-nio-8080-exec-2] DEBUG o.s.data.mongodb.core.MongoTemplate - find using query: { "username" : "adminuser"} fields: Document{{}} for class: class com.agri.supplytracker.model.User in collection: users
2026-03-04 09:03:28.736 [http-nio-8080-exec-7] DEBUG o.s.security.web.FilterChainProxy - Secured GET /api/notifications/unread-count
2026-03-04 09:03:28.736 [http-nio-8080-exec-2] DEBUG o.s.security.web.FilterChainProxy - Secured GET /api/notifications/unread-count
2026-03-04 09:03:28.736 [http-nio-8080-exec-2] DEBUG o.s.d.m.r.query.MongoQueryCreator - Created query Query: { "recipientId" : "adminuser", "read" : false}, Fields: {}, Sort: {}
2026-03-04 09:03:28.736 [http-nio-8080-exec-7] DEBUG o.s.d.m.r.query.MongoQueryCreator - Created query Query: { "recipientId" : "Farmer", "read" : false}, Fields: {}, Sort: {}
2026-03-04 09:03:28.737 [http-nio-8080-exec-7] DEBUG o.s.data.mongodb.core.MongoTemplate - Executing count: { "recipientId" : "Farmer", "read" : false} in collection: notifications
2026-03-04 09:03:28.737 [http-nio-8080-exec-2] DEBUG o.s.data.mongodb.core.MongoTemplate - Executing count: { "recipientId" : "adminuser", "read" : false} in collection: notifications
2026-03-04 09:04:28.738 [http-nio-8080-exec-1] DEBUG o.s.security.web.FilterChainProxy - Securing GET /api/notifications/unread-count
2026-03-04 09:04:28.738 [http-nio-8080-exec-8] DEBUG o.s.security.web.FilterChainProxy - Securing GET /api/notifications/unread-count
2026-03-04 09:04:28.741 [http-nio-8080-exec-1] DEBUG o.s.d.m.r.query.MongoQueryCreator - Created query Query: { "username" : "adminuser"}, Fields: {}, Sort: {}
2026-03-04 09:04:28.741 [http-nio-8080-exec-8] DEBUG o.s.d.m.r.query.MongoQueryCreator - Created query Query: { "username" : "Farmer"}, Fields: {}, Sort: {}
2026-03-04 09:04:28.741 [http-nio-8080-exec-8] DEBUG o.s.data.mongodb.core.MongoTemplate - find using query: { "username" : "Farmer"} fields: Document{{}} for class: class com.agri.supplytracker.model.User in collection: users
2026-03-04 09:04:28.741 [http-nio-8080-exec-1] DEBUG o.s.data.mongodb.core.MongoTemplate - find using query: { "username" : "adminuser"} fields: Document{{}} for class: class com.agri.supplytracker.model.User in collection: users
2026-03-04 09:04:28.745 [http-nio-8080-exec-1] DEBUG o.s.security.web.FilterChainProxy - Secured GET /api/notifications/unread-count
2026-03-04 09:04:28.745 [http-nio-8080-exec-8] DEBUG o.s.security.web.FilterChainProxy - Secured GET /api/notifications/unread-count
2026-03-04 09:04:28.746 [http-nio-8080-exec-1] DEBUG o.s.d.m.r.query.MongoQueryCreator - Created query Query: { "recipientId" : "adminuser", "read" : false}, Fields: {}, Sort: {}
2026-03-04 09:04:28.746 [http-nio-8080-exec-8] DEBUG o.s.d.m.r.query.MongoQueryCreator - Created query Query: { "recipientId" : "Farmer", "read" : false}, Fields: {}, Sort: {}
2026-03-04 09:04:28.746 [http-nio-8080-exec-1] DEBUG o.s.data.mongodb.core.MongoTemplate - Executing count: { "recipientId" : "adminuser", "read" : false} in collection: notifications
2026-03-04 09:04:28.746 [http-nio-8080-exec-8] DEBUG o.s.data.mongodb.core.MongoTemplate - Executing count: { "recipientId" : "Farmer", "read" : false} in collection: notifications
2026-03-04 09:05:28.732 [http-nio-8080-exec-4] DEBUG o.s.security.web.FilterChainProxy - Securing GET /api/notifications/unread-count
2026-03-04 09:05:28.733 [http-nio-8080-exec-5] DEBUG o.s.security.web.FilterChainProxy - Securing GET /api/notifications/unread-count
2026-03-04 09:05:28.735 [http-nio-8080-exec-4] DEBUG o.s.d.m.r.query.MongoQueryCreator - Created query Query: { "username" : "Farmer"}, Fields: {}, Sort: {}
2026-03-04 09:05:28.736 [http-nio-8080-exec-5] DEBUG o.s.d.m.r.query.MongoQueryCreator - Created query Query: { "username" : "adminuser"}, Fields: {}, Sort: {}
2026-03-04 09:05:28.736 [http-nio-8080-exec-5] DEBUG o.s.data.mongodb.core.MongoTemplate - find using query: { "username" : "adminuser"} fields: Document{{}} for class: class com.agri.supplytracker.model.User in collection: users
2026-03-04 09:05:28.736 [http-nio-8080-exec-4] DEBUG o.s.data.mongodb.core.MongoTemplate - find using query: { "username" : "Farmer"} fields: Document{{}} for class: class com.agri.supplytracker.model.User in collection: users
2026-03-04 09:05:28.740 [http-nio-8080-exec-4] DEBUG o.s.security.web.FilterChainProxy - Secured GET /api/notifications/unread-count
2026-03-04 09:05:28.740 [http-nio-8080-exec-5] DEBUG o.s.security.web.FilterChainProxy - Secured GET /api/notifications/unread-count
2026-03-04 09:05:28.740 [http-nio-8080-exec-4] DEBUG o.s.d.m.r.query.MongoQueryCreator - Created query Query: { "recipientId" : "Farmer", "read" : false}, Fields: {}, Sort: {}
2026-03-04 09:05:28.740 [http-nio-8080-exec-5] DEBUG o.s.d.m.r.query.MongoQueryCreator - Created query Query: { "recipientId" : "adminuser", "read" : false}, Fields: {}, Sort: {}
2026-03-04 09:05:28.742 [http-nio-8080-exec-4] DEBUG o.s.data.mongodb.core.MongoTemplate - Executing count: { "recipientId" : "Farmer", "read" : false} in collection: notifications
2026-03-04 09:05:28.742 [http-nio-8080-exec-5] DEBUG o.s.data.mongodb.core.MongoTemplate - Executing count: { "recipientId" : "adminuser", "read" : false} in collection: notifications
2026-03-04 09:06:28.726 [http-nio-8080-exec-3] DEBUG o.s.security.web.FilterChainProxy - Securing GET /api/notifications/unread-count
2026-03-04 09:06:28.728 [http-nio-8080-exec-6] DEBUG o.s.security.web.FilterChainProxy - Securing GET /api/notifications/unread-count
2026-03-04 09:06:28.730 [http-nio-8080-exec-3] DEBUG o.s.d.m.r.query.MongoQueryCreator - Created query Query: { "username" : "adminuser"}, Fields: {}, Sort: {}
2026-03-04 09:06:28.732 [http-nio-8080-exec-3] DEBUG o.s.data.mongodb.core.MongoTemplate - find using query: { "username" : "adminuser"} fields: Document{{}} for class: class com.agri.supplytracker.model.User in collection: users
2026-03-04 09:06:28.732 [http-nio-8080-exec-6] DEBUG o.s.d.m.r.query.MongoQueryCreator - Created query Query: { "username" : "Farmer"}, Fields: {}, Sort: {}
2026-03-04 09:06:28.732 [http-nio-8080-exec-6] DEBUG o.s.data.mongodb.core.MongoTemplate - find using query: { "username" : "Farmer"} fields: Document{{}} for class: class com.agri.supplytracker.model.User in collection: users
2026-03-04 09:06:28.737 [http-nio-8080-exec-3] DEBUG o.s.security.web.FilterChainProxy - Secured GET /api/notifications/unread-count
2026-03-04 09:06:28.737 [http-nio-8080-exec-3] DEBUG o.s.d.m.r.query.MongoQueryCreator - Created query Query: { "recipientId" : "adminuser", "read" : false}, Fields: {}, Sort: {}
2026-03-04 09:06:28.737 [http-nio-8080-exec-6] DEBUG o.s.security.web.FilterChainProxy - Secured GET /api/notifications/unread-count
2026-03-04 09:06:28.738 [http-nio-8080-exec-3] DEBUG o.s.data.mongodb.core.MongoTemplate - Executing count: { "recipientId" : "adminuser", "read" : false} in collection: notifications
2026-03-04 09:06:28.738 [http-nio-8080-exec-6] DEBUG o.s.d.m.r.query.MongoQueryCreator - Created query Query: { "recipientId" : "Farmer", "read" : false}, Fields: {}, Sort: {}
2026-03-04 09:06:28.738 [http-nio-8080-exec-6] DEBUG o.s.data.mongodb.core.MongoTemplate - Executing count: { "recipientId" : "Farmer", "read" : false} in collection: notifications
2026-03-04 09:07:28.741 [http-nio-8080-exec-10] DEBUG o.s.security.web.FilterChainProxy - Securing GET /api/notifications/unread-count
2026-03-04 09:07:28.742 [http-nio-8080-exec-9] DEBUG o.s.security.web.FilterChainProxy - Securing GET /api/notifications/unread-count
2026-03-04 09:07:28.744 [http-nio-8080-exec-10] DEBUG o.s.d.m.r.query.MongoQueryCreator - Created query Query: { "username" : "adminuser"}, Fields: {}, Sort: {}
2026-03-04 09:07:28.745 [http-nio-8080-exec-9] DEBUG o.s.d.m.r.query.MongoQueryCreator - Created query Query: { "username" : "Farmer"}, Fields: {}, Sort: {}
2026-03-04 09:07:28.746 [http-nio-8080-exec-9] DEBUG o.s.data.mongodb.core.MongoTemplate - find using query: { "username" : "Farmer"} fields: Document{{}} for class: class com.agri.supplytracker.model.User in collection: users
2026-03-04 09:07:28.746 [http-nio-8080-exec-10] DEBUG o.s.data.mongodb.core.MongoTemplate - find using query: { "username" : "adminuser"} fields: Document{{}} for class: class com.agri.supplytracker.model.User in collection: users
2026-03-04 09:07:28.751 [http-nio-8080-exec-10] DEBUG o.s.security.web.FilterChainProxy - Secured GET /api/notifications/unread-count
2026-03-04 09:07:28.751 [http-nio-8080-exec-9] DEBUG o.s.security.web.FilterChainProxy - Secured GET /api/notifications/unread-count
2026-03-04 09:07:28.751 [http-nio-8080-exec-10] DEBUG o.s.d.m.r.query.MongoQueryCreator - Created query Query: { "recipientId" : "adminuser", "read" : false}, Fields: {}, Sort: {}
2026-03-04 09:07:28.751 [http-nio-8080-exec-9] DEBUG o.s.d.m.r.query.MongoQueryCreator - Created query Query: { "recipientId" : "Farmer", "read" : false}, Fields: {}, Sort: {}
2026-03-04 09:07:28.752 [http-nio-8080-exec-10] DEBUG o.s.data.mongodb.core.MongoTemplate - Executing count: { "recipientId" : "adminuser", "read" : false} in collection: notifications
2026-03-04 09:07:28.752 [http-nio-8080-exec-9] DEBUG o.s.data.mongodb.core.MongoTemplate - Executing count: { "recipientId" : "Farmer", "read" : false} in collection: notifications
2026-03-04 09:08:28.732 [http-nio-8080-exec-2] DEBUG o.s.security.web.FilterChainProxy - Securing GET /api/notifications/unread-count
2026-03-04 09:08:28.735 [http-nio-8080-exec-2] DEBUG o.s.d.m.r.query.MongoQueryCreator - Created query Query: { "username" : "adminuser"}, Fields: {}, Sort: {}
2026-03-04 09:08:28.736 [http-nio-8080-exec-2] DEBUG o.s.data.mongodb.core.MongoTemplate - find using query: { "username" : "adminuser"} fields: Document{{}} for class: class com.agri.supplytracker.model.User in collection: users
2026-03-04 09:08:28.736 [http-nio-8080-exec-7] DEBUG o.s.security.web.FilterChainProxy - Securing GET /api/notifications/unread-count
2026-03-04 09:08:28.740 [http-nio-8080-exec-7] DEBUG o.s.d.m.r.query.MongoQueryCreator - Created query Query: { "username" : "Farmer"}, Fields: {}, Sort: {}
2026-03-04 09:08:28.740 [http-nio-8080-exec-7] DEBUG o.s.data.mongodb.core.MongoTemplate - find using query: { "username" : "Farmer"} fields: Document{{}} for class: class com.agri.supplytracker.model.User in collection: users
2026-03-04 09:08:28.741 [http-nio-8080-exec-2] DEBUG o.s.security.web.FilterChainProxy - Secured GET /api/notifications/unread-count
2026-03-04 09:08:28.741 [http-nio-8080-exec-2] DEBUG o.s.d.m.r.query.MongoQueryCreator - Created query Query: { "recipientId" : "adminuser", "read" : false}, Fields: {}, Sort: {}
2026-03-04 09:08:28.742 [http-nio-8080-exec-2] DEBUG o.s.data.mongodb.core.MongoTemplate - Executing count: { "recipientId" : "adminuser", "read" : false} in collection: notifications
2026-03-04 09:08:28.744 [http-nio-8080-exec-7] DEBUG o.s.security.web.FilterChainProxy - Secured GET /api/notifications/unread-count
2026-03-04 09:08:28.744 [http-nio-8080-exec-7] DEBUG o.s.d.m.r.query.MongoQueryCreator - Created query Query: { "recipientId" : "Farmer", "read" : false}, Fields: {}, Sort: {}
2026-03-04 09:08:28.746 [http-nio-8080-exec-7] DEBUG o.s.data.mongodb.core.MongoTemplate - Executing count: { "recipientId" : "Farmer", "read" : false} in collection: notifications
2026-03-04 09:09:28.738 [http-nio-8080-exec-1] DEBUG o.s.security.web.FilterChainProxy - Securing GET /api/notifications/unread-count
2026-03-04 09:09:28.738 [http-nio-8080-exec-8] DEBUG o.s.security.web.FilterChainProxy - Securing GET /api/notifications/unread-count
2026-03-04 09:09:28.741 [http-nio-8080-exec-1] DEBUG o.s.d.m.r.query.MongoQueryCreator - Created query Query: { "username" : "adminuser"}, Fields: {}, Sort: {}
2026-03-04 09:09:28.741 [http-nio-8080-exec-8] DEBUG o.s.d.m.r.query.MongoQueryCreator - Created query Query: { "username" : "Farmer"}, Fields: {}, Sort: {}
2026-03-04 09:09:28.742 [http-nio-8080-exec-1] DEBUG o.s.data.mongodb.core.MongoTemplate - find using query: { "username" : "adminuser"} fields: Document{{}} for class: class com.agri.supplytracker.model.User in collection: users
2026-03-04 09:09:28.742 [http-nio-8080-exec-8] DEBUG o.s.data.mongodb.core.MongoTemplate - find using query: { "username" : "Farmer"} fields: Document{{}} for class: class com.agri.supplytracker.model.User in collection: users
2026-03-04 09:09:28.746 [http-nio-8080-exec-8] DEBUG o.s.security.web.FilterChainProxy - Secured GET /api/notifications/unread-count
2026-03-04 09:09:28.746 [http-nio-8080-exec-1] DEBUG o.s.security.web.FilterChainProxy - Secured GET /api/notifications/unread-count
2026-03-04 09:09:28.746 [http-nio-8080-exec-8] DEBUG o.s.d.m.r.query.MongoQueryCreator - Created query Query: { "recipientId" : "Farmer", "read" : false}, Fields: {}, Sort: {}
2026-03-04 09:09:28.747 [http-nio-8080-exec-8] DEBUG o.s.data.mongodb.core.MongoTemplate - Executing count: { "recipientId" : "Farmer", "read" : false} in collection: notifications
2026-03-04 09:09:28.747 [http-nio-8080-exec-1] DEBUG o.s.d.m.r.query.MongoQueryCreator - Created query Query: { "recipientId" : "adminuser", "read" : false}, Fields: {}, Sort: {}
2026-03-04 09:09:28.747 [http-nio-8080-exec-1] DEBUG o.s.data.mongodb.core.MongoTemplate - Executing count: { "recipientId" : "adminuser", "read" : false} in collection: notifications
2026-03-04 09:10:28.739 [http-nio-8080-exec-4] DEBUG o.s.security.web.FilterChainProxy - Securing GET /api/notifications/unread-count
2026-03-04 09:10:28.739 [http-nio-8080-exec-5] DEBUG o.s.security.web.FilterChainProxy - Securing GET /api/notifications/unread-count
2026-03-04 09:10:28.742 [http-nio-8080-exec-4] DEBUG o.s.d.m.r.query.MongoQueryCreator - Created query Query: { "username" : "Farmer"}, Fields: {}, Sort: {}
2026-03-04 09:10:28.742 [http-nio-8080-exec-5] DEBUG o.s.d.m.r.query.MongoQueryCreator - Created query Query: { "username" : "adminuser"}, Fields: {}, Sort: {}
2026-03-04 09:10:28.742 [http-nio-8080-exec-4] DEBUG o.s.data.mongodb.core.MongoTemplate - find using query: { "username" : "Farmer"} fields: Document{{}} for class: class com.agri.supplytracker.model.User in collection: users
2026-03-04 09:10:28.743 [http-nio-8080-exec-5] DEBUG o.s.data.mongodb.core.MongoTemplate - find using query: { "username" : "adminuser"} fields: Document{{}} for class: class com.agri.supplytracker.model.User in collection: users
2026-03-04 09:10:28.750 [http-nio-8080-exec-4] DEBUG o.s.security.web.FilterChainProxy - Secured GET /api/notifications/unread-count
2026-03-04 09:10:28.752 [http-nio-8080-exec-5] DEBUG o.s.security.web.FilterChainProxy - Secured GET /api/notifications/unread-count
2026-03-04 09:10:28.752 [http-nio-8080-exec-4] DEBUG o.s.d.m.r.query.MongoQueryCreator - Created query Query: { "recipientId" : "Farmer", "read" : false}, Fields: {}, Sort: {}
2026-03-04 09:10:28.752 [http-nio-8080-exec-4] DEBUG o.s.data.mongodb.core.MongoTemplate - Executing count: { "recipientId" : "Farmer", "read" : false} in collection: notifications
2026-03-04 09:10:28.752 [http-nio-8080-exec-5] DEBUG o.s.d.m.r.query.MongoQueryCreator - Created query Query: { "recipientId" : "adminuser", "read" : false}, Fields: {}, Sort: {}
2026-03-04 09:10:28.752 [http-nio-8080-exec-5] DEBUG o.s.data.mongodb.core.MongoTemplate - Executing count: { "recipientId" : "adminuser", "read" : false} in collection: notifications
2026-03-04 09:11:28.733 [http-nio-8080-exec-6] DEBUG o.s.security.web.FilterChainProxy - Securing GET /api/notifications/unread-count
2026-03-04 09:11:28.733 [http-nio-8080-exec-3] DEBUG o.s.security.web.FilterChainProxy - Securing GET /api/notifications/unread-count
2026-03-04 09:11:28.736 [http-nio-8080-exec-6] DEBUG o.s.d.m.r.query.MongoQueryCreator - Created query Query: { "username" : "Farmer"}, Fields: {}, Sort: {}
2026-03-04 09:11:28.736 [http-nio-8080-exec-3] DEBUG o.s.d.m.r.query.MongoQueryCreator - Created query Query: { "username" : "adminuser"}, Fields: {}, Sort: {}
2026-03-04 09:11:28.736 [http-nio-8080-exec-6] DEBUG o.s.data.mongodb.core.MongoTemplate - find using query: { "username" : "Farmer"} fields: Document{{}} for class: class com.agri.supplytracker.model.User in collection: users
2026-03-04 09:11:28.736 [http-nio-8080-exec-3] DEBUG o.s.data.mongodb.core.MongoTemplate - find using query: { "username" : "adminuser"} fields: Document{{}} for class: class com.agri.supplytracker.model.User in collection: users
2026-03-04 09:11:28.742 [http-nio-8080-exec-3] DEBUG o.s.security.web.FilterChainProxy - Secured GET /api/notifications/unread-count
2026-03-04 09:11:28.742 [http-nio-8080-exec-6] DEBUG o.s.security.web.FilterChainProxy - Secured GET /api/notifications/unread-count
2026-03-04 09:11:28.743 [http-nio-8080-exec-3] DEBUG o.s.d.m.r.query.MongoQueryCreator - Created query Query: { "recipientId" : "adminuser", "read" : false}, Fields: {}, Sort: {}
2026-03-04 09:11:28.743 [http-nio-8080-exec-6] DEBUG o.s.d.m.r.query.MongoQueryCreator - Created query Query: { "recipientId" : "Farmer", "read" : false}, Fields: {}, Sort: {}
2026-03-04 09:11:28.743 [http-nio-8080-exec-6] DEBUG o.s.data.mongodb.core.MongoTemplate - Executing count: { "recipientId" : "Farmer", "read" : false} in collection: notifications
2026-03-04 09:11:28.743 [http-nio-8080-exec-3] DEBUG o.s.data.mongodb.core.MongoTemplate - Executing count: { "recipientId" : "adminuser", "read" : false} in collection: notifications
2026-03-04 09:12:28.737 [http-nio-8080-exec-9] DEBUG o.s.security.web.FilterChainProxy - Securing GET /api/notifications/unread-count
2026-03-04 09:12:28.737 [http-nio-8080-exec-10] DEBUG o.s.security.web.FilterChainProxy - Securing GET /api/notifications/unread-count
2026-03-04 09:12:28.740 [http-nio-8080-exec-10] DEBUG o.s.d.m.r.query.MongoQueryCreator - Created query Query: { "username" : "Farmer"}, Fields: {}, Sort: {}
2026-03-04 09:12:28.740 [http-nio-8080-exec-9] DEBUG o.s.d.m.r.query.MongoQueryCreator - Created query Query: { "username" : "adminuser"}, Fields: {}, Sort: {}
2026-03-04 09:12:28.740 [http-nio-8080-exec-9] DEBUG o.s.data.mongodb.core.MongoTemplate - find using query: { "username" : "adminuser"} fields: Document{{}} for class: class com.agri.supplytracker.model.User in collection: users
2026-03-04 09:12:28.740 [http-nio-8080-exec-10] DEBUG o.s.data.mongodb.core.MongoTemplate - find using query: { "username" : "Farmer"} fields: Document{{}} for class: class com.agri.supplytracker.model.User in collection: users
2026-03-04 09:12:28.745 [http-nio-8080-exec-9] DEBUG o.s.security.web.FilterChainProxy - Secured GET /api/notifications/unread-count
2026-03-04 09:12:28.745 [http-nio-8080-exec-10] DEBUG o.s.security.web.FilterChainProxy - Secured GET /api/notifications/unread-count
2026-03-04 09:12:28.746 [http-nio-8080-exec-9] DEBUG o.s.d.m.r.query.MongoQueryCreator - Created query Query: { "recipientId" : "adminuser", "read" : false}, Fields: {}, Sort: {}
2026-03-04 09:12:28.746 [http-nio-8080-exec-10] DEBUG o.s.d.m.r.query.MongoQueryCreator - Created query Query: { "recipientId" : "Farmer", "read" : false}, Fields: {}, Sort: {}
2026-03-04 09:12:28.746 [http-nio-8080-exec-9] DEBUG o.s.data.mongodb.core.MongoTemplate - Executing count: { "recipientId" : "adminuser", "read" : false} in collection: notifications
2026-03-04 09:12:28.746 [http-nio-8080-exec-10] DEBUG o.s.data.mongodb.core.MongoTemplate - Executing count: { "recipientId" : "Farmer", "read" : false} in collection: notifications
2026-03-04 09:13:28.730 [http-nio-8080-exec-2] DEBUG o.s.security.web.FilterChainProxy - Securing GET /api/notifications/unread-count
2026-03-04 09:13:28.730 [http-nio-8080-exec-7] DEBUG o.s.security.web.FilterChainProxy - Securing GET /api/notifications/unread-count
2026-03-04 09:13:28.733 [http-nio-8080-exec-2] DEBUG o.s.d.m.r.query.MongoQueryCreator - Created query Query: { "username" : "adminuser"}, Fields: {}, Sort: {}
2026-03-04 09:13:28.733 [http-nio-8080-exec-7] DEBUG o.s.d.m.r.query.MongoQueryCreator - Created query Query: { "username" : "Farmer"}, Fields: {}, Sort: {}
2026-03-04 09:13:28.733 [http-nio-8080-exec-7] DEBUG o.s.data.mongodb.core.MongoTemplate - find using query: { "username" : "Farmer"} fields: Document{{}} for class: class com.agri.supplytracker.model.User in collection: users
2026-03-04 09:13:28.733 [http-nio-8080-exec-2] DEBUG o.s.data.mongodb.core.MongoTemplate - find using query: { "username" : "adminuser"} fields: Document{{}} for class: class com.agri.supplytracker.model.User in collection: users
2026-03-04 09:13:28.738 [http-nio-8080-exec-2] DEBUG o.s.security.web.FilterChainProxy - Secured GET /api/notifications/unread-count
2026-03-04 09:13:28.738 [http-nio-8080-exec-7] DEBUG o.s.security.web.FilterChainProxy - Secured GET /api/notifications/unread-count
2026-03-04 09:13:28.739 [http-nio-8080-exec-7] DEBUG o.s.d.m.r.query.MongoQueryCreator - Created query Query: { "recipientId" : "Farmer", "read" : false}, Fields: {}, Sort: {}
2026-03-04 09:13:28.739 [http-nio-8080-exec-2] DEBUG o.s.d.m.r.query.MongoQueryCreator - Created query Query: { "recipientId" : "adminuser", "read" : false}, Fields: {}, Sort: {}
2026-03-04 09:13:28.739 [http-nio-8080-exec-2] DEBUG o.s.data.mongodb.core.MongoTemplate - Executing count: { "recipientId" : "adminuser", "read" : false} in collection: notifications
2026-03-04 09:13:28.739 [http-nio-8080-exec-7] DEBUG o.s.data.mongodb.core.MongoTemplate - Executing count: { "recipientId" : "Farmer", "read" : false} in collection: notifications
2026-03-04 09:14:28.728 [http-nio-8080-exec-8] DEBUG o.s.security.web.FilterChainProxy - Securing GET /api/notifications/unread-count
2026-03-04 09:14:28.731 [http-nio-8080-exec-8] DEBUG o.s.d.m.r.query.MongoQueryCreator - Created query Query: { "username" : "Farmer"}, Fields: {}, Sort: {}
2026-03-04 09:14:28.732 [http-nio-8080-exec-8] DEBUG o.s.data.mongodb.core.MongoTemplate - find using query: { "username" : "Farmer"} fields: Document{{}} for class: class com.agri.supplytracker.model.User in collection: users
2026-03-04 09:14:28.732 [http-nio-8080-exec-1] DEBUG o.s.security.web.FilterChainProxy - Securing GET /api/notifications/unread-count
2026-03-04 09:14:28.734 [http-nio-8080-exec-1] DEBUG o.s.d.m.r.query.MongoQueryCreator - Created query Query: { "username" : "adminuser"}, Fields: {}, Sort: {}
2026-03-04 09:14:28.735 [http-nio-8080-exec-1] DEBUG o.s.data.mongodb.core.MongoTemplate - find using query: { "username" : "adminuser"} fields: Document{{}} for class: class com.agri.supplytracker.model.User in collection: users
2026-03-04 09:14:28.737 [http-nio-8080-exec-8] DEBUG o.s.security.web.FilterChainProxy - Secured GET /api/notifications/unread-count
2026-03-04 09:14:28.737 [http-nio-8080-exec-8] DEBUG o.s.d.m.r.query.MongoQueryCreator - Created query Query: { "recipientId" : "Farmer", "read" : false}, Fields: {}, Sort: {}
2026-03-04 09:14:28.738 [http-nio-8080-exec-8] DEBUG o.s.data.mongodb.core.MongoTemplate - Executing count: { "recipientId" : "Farmer", "read" : false} in collection: notifications
2026-03-04 09:14:28.739 [http-nio-8080-exec-1] DEBUG o.s.security.web.FilterChainProxy - Secured GET /api/notifications/unread-count
2026-03-04 09:14:28.740 [http-nio-8080-exec-1] DEBUG o.s.d.m.r.query.MongoQueryCreator - Created query Query: { "recipientId" : "adminuser", "read" : false}, Fields: {}, Sort: {}
2026-03-04 09:14:28.740 [http-nio-8080-exec-1] DEBUG o.s.data.mongodb.core.MongoTemplate - Executing count: { "recipientId" : "adminuser", "read" : false} in collection: notifications
2026-03-04 09:15:28.724 [http-nio-8080-exec-5] DEBUG o.s.security.web.FilterChainProxy - Securing GET /api/notifications/unread-count
2026-03-04 09:15:28.726 [http-nio-8080-exec-5] DEBUG o.s.d.m.r.query.MongoQueryCreator - Created query Query: { "username" : "adminuser"}, Fields: {}, Sort: {}
2026-03-04 09:15:28.727 [http-nio-8080-exec-5] DEBUG o.s.data.mongodb.core.MongoTemplate - find using query: { "username" : "adminuser"} fields: Document{{}} for class: class com.agri.supplytracker.model.User in collection: users
2026-03-04 09:15:28.733 [http-nio-8080-exec-5] DEBUG o.s.security.web.FilterChainProxy - Secured GET /api/notifications/unread-count
2026-03-04 09:15:28.733 [http-nio-8080-exec-5] DEBUG o.s.d.m.r.query.MongoQueryCreator - Created query Query: { "recipientId" : "adminuser", "read" : false}, Fields: {}, Sort: {}
2026-03-04 09:15:28.734 [http-nio-8080-exec-5] DEBUG o.s.data.mongodb.core.MongoTemplate - Executing count: { "recipientId" : "adminuser", "read" : false} in collection: notifications
2026-03-04 09:15:28.735 [http-nio-8080-exec-4] DEBUG o.s.security.web.FilterChainProxy - Securing GET /api/notifications/unread-count
2026-03-04 09:15:28.738 [http-nio-8080-exec-4] DEBUG o.s.d.m.r.query.MongoQueryCreator - Created query Query: { "username" : "Farmer"}, Fields: {}, Sort: {}
2026-03-04 09:15:28.738 [http-nio-8080-exec-4] DEBUG o.s.data.mongodb.core.MongoTemplate - find using query: { "username" : "Farmer"} fields: Document{{}} for class: class com.agri.supplytracker.model.User in collection: users
2026-03-04 09:15:28.743 [http-nio-8080-exec-4] DEBUG o.s.security.web.FilterChainProxy - Secured GET /api/notifications/unread-count
2026-03-04 09:15:28.744 [http-nio-8080-exec-4] DEBUG o.s.d.m.r.query.MongoQueryCreator - Created query Query: { "recipientId" : "Farmer", "read" : false}, Fields: {}, Sort: {}
2026-03-04 09:15:28.744 [http-nio-8080-exec-4] DEBUG o.s.data.mongodb.core.MongoTemplate - Executing count: { "recipientId" : "Farmer", "read" : false} in collection: notifications
2026-03-04 09:16:28.728 [http-nio-8080-exec-3] DEBUG o.s.security.web.FilterChainProxy - Securing GET /api/notifications/unread-count
2026-03-04 09:16:28.728 [http-nio-8080-exec-6] DEBUG o.s.security.web.FilterChainProxy - Securing GET /api/notifications/unread-count
2026-03-04 09:16:28.731 [http-nio-8080-exec-3] DEBUG o.s.d.m.r.query.MongoQueryCreator - Created query Query: { "username" : "Farmer"}, Fields: {}, Sort: {}
2026-03-04 09:16:28.731 [http-nio-8080-exec-6] DEBUG o.s.d.m.r.query.MongoQueryCreator - Created query Query: { "username" : "adminuser"}, Fields: {}, Sort: {}
2026-03-04 09:16:28.731 [http-nio-8080-exec-6] DEBUG o.s.data.mongodb.core.MongoTemplate - find using query: { "username" : "adminuser"} fields: Document{{}} for class: class com.agri.supplytracker.model.User in collection: users
2026-03-04 09:16:28.731 [http-nio-8080-exec-3] DEBUG o.s.data.mongodb.core.MongoTemplate - find using query: { "username" : "Farmer"} fields: Document{{}} for class: class com.agri.supplytracker.model.User in collection: users
2026-03-04 09:16:28.737 [http-nio-8080-exec-6] DEBUG o.s.security.web.FilterChainProxy - Secured GET /api/notifications/unread-count
2026-03-04 09:16:28.738 [http-nio-8080-exec-3] DEBUG o.s.security.web.FilterChainProxy - Secured GET /api/notifications/unread-count
2026-03-04 09:16:28.738 [http-nio-8080-exec-6] DEBUG o.s.d.m.r.query.MongoQueryCreator - Created query Query: { "recipientId" : "adminuser", "read" : false}, Fields: {}, Sort: {}
2026-03-04 09:16:28.738 [http-nio-8080-exec-3] DEBUG o.s.d.m.r.query.MongoQueryCreator - Created query Query: { "recipientId" : "Farmer", "read" : false}, Fields: {}, Sort: {}
2026-03-04 09:16:28.738 [http-nio-8080-exec-6] DEBUG o.s.data.mongodb.core.MongoTemplate - Executing count: { "recipientId" : "adminuser", "read" : false} in collection: notifications
2026-03-04 09:16:28.738 [http-nio-8080-exec-3] DEBUG o.s.data.mongodb.core.MongoTemplate - Executing count: { "recipientId" : "Farmer", "read" : false} in collection: notifications
2026-03-04 09:17:28.732 [http-nio-8080-exec-9] DEBUG o.s.security.web.FilterChainProxy - Securing GET /api/notifications/unread-count
2026-03-04 09:17:28.732 [http-nio-8080-exec-10] DEBUG o.s.security.web.FilterChainProxy - Securing GET /api/notifications/unread-count
2026-03-04 09:17:28.736 [http-nio-8080-exec-10] DEBUG o.s.d.m.r.query.MongoQueryCreator - Created query Query: { "username" : "Farmer"}, Fields: {}, Sort: {}
2026-03-04 09:17:28.736 [http-nio-8080-exec-9] DEBUG o.s.d.m.r.query.MongoQueryCreator - Created query Query: { "username" : "adminuser"}, Fields: {}, Sort: {}
2026-03-04 09:17:28.737 [http-nio-8080-exec-10] DEBUG o.s.data.mongodb.core.MongoTemplate - find using query: { "username" : "Farmer"} fields: Document{{}} for class: class com.agri.supplytracker.model.User in collection: users
2026-03-04 09:17:28.737 [http-nio-8080-exec-9] DEBUG o.s.data.mongodb.core.MongoTemplate - find using query: { "username" : "adminuser"} fields: Document{{}} for class: class com.agri.supplytracker.model.User in collection: users
2026-03-04 09:17:28.742 [http-nio-8080-exec-10] DEBUG o.s.security.web.FilterChainProxy - Secured GET /api/notifications/unread-count
2026-03-04 09:17:28.742 [http-nio-8080-exec-9] DEBUG o.s.security.web.FilterChainProxy - Secured GET /api/notifications/unread-count
2026-03-04 09:17:28.743 [http-nio-8080-exec-9] DEBUG o.s.d.m.r.query.MongoQueryCreator - Created query Query: { "recipientId" : "adminuser", "read" : false}, Fields: {}, Sort: {}
2026-03-04 09:17:28.743 [http-nio-8080-exec-10] DEBUG o.s.d.m.r.query.MongoQueryCreator - Created query Query: { "recipientId" : "Farmer", "read" : false}, Fields: {}, Sort: {}
2026-03-04 09:17:28.743 [http-nio-8080-exec-9] DEBUG o.s.data.mongodb.core.MongoTemplate - Executing count: { "recipientId" : "adminuser", "read" : false} in collection: notifications
2026-03-04 09:17:28.743 [http-nio-8080-exec-10] DEBUG o.s.data.mongodb.core.MongoTemplate - Executing count: { "recipientId" : "Farmer", "read" : false} in collection: notifications
2026-03-04 09:18:20.966 [MessageBroker-7] INFO  o.s.w.s.c.WebSocketMessageBrokerStats - WebSocketSession[2 current WS(2)-HttpStream(0)-HttpPoll(0), 11 total, 0 closed abnormally (0 connect failure, 0 send limit, 4 transport error)], stompSubProtocol[processed CONNECT(11)-CONNECTED(11)-DISCONNECT(0)], stompBrokerRelay[null], inboundChannel[pool size = 0, active threads = 0, queued tasks = 0, completed tasks = 93], outboundChannel[pool size = 0, active threads = 0, queued tasks = 0, completed tasks = 20], sockJsScheduler[pool size = 8, active threads = 1, queued tasks = 3, completed tasks = 14444]
2026-03-04 09:18:28.757 [http-nio-8080-exec-8] DEBUG o.s.security.web.FilterChainProxy - Securing GET /api/notifications/unread-count
2026-03-04 09:18:28.759 [http-nio-8080-exec-1] DEBUG o.s.security.web.FilterChainProxy - Securing GET /api/notifications/unread-count
2026-03-04 09:18:28.759 [http-nio-8080-exec-8] DEBUG o.s.d.m.r.query.MongoQueryCreator - Created query Query: { "username" : "adminuser"}, Fields: {}, Sort: {}
2026-03-04 09:18:28.760 [http-nio-8080-exec-8] DEBUG o.s.data.mongodb.core.MongoTemplate - find using query: { "username" : "adminuser"} fields: Document{{}} for class: class com.agri.supplytracker.model.User in collection: users
2026-03-04 09:18:28.760 [http-nio-8080-exec-1] DEBUG o.s.d.m.r.query.MongoQueryCreator - Created query Query: { "username" : "Farmer"}, Fields: {}, Sort: {}
2026-03-04 09:18:28.760 [http-nio-8080-exec-1] DEBUG o.s.data.mongodb.core.MongoTemplate - find using query: { "username" : "Farmer"} fields: Document{{}} for class: class com.agri.supplytracker.model.User in collection: users
2026-03-04 09:18:28.765 [http-nio-8080-exec-8] DEBUG o.s.security.web.FilterChainProxy - Secured GET /api/notifications/unread-count
2026-03-04 09:18:28.765 [http-nio-8080-exec-1] DEBUG o.s.security.web.FilterChainProxy - Secured GET /api/notifications/unread-count
2026-03-04 09:18:28.765 [http-nio-8080-exec-8] DEBUG o.s.d.m.r.query.MongoQueryCreator - Created query Query: { "recipientId" : "adminuser", "read" : false}, Fields: {}, Sort: {}
2026-03-04 09:18:28.765 [http-nio-8080-exec-1] DEBUG o.s.d.m.r.query.MongoQueryCreator - Created query Query: { "recipientId" : "Farmer", "read" : false}, Fields: {}, Sort: {}
2026-03-04 09:18:28.765 [http-nio-8080-exec-8] DEBUG o.s.data.mongodb.core.MongoTemplate - Executing count: { "recipientId" : "adminuser", "read" : false} in collection: notifications
2026-03-04 09:18:28.765 [http-nio-8080-exec-1] DEBUG o.s.data.mongodb.core.MongoTemplate - Executing count: { "recipientId" : "Farmer", "read" : false} in collection: notifications
2026-03-04 09:19:28.728 [http-nio-8080-exec-5] DEBUG o.s.security.web.FilterChainProxy - Securing GET /api/notifications/unread-count
2026-03-04 09:19:28.730 [http-nio-8080-exec-4] DEBUG o.s.security.web.FilterChainProxy - Securing GET /api/notifications/unread-count
2026-03-04 09:19:28.732 [http-nio-8080-exec-5] DEBUG o.s.d.m.r.query.MongoQueryCreator - Created query Query: { "username" : "Farmer"}, Fields: {}, Sort: {}
2026-03-04 09:19:28.732 [http-nio-8080-exec-5] DEBUG o.s.data.mongodb.core.MongoTemplate - find using query: { "username" : "Farmer"} fields: Document{{}} for class: class com.agri.supplytracker.model.User in collection: users
2026-03-04 09:19:28.732 [http-nio-8080-exec-4] DEBUG o.s.d.m.r.query.MongoQueryCreator - Created query Query: { "username" : "adminuser"}, Fields: {}, Sort: {}
2026-03-04 09:19:28.732 [http-nio-8080-exec-4] DEBUG o.s.data.mongodb.core.MongoTemplate - find using query: { "username" : "adminuser"} fields: Document{{}} for class: class com.agri.supplytracker.model.User in collection: users
2026-03-04 09:19:28.737 [http-nio-8080-exec-5] DEBUG o.s.security.web.FilterChainProxy - Secured GET /api/notifications/unread-count
2026-03-04 09:19:28.737 [http-nio-8080-exec-4] DEBUG o.s.security.web.FilterChainProxy - Secured GET /api/notifications/unread-count
2026-03-04 09:19:28.738 [http-nio-8080-exec-4] DEBUG o.s.d.m.r.query.MongoQueryCreator - Created query Query: { "recipientId" : "adminuser", "read" : false}, Fields: {}, Sort: {}
2026-03-04 09:19:28.738 [http-nio-8080-exec-5] DEBUG o.s.d.m.r.query.MongoQueryCreator - Created query Query: { "recipientId" : "Farmer", "read" : false}, Fields: {}, Sort: {}
2026-03-04 09:19:28.738 [http-nio-8080-exec-4] DEBUG o.s.data.mongodb.core.MongoTemplate - Executing count: { "recipientId" : "adminuser", "read" : false} in collection: notifications
2026-03-04 09:19:28.738 [http-nio-8080-exec-5] DEBUG o.s.data.mongodb.core.MongoTemplate - Executing count: { "recipientId" : "Farmer", "read" : false} in collection: notifications
2026-03-04 09:20:28.725 [http-nio-8080-exec-6] DEBUG o.s.security.web.FilterChainProxy - Securing GET /api/notifications/unread-count
2026-03-04 09:20:28.728 [http-nio-8080-exec-6] DEBUG o.s.d.m.r.query.MongoQueryCreator - Created query Query: { "username" : "Farmer"}, Fields: {}, Sort: {}
2026-03-04 09:20:28.728 [http-nio-8080-exec-6] DEBUG o.s.data.mongodb.core.MongoTemplate - find using query: { "username" : "Farmer"} fields: Document{{}} for class: class com.agri.supplytracker.model.User in collection: users
2026-03-04 09:20:28.732 [http-nio-8080-exec-3] DEBUG o.s.security.web.FilterChainProxy - Securing GET /api/notifications/unread-count
2026-03-04 09:20:28.734 [http-nio-8080-exec-6] DEBUG o.s.security.web.FilterChainProxy - Secured GET /api/notifications/unread-count
2026-03-04 09:20:28.734 [http-nio-8080-exec-3] DEBUG o.s.d.m.r.query.MongoQueryCreator - Created query Query: { "username" : "adminuser"}, Fields: {}, Sort: {}
2026-03-04 09:20:28.734 [http-nio-8080-exec-3] DEBUG o.s.data.mongodb.core.MongoTemplate - find using query: { "username" : "adminuser"} fields: Document{{}} for class: class com.agri.supplytracker.model.User in collection: users
2026-03-04 09:20:28.734 [http-nio-8080-exec-6] DEBUG o.s.d.m.r.query.MongoQueryCreator - Created query Query: { "recipientId" : "Farmer", "read" : false}, Fields: {}, Sort: {}
2026-03-04 09:20:28.735 [http-nio-8080-exec-6] DEBUG o.s.data.mongodb.core.MongoTemplate - Executing count: { "recipientId" : "Farmer", "read" : false} in collection: notifications
2026-03-04 09:20:28.740 [http-nio-8080-exec-3] DEBUG o.s.security.web.FilterChainProxy - Secured GET /api/notifications/unread-count
2026-03-04 09:20:28.740 [http-nio-8080-exec-3] DEBUG o.s.d.m.r.query.MongoQueryCreator - Created query Query: { "recipientId" : "adminuser", "read" : false}, Fields: {}, Sort: {}
2026-03-04 09:20:28.741 [http-nio-8080-exec-3] DEBUG o.s.data.mongodb.core.MongoTemplate - Executing count: { "recipientId" : "adminuser", "read" : false} in collection: notifications
2026-03-04 09:21:28.735 [http-nio-8080-exec-9] DEBUG o.s.security.web.FilterChainProxy - Securing GET /api/notifications/unread-count
2026-03-04 09:21:28.738 [http-nio-8080-exec-9] DEBUG o.s.d.m.r.query.MongoQueryCreator - Created query Query: { "username" : "adminuser"}, Fields: {}, Sort: {}
2026-03-04 09:21:28.738 [http-nio-8080-exec-9] DEBUG o.s.data.mongodb.core.MongoTemplate - find using query: { "username" : "adminuser"} fields: Document{{}} for class: class com.agri.supplytracker.model.User in collection: users
2026-03-04 09:21:28.744 [http-nio-8080-exec-9] DEBUG o.s.security.web.FilterChainProxy - Secured GET /api/notifications/unread-count
2026-03-04 09:21:28.744 [http-nio-8080-exec-9] DEBUG o.s.d.m.r.query.MongoQueryCreator - Created query Query: { "recipientId" : "adminuser", "read" : false}, Fields: {}, Sort: {}
2026-03-04 09:21:28.744 [http-nio-8080-exec-9] DEBUG o.s.data.mongodb.core.MongoTemplate - Executing count: { "recipientId" : "adminuser", "read" : false} in collection: notifications
2026-03-04 09:21:28.745 [http-nio-8080-exec-10] DEBUG o.s.security.web.FilterChainProxy - Securing GET /api/notifications/unread-count
2026-03-04 09:21:28.748 [http-nio-8080-exec-10] DEBUG o.s.d.m.r.query.MongoQueryCreator - Created query Query: { "username" : "Farmer"}, Fields: {}, Sort: {}
2026-03-04 09:21:28.749 [http-nio-8080-exec-10] DEBUG o.s.data.mongodb.core.MongoTemplate - find using query: { "username" : "Farmer"} fields: Document{{}} for class: class com.agri.supplytracker.model.User in collection: users
2026-03-04 09:21:28.755 [http-nio-8080-exec-10] DEBUG o.s.security.web.FilterChainProxy - Secured GET /api/notifications/unread-count
2026-03-04 09:21:28.756 [http-nio-8080-exec-10] DEBUG o.s.d.m.r.query.MongoQueryCreator - Created query Query: { "recipientId" : "Farmer", "read" : false}, Fields: {}, Sort: {}
2026-03-04 09:21:28.758 [http-nio-8080-exec-10] DEBUG o.s.data.mongodb.core.MongoTemplate - Executing count: { "recipientId" : "Farmer", "read" : false} in collection: notifications
2026-03-04 09:22:28.737 [http-nio-8080-exec-2] DEBUG o.s.security.web.FilterChainProxy - Securing GET /api/notifications/unread-count
2026-03-04 09:22:28.737 [http-nio-8080-exec-7] DEBUG o.s.security.web.FilterChainProxy - Securing GET /api/notifications/unread-count
2026-03-04 09:22:28.740 [http-nio-8080-exec-2] DEBUG o.s.d.m.r.query.MongoQueryCreator - Created query Query: { "username" : "adminuser"}, Fields: {}, Sort: {}
2026-03-04 09:22:28.740 [http-nio-8080-exec-7] DEBUG o.s.d.m.r.query.MongoQueryCreator - Created query Query: { "username" : "Farmer"}, Fields: {}, Sort: {}
2026-03-04 09:22:28.740 [http-nio-8080-exec-7] DEBUG o.s.data.mongodb.core.MongoTemplate - find using query: { "username" : "Farmer"} fields: Document{{}} for class: class com.agri.supplytracker.model.User in collection: users
2026-03-04 09:22:28.740 [http-nio-8080-exec-2] DEBUG o.s.data.mongodb.core.MongoTemplate - find using query: { "username" : "adminuser"} fields: Document{{}} for class: class com.agri.supplytracker.model.User in collection: users
2026-03-04 09:22:28.747 [http-nio-8080-exec-2] DEBUG o.s.security.web.FilterChainProxy - Secured GET /api/notifications/unread-count
2026-03-04 09:22:28.747 [http-nio-8080-exec-7] DEBUG o.s.security.web.FilterChainProxy - Secured GET /api/notifications/unread-count
2026-03-04 09:22:28.748 [http-nio-8080-exec-2] DEBUG o.s.d.m.r.query.MongoQueryCreator - Created query Query: { "recipientId" : "adminuser", "read" : false}, Fields: {}, Sort: {}
2026-03-04 09:22:28.748 [http-nio-8080-exec-7] DEBUG o.s.d.m.r.query.MongoQueryCreator - Created query Query: { "recipientId" : "Farmer", "read" : false}, Fields: {}, Sort: {}
2026-03-04 09:22:28.748 [http-nio-8080-exec-2] DEBUG o.s.data.mongodb.core.MongoTemplate - Executing count: { "recipientId" : "adminuser", "read" : false} in collection: notifications
2026-03-04 09:22:28.748 [http-nio-8080-exec-7] DEBUG o.s.data.mongodb.core.MongoTemplate - Executing count: { "recipientId" : "Farmer", "read" : false} in collection: notifications
2026-03-04 09:23:28.729 [http-nio-8080-exec-1] DEBUG o.s.security.web.FilterChainProxy - Securing GET /api/notifications/unread-count
2026-03-04 09:23:28.729 [http-nio-8080-exec-8] DEBUG o.s.security.web.FilterChainProxy - Securing GET /api/notifications/unread-count
2026-03-04 09:23:28.732 [http-nio-8080-exec-8] DEBUG o.s.d.m.r.query.MongoQueryCreator - Created query Query: { "username" : "adminuser"}, Fields: {}, Sort: {}
2026-03-04 09:23:28.732 [http-nio-8080-exec-1] DEBUG o.s.d.m.r.query.MongoQueryCreator - Created query Query: { "username" : "Farmer"}, Fields: {}, Sort: {}
2026-03-04 09:23:28.732 [http-nio-8080-exec-8] DEBUG o.s.data.mongodb.core.MongoTemplate - find using query: { "username" : "adminuser"} fields: Document{{}} for class: class com.agri.supplytracker.model.User in collection: users
2026-03-04 09:23:28.732 [http-nio-8080-exec-1] DEBUG o.s.data.mongodb.core.MongoTemplate - find using query: { "username" : "Farmer"} fields: Document{{}} for class: class com.agri.supplytracker.model.User in collection: users
2026-03-04 09:23:28.737 [http-nio-8080-exec-1] DEBUG o.s.security.web.FilterChainProxy - Secured GET /api/notifications/unread-count
2026-03-04 09:23:28.737 [http-nio-8080-exec-8] DEBUG o.s.security.web.FilterChainProxy - Secured GET /api/notifications/unread-count
2026-03-04 09:23:28.738 [http-nio-8080-exec-8] DEBUG o.s.d.m.r.query.MongoQueryCreator - Created query Query: { "recipientId" : "adminuser", "read" : false}, Fields: {}, Sort: {}
2026-03-04 09:23:28.738 [http-nio-8080-exec-1] DEBUG o.s.d.m.r.query.MongoQueryCreator - Created query Query: { "recipientId" : "Farmer", "read" : false}, Fields: {}, Sort: {}
2026-03-04 09:23:28.739 [http-nio-8080-exec-8] DEBUG o.s.data.mongodb.core.MongoTemplate - Executing count: { "recipientId" : "adminuser", "read" : false} in collection: notifications
2026-03-04 09:23:28.739 [http-nio-8080-exec-1] DEBUG o.s.data.mongodb.core.MongoTemplate - Executing count: { "recipientId" : "Farmer", "read" : false} in collection: notifications
2026-03-04 09:24:28.733 [http-nio-8080-exec-4] DEBUG o.s.security.web.FilterChainProxy - Securing GET /api/notifications/unread-count
2026-03-04 09:24:28.735 [http-nio-8080-exec-5] DEBUG o.s.security.web.FilterChainProxy - Securing GET /api/notifications/unread-count
2026-03-04 09:24:28.735 [http-nio-8080-exec-4] DEBUG o.s.d.m.r.query.MongoQueryCreator - Created query Query: { "username" : "adminuser"}, Fields: {}, Sort: {}
2026-03-04 09:24:28.736 [http-nio-8080-exec-4] DEBUG o.s.data.mongodb.core.MongoTemplate - find using query: { "username" : "adminuser"} fields: Document{{}} for class: class com.agri.supplytracker.model.User in collection: users
2026-03-04 09:24:28.737 [http-nio-8080-exec-5] DEBUG o.s.d.m.r.query.MongoQueryCreator - Created query Query: { "username" : "Farmer"}, Fields: {}, Sort: {}
2026-03-04 09:24:28.737 [http-nio-8080-exec-5] DEBUG o.s.data.mongodb.core.MongoTemplate - find using query: { "username" : "Farmer"} fields: Document{{}} for class: class com.agri.supplytracker.model.User in collection: users
2026-03-04 09:24:28.740 [http-nio-8080-exec-4] DEBUG o.s.security.web.FilterChainProxy - Secured GET /api/notifications/unread-count
2026-03-04 09:24:28.741 [http-nio-8080-exec-4] DEBUG o.s.d.m.r.query.MongoQueryCreator - Created query Query: { "recipientId" : "adminuser", "read" : false}, Fields: {}, Sort: {}
2026-03-04 09:24:28.741 [http-nio-8080-exec-4] DEBUG o.s.data.mongodb.core.MongoTemplate - Executing count: { "recipientId" : "adminuser", "read" : false} in collection: notifications
2026-03-04 09:24:28.741 [http-nio-8080-exec-5] DEBUG o.s.security.web.FilterChainProxy - Secured GET /api/notifications/unread-count
2026-03-04 09:24:28.741 [http-nio-8080-exec-5] DEBUG o.s.d.m.r.query.MongoQueryCreator - Created query Query: { "recipientId" : "Farmer", "read" : false}, Fields: {}, Sort: {}
2026-03-04 09:24:28.742 [http-nio-8080-exec-5] DEBUG o.s.data.mongodb.core.MongoTemplate - Executing count: { "recipientId" : "Farmer", "read" : false} in collection: notifications
2026-03-04 09:25:28.738 [http-nio-8080-exec-6] DEBUG o.s.security.web.FilterChainProxy - Securing GET /api/notifications/unread-count
2026-03-04 09:25:28.738 [http-nio-8080-exec-3] DEBUG o.s.security.web.FilterChainProxy - Securing GET /api/notifications/unread-count
2026-03-04 09:25:28.741 [http-nio-8080-exec-3] DEBUG o.s.d.m.r.query.MongoQueryCreator - Created query Query: { "username" : "adminuser"}, Fields: {}, Sort: {}
2026-03-04 09:25:28.741 [http-nio-8080-exec-6] DEBUG o.s.d.m.r.query.MongoQueryCreator - Created query Query: { "username" : "Farmer"}, Fields: {}, Sort: {}
2026-03-04 09:25:28.741 [http-nio-8080-exec-3] DEBUG o.s.data.mongodb.core.MongoTemplate - find using query: { "username" : "adminuser"} fields: Document{{}} for class: class com.agri.supplytracker.model.User in collection: users
2026-03-04 09:25:28.741 [http-nio-8080-exec-6] DEBUG o.s.data.mongodb.core.MongoTemplate - find using query: { "username" : "Farmer"} fields: Document{{}} for class: class com.agri.supplytracker.model.User in collection: users
2026-03-04 09:25:28.746 [http-nio-8080-exec-6] DEBUG o.s.security.web.FilterChainProxy - Secured GET /api/notifications/unread-count
2026-03-04 09:25:28.746 [http-nio-8080-exec-3] DEBUG o.s.security.web.FilterChainProxy - Secured GET /api/notifications/unread-count
2026-03-04 09:25:28.746 [http-nio-8080-exec-3] DEBUG o.s.d.m.r.query.MongoQueryCreator - Created query Query: { "recipientId" : "adminuser", "read" : false}, Fields: {}, Sort: {}
2026-03-04 09:25:28.746 [http-nio-8080-exec-6] DEBUG o.s.d.m.r.query.MongoQueryCreator - Created query Query: { "recipientId" : "Farmer", "read" : false}, Fields: {}, Sort: {}
2026-03-04 09:25:28.747 [http-nio-8080-exec-3] DEBUG o.s.data.mongodb.core.MongoTemplate - Executing count: { "recipientId" : "adminuser", "read" : false} in collection: notifications
2026-03-04 09:25:28.747 [http-nio-8080-exec-6] DEBUG o.s.data.mongodb.core.MongoTemplate - Executing count: { "recipientId" : "Farmer", "read" : false} in collection: notifications
2026-03-04 09:26:28.732 [http-nio-8080-exec-9] DEBUG o.s.security.web.FilterChainProxy - Securing GET /api/notifications/unread-count
2026-03-04 09:26:28.733 [http-nio-8080-exec-10] DEBUG o.s.security.web.FilterChainProxy - Securing GET /api/notifications/unread-count
2026-03-04 09:26:28.735 [http-nio-8080-exec-9] DEBUG o.s.d.m.r.query.MongoQueryCreator - Created query Query: { "username" : "Farmer"}, Fields: {}, Sort: {}
2026-03-04 09:26:28.735 [http-nio-8080-exec-9] DEBUG o.s.data.mongodb.core.MongoTemplate - find using query: { "username" : "Farmer"} fields: Document{{}} for class: class com.agri.supplytracker.model.User in collection: users
2026-03-04 09:26:28.735 [http-nio-8080-exec-10] DEBUG o.s.d.m.r.query.MongoQueryCreator - Created query Query: { "username" : "adminuser"}, Fields: {}, Sort: {}
2026-03-04 09:26:28.735 [http-nio-8080-exec-10] DEBUG o.s.data.mongodb.core.MongoTemplate - find using query: { "username" : "adminuser"} fields: Document{{}} for class: class com.agri.supplytracker.model.User in collection: users
2026-03-04 09:26:28.741 [http-nio-8080-exec-10] DEBUG o.s.security.web.FilterChainProxy - Secured GET /api/notifications/unread-count
2026-03-04 09:26:28.741 [http-nio-8080-exec-9] DEBUG o.s.security.web.FilterChainProxy - Secured GET /api/notifications/unread-count
2026-03-04 09:26:28.741 [http-nio-8080-exec-9] DEBUG o.s.d.m.r.query.MongoQueryCreator - Created query Query: { "recipientId" : "Farmer", "read" : false}, Fields: {}, Sort: {}
2026-03-04 09:26:28.741 [http-nio-8080-exec-10] DEBUG o.s.d.m.r.query.MongoQueryCreator - Created query Query: { "recipientId" : "adminuser", "read" : false}, Fields: {}, Sort: {}
2026-03-04 09:26:28.742 [http-nio-8080-exec-9] DEBUG o.s.data.mongodb.core.MongoTemplate - Executing count: { "recipientId" : "Farmer", "read" : false} in collection: notifications
2026-03-04 09:26:28.742 [http-nio-8080-exec-10] DEBUG o.s.data.mongodb.core.MongoTemplate - Executing count: { "recipientId" : "adminuser", "read" : false} in collection: notifications
2026-03-04 09:27:28.731 [http-nio-8080-exec-2] DEBUG o.s.security.web.FilterChainProxy - Securing GET /api/notifications/unread-count
2026-03-04 09:27:28.733 [http-nio-8080-exec-7] DEBUG o.s.security.web.FilterChainProxy - Securing GET /api/notifications/unread-count
2026-03-04 09:27:28.735 [http-nio-8080-exec-7] DEBUG o.s.d.m.r.query.MongoQueryCreator - Created query Query: { "username" : "adminuser"}, Fields: {}, Sort: {}
2026-03-04 09:27:28.735 [http-nio-8080-exec-7] DEBUG o.s.data.mongodb.core.MongoTemplate - find using query: { "username" : "adminuser"} fields: Document{{}} for class: class com.agri.supplytracker.model.User in collection: users
2026-03-04 09:27:28.735 [http-nio-8080-exec-2] DEBUG o.s.d.m.r.query.MongoQueryCreator - Created query Query: { "username" : "Farmer"}, Fields: {}, Sort: {}
2026-03-04 09:27:28.735 [http-nio-8080-exec-2] DEBUG o.s.data.mongodb.core.MongoTemplate - find using query: { "username" : "Farmer"} fields: Document{{}} for class: class com.agri.supplytracker.model.User in collection: users
2026-03-04 09:27:28.740 [http-nio-8080-exec-7] DEBUG o.s.security.web.FilterChainProxy - Secured GET /api/notifications/unread-count
2026-03-04 09:27:28.740 [http-nio-8080-exec-7] DEBUG o.s.d.m.r.query.MongoQueryCreator - Created query Query: { "recipientId" : "adminuser", "read" : false}, Fields: {}, Sort: {}
2026-03-04 09:27:28.740 [http-nio-8080-exec-7] DEBUG o.s.data.mongodb.core.MongoTemplate - Executing count: { "recipientId" : "adminuser", "read" : false} in collection: notifications
2026-03-04 09:27:28.740 [http-nio-8080-exec-2] DEBUG o.s.security.web.FilterChainProxy - Secured GET /api/notifications/unread-count
2026-03-04 09:27:28.741 [http-nio-8080-exec-2] DEBUG o.s.d.m.r.query.MongoQueryCreator - Created query Query: { "recipientId" : "Farmer", "read" : false}, Fields: {}, Sort: {}
2026-03-04 09:27:28.742 [http-nio-8080-exec-2] DEBUG o.s.data.mongodb.core.MongoTemplate - Executing count: { "recipientId" : "Farmer", "read" : false} in collection: notifications
2026-03-04 09:28:28.758 [http-nio-8080-exec-1] DEBUG o.s.security.web.FilterChainProxy - Securing GET /api/notifications/unread-count
2026-03-04 09:28:28.760 [http-nio-8080-exec-8] DEBUG o.s.security.web.FilterChainProxy - Securing GET /api/notifications/unread-count
2026-03-04 09:28:28.762 [http-nio-8080-exec-1] DEBUG o.s.d.m.r.query.MongoQueryCreator - Created query Query: { "username" : "Farmer"}, Fields: {}, Sort: {}
2026-03-04 09:28:28.762 [http-nio-8080-exec-1] DEBUG o.s.data.mongodb.core.MongoTemplate - find using query: { "username" : "Farmer"} fields: Document{{}} for class: class com.agri.supplytracker.model.User in collection: users
2026-03-04 09:28:28.763 [http-nio-8080-exec-8] DEBUG o.s.d.m.r.query.MongoQueryCreator - Created query Query: { "username" : "adminuser"}, Fields: {}, Sort: {}
2026-03-04 09:28:28.763 [http-nio-8080-exec-8] DEBUG o.s.data.mongodb.core.MongoTemplate - find using query: { "username" : "adminuser"} fields: Document{{}} for class: class com.agri.supplytracker.model.User in collection: users
2026-03-04 09:28:28.767 [http-nio-8080-exec-1] DEBUG o.s.security.web.FilterChainProxy - Secured GET /api/notifications/unread-count
2026-03-04 09:28:28.767 [http-nio-8080-exec-8] DEBUG o.s.security.web.FilterChainProxy - Secured GET /api/notifications/unread-count
2026-03-04 09:28:28.767 [http-nio-8080-exec-1] DEBUG o.s.d.m.r.query.MongoQueryCreator - Created query Query: { "recipientId" : "Farmer", "read" : false}, Fields: {}, Sort: {}
2026-03-04 09:28:28.767 [http-nio-8080-exec-8] DEBUG o.s.d.m.r.query.MongoQueryCreator - Created query Query: { "recipientId" : "adminuser", "read" : false}, Fields: {}, Sort: {}
2026-03-04 09:28:28.769 [http-nio-8080-exec-8] DEBUG o.s.data.mongodb.core.MongoTemplate - Executing count: { "recipientId" : "adminuser", "read" : false} in collection: notifications
2026-03-04 09:28:28.769 [http-nio-8080-exec-1] DEBUG o.s.data.mongodb.core.MongoTemplate - Executing count: { "recipientId" : "Farmer", "read" : false} in collection: notifications
2026-03-04 09:29:28.736 [http-nio-8080-exec-5] DEBUG o.s.security.web.FilterChainProxy - Securing GET /api/notifications/unread-count
2026-03-04 09:29:28.739 [http-nio-8080-exec-4] DEBUG o.s.security.web.FilterChainProxy - Securing GET /api/notifications/unread-count
2026-03-04 09:29:28.740 [http-nio-8080-exec-4] DEBUG o.s.d.m.r.query.MongoQueryCreator - Created query Query: { "username" : "adminuser"}, Fields: {}, Sort: {}
2026-03-04 09:29:28.741 [http-nio-8080-exec-5] DEBUG o.s.d.m.r.query.MongoQueryCreator - Created query Query: { "username" : "Farmer"}, Fields: {}, Sort: {}
2026-03-04 09:29:28.741 [http-nio-8080-exec-5] DEBUG o.s.data.mongodb.core.MongoTemplate - find using query: { "username" : "Farmer"} fields: Document{{}} for class: class com.agri.supplytracker.model.User in collection: users
2026-03-04 09:29:28.741 [http-nio-8080-exec-4] DEBUG o.s.data.mongodb.core.MongoTemplate - find using query: { "username" : "adminuser"} fields: Document{{}} for class: class com.agri.supplytracker.model.User in collection: users
2026-03-04 09:29:28.745 [http-nio-8080-exec-5] DEBUG o.s.security.web.FilterChainProxy - Secured GET /api/notifications/unread-count
2026-03-04 09:29:28.745 [http-nio-8080-exec-4] DEBUG o.s.security.web.FilterChainProxy - Secured GET /api/notifications/unread-count
2026-03-04 09:29:28.746 [http-nio-8080-exec-4] DEBUG o.s.d.m.r.query.MongoQueryCreator - Created query Query: { "recipientId" : "adminuser", "read" : false}, Fields: {}, Sort: {}
2026-03-04 09:29:28.746 [http-nio-8080-exec-5] DEBUG o.s.d.m.r.query.MongoQueryCreator - Created query Query: { "recipientId" : "Farmer", "read" : false}, Fields: {}, Sort: {}
2026-03-04 09:29:28.746 [http-nio-8080-exec-4] DEBUG o.s.data.mongodb.core.MongoTemplate - Executing count: { "recipientId" : "adminuser", "read" : false} in collection: notifications
2026-03-04 09:29:28.746 [http-nio-8080-exec-5] DEBUG o.s.data.mongodb.core.MongoTemplate - Executing count: { "recipientId" : "Farmer", "read" : false} in collection: notifications
2026-03-04 09:30:28.733 [http-nio-8080-exec-6] DEBUG o.s.security.web.FilterChainProxy - Securing GET /api/notifications/unread-count
2026-03-04 09:30:28.733 [http-nio-8080-exec-3] DEBUG o.s.security.web.FilterChainProxy - Securing GET /api/notifications/unread-count
2026-03-04 09:30:28.737 [http-nio-8080-exec-3] DEBUG o.s.d.m.r.query.MongoQueryCreator - Created query Query: { "username" : "adminuser"}, Fields: {}, Sort: {}
2026-03-04 09:30:28.737 [http-nio-8080-exec-6] DEBUG o.s.d.m.r.query.MongoQueryCreator - Created query Query: { "username" : "Farmer"}, Fields: {}, Sort: {}
2026-03-04 09:30:28.737 [http-nio-8080-exec-3] DEBUG o.s.data.mongodb.core.MongoTemplate - find using query: { "username" : "adminuser"} fields: Document{{}} for class: class com.agri.supplytracker.model.User in collection: users
2026-03-04 09:30:28.737 [http-nio-8080-exec-6] DEBUG o.s.data.mongodb.core.MongoTemplate - find using query: { "username" : "Farmer"} fields: Document{{}} for class: class com.agri.supplytracker.model.User in collection: users
2026-03-04 09:30:28.742 [http-nio-8080-exec-6] DEBUG o.s.security.web.FilterChainProxy - Secured GET /api/notifications/unread-count
2026-03-04 09:30:28.743 [http-nio-8080-exec-3] DEBUG o.s.security.web.FilterChainProxy - Secured GET /api/notifications/unread-count
2026-03-04 09:30:28.743 [http-nio-8080-exec-6] DEBUG o.s.d.m.r.query.MongoQueryCreator - Created query Query: { "recipientId" : "Farmer", "read" : false}, Fields: {}, Sort: {}
2026-03-04 09:30:28.743 [http-nio-8080-exec-3] DEBUG o.s.d.m.r.query.MongoQueryCreator - Created query Query: { "recipientId" : "adminuser", "read" : false}, Fields: {}, Sort: {}
2026-03-04 09:30:28.743 [http-nio-8080-exec-6] DEBUG o.s.data.mongodb.core.MongoTemplate - Executing count: { "recipientId" : "Farmer", "read" : false} in collection: notifications
2026-03-04 09:30:28.743 [http-nio-8080-exec-3] DEBUG o.s.data.mongodb.core.MongoTemplate - Executing count: { "recipientId" : "adminuser", "read" : false} in collection: notifications
2026-03-04 09:31:28.735 [http-nio-8080-exec-9] DEBUG o.s.security.web.FilterChainProxy - Securing GET /api/notifications/unread-count
2026-03-04 09:31:28.737 [http-nio-8080-exec-10] DEBUG o.s.security.web.FilterChainProxy - Securing GET /api/notifications/unread-count
2026-03-04 09:31:28.739 [http-nio-8080-exec-9] DEBUG o.s.d.m.r.query.MongoQueryCreator - Created query Query: { "username" : "Farmer"}, Fields: {}, Sort: {}
2026-03-04 09:31:28.739 [http-nio-8080-exec-9] DEBUG o.s.data.mongodb.core.MongoTemplate - find using query: { "username" : "Farmer"} fields: Document{{}} for class: class com.agri.supplytracker.model.User in collection: users
2026-03-04 09:31:28.739 [http-nio-8080-exec-10] DEBUG o.s.d.m.r.query.MongoQueryCreator - Created query Query: { "username" : "adminuser"}, Fields: {}, Sort: {}
2026-03-04 09:31:28.740 [http-nio-8080-exec-10] DEBUG o.s.data.mongodb.core.MongoTemplate - find using query: { "username" : "adminuser"} fields: Document{{}} for class: class com.agri.supplytracker.model.User in collection: users
2026-03-04 09:31:28.744 [http-nio-8080-exec-10] DEBUG o.s.security.web.FilterChainProxy - Secured GET /api/notifications/unread-count
2026-03-04 09:31:28.744 [http-nio-8080-exec-9] DEBUG o.s.security.web.FilterChainProxy - Secured GET /api/notifications/unread-count
2026-03-04 09:31:28.745 [http-nio-8080-exec-10] DEBUG o.s.d.m.r.query.MongoQueryCreator - Created query Query: { "recipientId" : "adminuser", "read" : false}, Fields: {}, Sort: {}
2026-03-04 09:31:28.745 [http-nio-8080-exec-9] DEBUG o.s.d.m.r.query.MongoQueryCreator - Created query Query: { "recipientId" : "Farmer", "read" : false}, Fields: {}, Sort: {}
2026-03-04 09:31:28.746 [http-nio-8080-exec-9] DEBUG o.s.data.mongodb.core.MongoTemplate - Executing count: { "recipientId" : "Farmer", "read" : false} in collection: notifications
2026-03-04 09:31:28.746 [http-nio-8080-exec-10] DEBUG o.s.data.mongodb.core.MongoTemplate - Executing count: { "recipientId" : "adminuser", "read" : false} in collection: notifications
2026-03-04 09:32:28.735 [http-nio-8080-exec-7] DEBUG o.s.security.web.FilterChainProxy - Securing GET /api/notifications/unread-count
2026-03-04 09:32:28.736 [http-nio-8080-exec-2] DEBUG o.s.security.web.FilterChainProxy - Securing GET /api/notifications/unread-count
2026-03-04 09:32:28.738 [http-nio-8080-exec-7] DEBUG o.s.d.m.r.query.MongoQueryCreator - Created query Query: { "username" : "Farmer"}, Fields: {}, Sort: {}
2026-03-04 09:32:28.738 [http-nio-8080-exec-2] DEBUG o.s.d.m.r.query.MongoQueryCreator - Created query Query: { "username" : "adminuser"}, Fields: {}, Sort: {}
2026-03-04 09:32:28.738 [http-nio-8080-exec-7] DEBUG o.s.data.mongodb.core.MongoTemplate - find using query: { "username" : "Farmer"} fields: Document{{}} for class: class com.agri.supplytracker.model.User in collection: users
2026-03-04 09:32:28.738 [http-nio-8080-exec-2] DEBUG o.s.data.mongodb.core.MongoTemplate - find using query: { "username" : "adminuser"} fields: Document{{}} for class: class com.agri.supplytracker.model.User in collection: users
2026-03-04 09:32:28.743 [http-nio-8080-exec-2] DEBUG o.s.security.web.FilterChainProxy - Secured GET /api/notifications/unread-count
2026-03-04 09:32:28.743 [http-nio-8080-exec-7] DEBUG o.s.security.web.FilterChainProxy - Secured GET /api/notifications/unread-count
2026-03-04 09:32:28.743 [http-nio-8080-exec-2] DEBUG o.s.d.m.r.query.MongoQueryCreator - Created query Query: { "recipientId" : "adminuser", "read" : false}, Fields: {}, Sort: {}
2026-03-04 09:32:28.743 [http-nio-8080-exec-7] DEBUG o.s.d.m.r.query.MongoQueryCreator - Created query Query: { "recipientId" : "Farmer", "read" : false}, Fields: {}, Sort: {}
2026-03-04 09:32:28.744 [http-nio-8080-exec-2] DEBUG o.s.data.mongodb.core.MongoTemplate - Executing count: { "recipientId" : "adminuser", "read" : false} in collection: notifications
2026-03-04 09:32:28.744 [http-nio-8080-exec-7] DEBUG o.s.data.mongodb.core.MongoTemplate - Executing count: { "recipientId" : "Farmer", "read" : false} in collection: notifications
2026-03-04 09:33:28.731 [http-nio-8080-exec-8] DEBUG o.s.security.web.FilterChainProxy - Securing GET /api/notifications/unread-count
2026-03-04 09:33:28.733 [http-nio-8080-exec-1] DEBUG o.s.security.web.FilterChainProxy - Securing GET /api/notifications/unread-count
2026-03-04 09:33:28.734 [http-nio-8080-exec-8] DEBUG o.s.d.m.r.query.MongoQueryCreator - Created query Query: { "username" : "adminuser"}, Fields: {}, Sort: {}
2026-03-04 09:33:28.734 [http-nio-8080-exec-1] DEBUG o.s.d.m.r.query.MongoQueryCreator - Created query Query: { "username" : "Farmer"}, Fields: {}, Sort: {}
2026-03-04 09:33:28.734 [http-nio-8080-exec-8] DEBUG o.s.data.mongodb.core.MongoTemplate - find using query: { "username" : "adminuser"} fields: Document{{}} for class: class com.agri.supplytracker.model.User in collection: users
2026-03-04 09:33:28.734 [http-nio-8080-exec-1] DEBUG o.s.data.mongodb.core.MongoTemplate - find using query: { "username" : "Farmer"} fields: Document{{}} for class: class com.agri.supplytracker.model.User in collection: users
2026-03-04 09:33:28.740 [http-nio-8080-exec-1] DEBUG o.s.security.web.FilterChainProxy - Secured GET /api/notifications/unread-count
2026-03-04 09:33:28.740 [http-nio-8080-exec-8] DEBUG o.s.security.web.FilterChainProxy - Secured GET /api/notifications/unread-count
2026-03-04 09:33:28.740 [http-nio-8080-exec-1] DEBUG o.s.d.m.r.query.MongoQueryCreator - Created query Query: { "recipientId" : "Farmer", "read" : false}, Fields: {}, Sort: {}
2026-03-04 09:33:28.740 [http-nio-8080-exec-8] DEBUG o.s.d.m.r.query.MongoQueryCreator - Created query Query: { "recipientId" : "adminuser", "read" : false}, Fields: {}, Sort: {}
2026-03-04 09:33:28.740 [http-nio-8080-exec-8] DEBUG o.s.data.mongodb.core.MongoTemplate - Executing count: { "recipientId" : "adminuser", "read" : false} in collection: notifications
2026-03-04 09:33:28.740 [http-nio-8080-exec-1] DEBUG o.s.data.mongodb.core.MongoTemplate - Executing count: { "recipientId" : "Farmer", "read" : false} in collection: notifications
2026-03-04 09:34:28.727 [http-nio-8080-exec-4] DEBUG o.s.security.web.FilterChainProxy - Securing GET /api/notifications/unread-count
2026-03-04 09:34:28.727 [http-nio-8080-exec-5] DEBUG o.s.security.web.FilterChainProxy - Securing GET /api/notifications/unread-count
2026-03-04 09:34:28.729 [http-nio-8080-exec-5] DEBUG o.s.d.m.r.query.MongoQueryCreator - Created query Query: { "username" : "Farmer"}, Fields: {}, Sort: {}
2026-03-04 09:34:28.729 [http-nio-8080-exec-4] DEBUG o.s.d.m.r.query.MongoQueryCreator - Created query Query: { "username" : "adminuser"}, Fields: {}, Sort: {}
2026-03-04 09:34:28.729 [http-nio-8080-exec-5] DEBUG o.s.data.mongodb.core.MongoTemplate - find using query: { "username" : "Farmer"} fields: Document{{}} for class: class com.agri.supplytracker.model.User in collection: users
2026-03-04 09:34:28.729 [http-nio-8080-exec-4] DEBUG o.s.data.mongodb.core.MongoTemplate - find using query: { "username" : "adminuser"} fields: Document{{}} for class: class com.agri.supplytracker.model.User in collection: users
2026-03-04 09:34:28.733 [http-nio-8080-exec-4] DEBUG o.s.security.web.FilterChainProxy - Secured GET /api/notifications/unread-count
2026-03-04 09:34:28.733 [http-nio-8080-exec-5] DEBUG o.s.security.web.FilterChainProxy - Secured GET /api/notifications/unread-count
2026-03-04 09:34:28.733 [http-nio-8080-exec-4] DEBUG o.s.d.m.r.query.MongoQueryCreator - Created query Query: { "recipientId" : "adminuser", "read" : false}, Fields: {}, Sort: {}
2026-03-04 09:34:28.733 [http-nio-8080-exec-5] DEBUG o.s.d.m.r.query.MongoQueryCreator - Created query Query: { "recipientId" : "Farmer", "read" : false}, Fields: {}, Sort: {}
2026-03-04 09:34:28.735 [http-nio-8080-exec-4] DEBUG o.s.data.mongodb.core.MongoTemplate - Executing count: { "recipientId" : "adminuser", "read" : false} in collection: notifications
2026-03-04 09:34:28.735 [http-nio-8080-exec-5] DEBUG o.s.data.mongodb.core.MongoTemplate - Executing count: { "recipientId" : "Farmer", "read" : false} in collection: notifications
2026-03-04 09:35:28.719 [http-nio-8080-exec-3] DEBUG o.s.security.web.FilterChainProxy - Securing GET /api/notifications/unread-count
2026-03-04 09:35:28.722 [http-nio-8080-exec-3] DEBUG o.s.d.m.r.query.MongoQueryCreator - Created query Query: { "username" : "adminuser"}, Fields: {}, Sort: {}
2026-03-04 09:35:28.722 [http-nio-8080-exec-3] DEBUG o.s.data.mongodb.core.MongoTemplate - find using query: { "username" : "adminuser"} fields: Document{{}} for class: class com.agri.supplytracker.model.User in collection: users
2026-03-04 09:35:28.730 [http-nio-8080-exec-3] DEBUG o.s.security.web.FilterChainProxy - Secured GET /api/notifications/unread-count
2026-03-04 09:35:28.731 [http-nio-8080-exec-3] DEBUG o.s.d.m.r.query.MongoQueryCreator - Created query Query: { "recipientId" : "adminuser", "read" : false}, Fields: {}, Sort: {}
2026-03-04 09:35:28.731 [http-nio-8080-exec-3] DEBUG o.s.data.mongodb.core.MongoTemplate - Executing count: { "recipientId" : "adminuser", "read" : false} in collection: notifications
2026-03-04 09:35:28.737 [http-nio-8080-exec-6] DEBUG o.s.security.web.FilterChainProxy - Securing GET /api/notifications/unread-count
2026-03-04 09:35:28.741 [http-nio-8080-exec-6] DEBUG o.s.d.m.r.query.MongoQueryCreator - Created query Query: { "username" : "Farmer"}, Fields: {}, Sort: {}
2026-03-04 09:35:28.741 [http-nio-8080-exec-6] DEBUG o.s.data.mongodb.core.MongoTemplate - find using query: { "username" : "Farmer"} fields: Document{{}} for class: class com.agri.supplytracker.model.User in collection: users
2026-03-04 09:35:28.746 [http-nio-8080-exec-6] DEBUG o.s.security.web.FilterChainProxy - Secured GET /api/notifications/unread-count
2026-03-04 09:35:28.747 [http-nio-8080-exec-6] DEBUG o.s.d.m.r.query.MongoQueryCreator - Created query Query: { "recipientId" : "Farmer", "read" : false}, Fields: {}, Sort: {}
2026-03-04 09:35:28.747 [http-nio-8080-exec-6] DEBUG o.s.data.mongodb.core.MongoTemplate - Executing count: { "recipientId" : "Farmer", "read" : false} in collection: notifications
2026-03-04 09:36:28.724 [http-nio-8080-exec-9] DEBUG o.s.security.web.FilterChainProxy - Securing GET /api/notifications/unread-count
2026-03-04 09:36:28.725 [http-nio-8080-exec-10] DEBUG o.s.security.web.FilterChainProxy - Securing GET /api/notifications/unread-count
2026-03-04 09:36:28.728 [http-nio-8080-exec-9] DEBUG o.s.d.m.r.query.MongoQueryCreator - Created query Query: { "username" : "Farmer"}, Fields: {}, Sort: {}
2026-03-04 09:36:28.728 [http-nio-8080-exec-10] DEBUG o.s.d.m.r.query.MongoQueryCreator - Created query Query: { "username" : "adminuser"}, Fields: {}, Sort: {}
2026-03-04 09:36:28.728 [http-nio-8080-exec-10] DEBUG o.s.data.mongodb.core.MongoTemplate - find using query: { "username" : "adminuser"} fields: Document{{}} for class: class com.agri.supplytracker.model.User in collection: users
2026-03-04 09:36:28.728 [http-nio-8080-exec-9] DEBUG o.s.data.mongodb.core.MongoTemplate - find using query: { "username" : "Farmer"} fields: Document{{}} for class: class com.agri.supplytracker.model.User in collection: users
2026-03-04 09:36:28.745 [http-nio-8080-exec-10] DEBUG o.s.security.web.FilterChainProxy - Secured GET /api/notifications/unread-count
2026-03-04 09:36:28.745 [http-nio-8080-exec-10] DEBUG o.s.d.m.r.query.MongoQueryCreator - Created query Query: { "recipientId" : "adminuser", "read" : false}, Fields: {}, Sort: {}
2026-03-04 09:36:28.746 [http-nio-8080-exec-9] DEBUG o.s.security.web.FilterChainProxy - Secured GET /api/notifications/unread-count
2026-03-04 09:36:28.746 [http-nio-8080-exec-10] DEBUG o.s.data.mongodb.core.MongoTemplate - Executing count: { "recipientId" : "adminuser", "read" : false} in collection: notifications
2026-03-04 09:36:28.746 [http-nio-8080-exec-9] DEBUG o.s.d.m.r.query.MongoQueryCreator - Created query Query: { "recipientId" : "Farmer", "read" : false}, Fields: {}, Sort: {}
2026-03-04 09:36:28.746 [http-nio-8080-exec-9] DEBUG o.s.data.mongodb.core.MongoTemplate - Executing count: { "recipientId" : "Farmer", "read" : false} in collection: notifications
2026-03-04 09:37:28.732 [http-nio-8080-exec-2] DEBUG o.s.security.web.FilterChainProxy - Securing GET /api/notifications/unread-count
2026-03-04 09:37:28.732 [http-nio-8080-exec-7] DEBUG o.s.security.web.FilterChainProxy - Securing GET /api/notifications/unread-count
2026-03-04 09:37:28.735 [http-nio-8080-exec-2] DEBUG o.s.d.m.r.query.MongoQueryCreator - Created query Query: { "username" : "adminuser"}, Fields: {}, Sort: {}
2026-03-04 09:37:28.735 [http-nio-8080-exec-7] DEBUG o.s.d.m.r.query.MongoQueryCreator - Created query Query: { "username" : "Farmer"}, Fields: {}, Sort: {}
2026-03-04 09:37:28.736 [http-nio-8080-exec-7] DEBUG o.s.data.mongodb.core.MongoTemplate - find using query: { "username" : "Farmer"} fields: Document{{}} for class: class com.agri.supplytracker.model.User in collection: users
2026-03-04 09:37:28.736 [http-nio-8080-exec-2] DEBUG o.s.data.mongodb.core.MongoTemplate - find using query: { "username" : "adminuser"} fields: Document{{}} for class: class com.agri.supplytracker.model.User in collection: users
2026-03-04 09:37:28.741 [http-nio-8080-exec-7] DEBUG o.s.security.web.FilterChainProxy - Secured GET /api/notifications/unread-count
2026-03-04 09:37:28.741 [http-nio-8080-exec-2] DEBUG o.s.security.web.FilterChainProxy - Secured GET /api/notifications/unread-count
2026-03-04 09:37:28.741 [http-nio-8080-exec-2] DEBUG o.s.d.m.r.query.MongoQueryCreator - Created query Query: { "recipientId" : "adminuser", "read" : false}, Fields: {}, Sort: {}
2026-03-04 09:37:28.741 [http-nio-8080-exec-7] DEBUG o.s.d.m.r.query.MongoQueryCreator - Created query Query: { "recipientId" : "Farmer", "read" : false}, Fields: {}, Sort: {}
2026-03-04 09:37:28.743 [http-nio-8080-exec-7] DEBUG o.s.data.mongodb.core.MongoTemplate - Executing count: { "recipientId" : "Farmer", "read" : false} in collection: notifications
2026-03-04 09:37:28.743 [http-nio-8080-exec-2] DEBUG o.s.data.mongodb.core.MongoTemplate - Executing count: { "recipientId" : "adminuser", "read" : false} in collection: notifications
2026-03-04 09:38:28.755 [http-nio-8080-exec-1] DEBUG o.s.security.web.FilterChainProxy - Securing GET /api/notifications/unread-count
2026-03-04 09:38:28.757 [http-nio-8080-exec-8] DEBUG o.s.security.web.FilterChainProxy - Securing GET /api/notifications/unread-count
2026-03-04 09:38:28.758 [http-nio-8080-exec-1] DEBUG o.s.d.m.r.query.MongoQueryCreator - Created query Query: { "username" : "Farmer"}, Fields: {}, Sort: {}
2026-03-04 09:38:28.759 [http-nio-8080-exec-8] DEBUG o.s.d.m.r.query.MongoQueryCreator - Created query Query: { "username" : "adminuser"}, Fields: {}, Sort: {}
2026-03-04 09:38:28.759 [http-nio-8080-exec-1] DEBUG o.s.data.mongodb.core.MongoTemplate - find using query: { "username" : "Farmer"} fields: Document{{}} for class: class com.agri.supplytracker.model.User in collection: users
2026-03-04 09:38:28.759 [http-nio-8080-exec-8] DEBUG o.s.data.mongodb.core.MongoTemplate - find using query: { "username" : "adminuser"} fields: Document{{}} for class: class com.agri.supplytracker.model.User in collection: users
2026-03-04 09:38:28.764 [http-nio-8080-exec-8] DEBUG o.s.security.web.FilterChainProxy - Secured GET /api/notifications/unread-count
2026-03-04 09:38:28.765 [http-nio-8080-exec-1] DEBUG o.s.security.web.FilterChainProxy - Secured GET /api/notifications/unread-count
2026-03-04 09:38:28.765 [http-nio-8080-exec-1] DEBUG o.s.d.m.r.query.MongoQueryCreator - Created query Query: { "recipientId" : "Farmer", "read" : false}, Fields: {}, Sort: {}
2026-03-04 09:38:28.765 [http-nio-8080-exec-8] DEBUG o.s.d.m.r.query.MongoQueryCreator - Created query Query: { "recipientId" : "adminuser", "read" : false}, Fields: {}, Sort: {}
2026-03-04 09:38:28.765 [http-nio-8080-exec-1] DEBUG o.s.data.mongodb.core.MongoTemplate - Executing count: { "recipientId" : "Farmer", "read" : false} in collection: notifications
2026-03-04 09:38:28.765 [http-nio-8080-exec-8] DEBUG o.s.data.mongodb.core.MongoTemplate - Executing count: { "recipientId" : "adminuser", "read" : false} in collection: notifications
2026-03-04 09:39:28.724 [http-nio-8080-exec-5] DEBUG o.s.security.web.FilterChainProxy - Securing GET /api/notifications/unread-count
2026-03-04 09:39:28.726 [http-nio-8080-exec-5] DEBUG o.s.d.m.r.query.MongoQueryCreator - Created query Query: { "username" : "adminuser"}, Fields: {}, Sort: {}
2026-03-04 09:39:28.727 [http-nio-8080-exec-5] DEBUG o.s.data.mongodb.core.MongoTemplate - find using query: { "username" : "adminuser"} fields: Document{{}} for class: class com.agri.supplytracker.model.User in collection: users
2026-03-04 09:39:28.733 [http-nio-8080-exec-4] DEBUG o.s.security.web.FilterChainProxy - Securing GET /api/notifications/unread-count
2026-03-04 09:39:28.733 [http-nio-8080-exec-5] DEBUG o.s.security.web.FilterChainProxy - Secured GET /api/notifications/unread-count
2026-03-04 09:39:28.734 [http-nio-8080-exec-5] DEBUG o.s.d.m.r.query.MongoQueryCreator - Created query Query: { "recipientId" : "adminuser", "read" : false}, Fields: {}, Sort: {}
2026-03-04 09:39:28.734 [http-nio-8080-exec-5] DEBUG o.s.data.mongodb.core.MongoTemplate - Executing count: { "recipientId" : "adminuser", "read" : false} in collection: notifications
2026-03-04 09:39:28.738 [http-nio-8080-exec-4] DEBUG o.s.d.m.r.query.MongoQueryCreator - Created query Query: { "username" : "Farmer"}, Fields: {}, Sort: {}
2026-03-04 09:39:28.738 [http-nio-8080-exec-4] DEBUG o.s.data.mongodb.core.MongoTemplate - find using query: { "username" : "Farmer"} fields: Document{{}} for class: class com.agri.supplytracker.model.User in collection: users
2026-03-04 09:39:28.745 [http-nio-8080-exec-4] DEBUG o.s.security.web.FilterChainProxy - Secured GET /api/notifications/unread-count
2026-03-04 09:39:28.746 [http-nio-8080-exec-4] DEBUG o.s.d.m.r.query.MongoQueryCreator - Created query Query: { "recipientId" : "Farmer", "read" : false}, Fields: {}, Sort: {}
2026-03-04 09:39:28.746 [http-nio-8080-exec-4] DEBUG o.s.data.mongodb.core.MongoTemplate - Executing count: { "recipientId" : "Farmer", "read" : false} in collection: notifications
2026-03-04 09:40:28.719 [http-nio-8080-exec-3] DEBUG o.s.security.web.FilterChainProxy - Securing GET /api/notifications/unread-count
2026-03-04 09:40:28.720 [http-nio-8080-exec-6] DEBUG o.s.security.web.FilterChainProxy - Securing GET /api/notifications/unread-count
2026-03-04 09:40:28.723 [http-nio-8080-exec-6] DEBUG o.s.d.m.r.query.MongoQueryCreator - Created query Query: { "username" : "Farmer"}, Fields: {}, Sort: {}
2026-03-04 09:40:28.723 [http-nio-8080-exec-3] DEBUG o.s.d.m.r.query.MongoQueryCreator - Created query Query: { "username" : "adminuser"}, Fields: {}, Sort: {}
2026-03-04 09:40:28.724 [http-nio-8080-exec-6] DEBUG o.s.data.mongodb.core.MongoTemplate - find using query: { "username" : "Farmer"} fields: Document{{}} for class: class com.agri.supplytracker.model.User in collection: users
2026-03-04 09:40:28.724 [http-nio-8080-exec-3] DEBUG o.s.data.mongodb.core.MongoTemplate - find using query: { "username" : "adminuser"} fields: Document{{}} for class: class com.agri.supplytracker.model.User in collection: users
2026-03-04 09:40:28.729 [http-nio-8080-exec-6] DEBUG o.s.security.web.FilterChainProxy - Secured GET /api/notifications/unread-count
2026-03-04 09:40:28.729 [http-nio-8080-exec-3] DEBUG o.s.security.web.FilterChainProxy - Secured GET /api/notifications/unread-count
2026-03-04 09:40:28.729 [http-nio-8080-exec-6] DEBUG o.s.d.m.r.query.MongoQueryCreator - Created query Query: { "recipientId" : "Farmer", "read" : false}, Fields: {}, Sort: {}
2026-03-04 09:40:28.729 [http-nio-8080-exec-3] DEBUG o.s.d.m.r.query.MongoQueryCreator - Created query Query: { "recipientId" : "adminuser", "read" : false}, Fields: {}, Sort: {}
2026-03-04 09:40:28.730 [http-nio-8080-exec-6] DEBUG o.s.data.mongodb.core.MongoTemplate - Executing count: { "recipientId" : "Farmer", "read" : false} in collection: notifications
2026-03-04 09:40:28.730 [http-nio-8080-exec-3] DEBUG o.s.data.mongodb.core.MongoTemplate - Executing count: { "recipientId" : "adminuser", "read" : false} in collection: notifications
2026-03-04 09:41:28.725 [http-nio-8080-exec-9] DEBUG o.s.security.web.FilterChainProxy - Securing GET /api/notifications/unread-count
2026-03-04 09:41:28.726 [http-nio-8080-exec-10] DEBUG o.s.security.web.FilterChainProxy - Securing GET /api/notifications/unread-count
2026-03-04 09:41:28.730 [http-nio-8080-exec-10] DEBUG o.s.d.m.r.query.MongoQueryCreator - Created query Query: { "username" : "Farmer"}, Fields: {}, Sort: {}
2026-03-04 09:41:28.730 [http-nio-8080-exec-9] DEBUG o.s.d.m.r.query.MongoQueryCreator - Created query Query: { "username" : "adminuser"}, Fields: {}, Sort: {}
2026-03-04 09:41:28.730 [http-nio-8080-exec-10] DEBUG o.s.data.mongodb.core.MongoTemplate - find using query: { "username" : "Farmer"} fields: Document{{}} for class: class com.agri.supplytracker.model.User in collection: users
2026-03-04 09:41:28.731 [http-nio-8080-exec-9] DEBUG o.s.data.mongodb.core.MongoTemplate - find using query: { "username" : "adminuser"} fields: Document{{}} for class: class com.agri.supplytracker.model.User in collection: users
2026-03-04 09:41:28.736 [http-nio-8080-exec-10] DEBUG o.s.security.web.FilterChainProxy - Secured GET /api/notifications/unread-count
2026-03-04 09:41:28.737 [http-nio-8080-exec-9] DEBUG o.s.security.web.FilterChainProxy - Secured GET /api/notifications/unread-count
2026-03-04 09:41:28.737 [http-nio-8080-exec-10] DEBUG o.s.d.m.r.query.MongoQueryCreator - Created query Query: { "recipientId" : "Farmer", "read" : false}, Fields: {}, Sort: {}
2026-03-04 09:41:28.737 [http-nio-8080-exec-9] DEBUG o.s.d.m.r.query.MongoQueryCreator - Created query Query: { "recipientId" : "adminuser", "read" : false}, Fields: {}, Sort: {}
2026-03-04 09:41:28.737 [http-nio-8080-exec-10] DEBUG o.s.data.mongodb.core.MongoTemplate - Executing count: { "recipientId" : "Farmer", "read" : false} in collection: notifications
2026-03-04 09:41:28.737 [http-nio-8080-exec-9] DEBUG o.s.data.mongodb.core.MongoTemplate - Executing count: { "recipientId" : "adminuser", "read" : false} in collection: notifications
2026-03-04 09:42:28.741 [http-nio-8080-exec-7] DEBUG o.s.security.web.FilterChainProxy - Securing GET /api/notifications/unread-count
2026-03-04 09:42:28.741 [http-nio-8080-exec-2] DEBUG o.s.security.web.FilterChainProxy - Securing GET /api/notifications/unread-count
2026-03-04 09:42:28.745 [http-nio-8080-exec-7] DEBUG o.s.d.m.r.query.MongoQueryCreator - Created query Query: { "username" : "adminuser"}, Fields: {}, Sort: {}
2026-03-04 09:42:28.745 [http-nio-8080-exec-2] DEBUG o.s.d.m.r.query.MongoQueryCreator - Created query Query: { "username" : "Farmer"}, Fields: {}, Sort: {}
2026-03-04 09:42:28.745 [http-nio-8080-exec-7] DEBUG o.s.data.mongodb.core.MongoTemplate - find using query: { "username" : "adminuser"} fields: Document{{}} for class: class com.agri.supplytracker.model.User in collection: users
2026-03-04 09:42:28.745 [http-nio-8080-exec-2] DEBUG o.s.data.mongodb.core.MongoTemplate - find using query: { "username" : "Farmer"} fields: Document{{}} for class: class com.agri.supplytracker.model.User in collection: users
2026-03-04 09:42:28.750 [http-nio-8080-exec-2] DEBUG o.s.security.web.FilterChainProxy - Secured GET /api/notifications/unread-count
2026-03-04 09:42:28.750 [http-nio-8080-exec-7] DEBUG o.s.security.web.FilterChainProxy - Secured GET /api/notifications/unread-count
2026-03-04 09:42:28.751 [http-nio-8080-exec-2] DEBUG o.s.d.m.r.query.MongoQueryCreator - Created query Query: { "recipientId" : "Farmer", "read" : false}, Fields: {}, Sort: {}
2026-03-04 09:42:28.751 [http-nio-8080-exec-7] DEBUG o.s.d.m.r.query.MongoQueryCreator - Created query Query: { "recipientId" : "adminuser", "read" : false}, Fields: {}, Sort: {}
2026-03-04 09:42:28.751 [http-nio-8080-exec-7] DEBUG o.s.data.mongodb.core.MongoTemplate - Executing count: { "recipientId" : "adminuser", "read" : false} in collection: notifications
2026-03-04 09:42:28.751 [http-nio-8080-exec-2] DEBUG o.s.data.mongodb.core.MongoTemplate - Executing count: { "recipientId" : "Farmer", "read" : false} in collection: notifications
2026-03-04 09:43:28.730 [http-nio-8080-exec-1] DEBUG o.s.security.web.FilterChainProxy - Securing GET /api/notifications/unread-count
2026-03-04 09:43:28.734 [http-nio-8080-exec-1] DEBUG o.s.d.m.r.query.MongoQueryCreator - Created query Query: { "username" : "Farmer"}, Fields: {}, Sort: {}
2026-03-04 09:43:28.734 [http-nio-8080-exec-1] DEBUG o.s.data.mongodb.core.MongoTemplate - find using query: { "username" : "Farmer"} fields: Document{{}} for class: class com.agri.supplytracker.model.User in collection: users
2026-03-04 09:43:28.740 [http-nio-8080-exec-8] DEBUG o.s.security.web.FilterChainProxy - Securing GET /api/notifications/unread-count
2026-03-04 09:43:28.742 [http-nio-8080-exec-1] DEBUG o.s.security.web.FilterChainProxy - Secured GET /api/notifications/unread-count
2026-03-04 09:43:28.742 [http-nio-8080-exec-8] DEBUG o.s.d.m.r.query.MongoQueryCreator - Created query Query: { "username" : "adminuser"}, Fields: {}, Sort: {}
2026-03-04 09:43:28.742 [http-nio-8080-exec-1] DEBUG o.s.d.m.r.query.MongoQueryCreator - Created query Query: { "recipientId" : "Farmer", "read" : false}, Fields: {}, Sort: {}
2026-03-04 09:43:28.743 [http-nio-8080-exec-1] DEBUG o.s.data.mongodb.core.MongoTemplate - Executing count: { "recipientId" : "Farmer", "read" : false} in collection: notifications
2026-03-04 09:43:28.743 [http-nio-8080-exec-8] DEBUG o.s.data.mongodb.core.MongoTemplate - find using query: { "username" : "adminuser"} fields: Document{{}} for class: class com.agri.supplytracker.model.User in collection: users
2026-03-04 09:43:28.749 [http-nio-8080-exec-8] DEBUG o.s.security.web.FilterChainProxy - Secured GET /api/notifications/unread-count
2026-03-04 09:43:28.749 [http-nio-8080-exec-8] DEBUG o.s.d.m.r.query.MongoQueryCreator - Created query Query: { "recipientId" : "adminuser", "read" : false}, Fields: {}, Sort: {}
2026-03-04 09:43:28.750 [http-nio-8080-exec-8] DEBUG o.s.data.mongodb.core.MongoTemplate - Executing count: { "recipientId" : "adminuser", "read" : false} in collection: notifications
2026-03-04 09:44:28.735 [http-nio-8080-exec-5] DEBUG o.s.security.web.FilterChainProxy - Securing GET /api/notifications/unread-count
2026-03-04 09:44:28.736 [http-nio-8080-exec-4] DEBUG o.s.security.web.FilterChainProxy - Securing GET /api/notifications/unread-count
2026-03-04 09:44:28.738 [http-nio-8080-exec-5] DEBUG o.s.d.m.r.query.MongoQueryCreator - Created query Query: { "username" : "Farmer"}, Fields: {}, Sort: {}
2026-03-04 09:44:28.738 [http-nio-8080-exec-4] DEBUG o.s.d.m.r.query.MongoQueryCreator - Created query Query: { "username" : "adminuser"}, Fields: {}, Sort: {}
2026-03-04 09:44:28.738 [http-nio-8080-exec-5] DEBUG o.s.data.mongodb.core.MongoTemplate - find using query: { "username" : "Farmer"} fields: Document{{}} for class: class com.agri.supplytracker.model.User in collection: users
2026-03-04 09:44:28.738 [http-nio-8080-exec-4] DEBUG o.s.data.mongodb.core.MongoTemplate - find using query: { "username" : "adminuser"} fields: Document{{}} for class: class com.agri.supplytracker.model.User in collection: users
2026-03-04 09:44:28.745 [http-nio-8080-exec-5] DEBUG o.s.security.web.FilterChainProxy - Secured GET /api/notifications/unread-count
2026-03-04 09:44:28.745 [http-nio-8080-exec-4] DEBUG o.s.security.web.FilterChainProxy - Secured GET /api/notifications/unread-count
2026-03-04 09:44:28.746 [http-nio-8080-exec-4] DEBUG o.s.d.m.r.query.MongoQueryCreator - Created query Query: { "recipientId" : "adminuser", "read" : false}, Fields: {}, Sort: {}
2026-03-04 09:44:28.746 [http-nio-8080-exec-5] DEBUG o.s.d.m.r.query.MongoQueryCreator - Created query Query: { "recipientId" : "Farmer", "read" : false}, Fields: {}, Sort: {}
2026-03-04 09:44:28.746 [http-nio-8080-exec-5] DEBUG o.s.data.mongodb.core.MongoTemplate - Executing count: { "recipientId" : "Farmer", "read" : false} in collection: notifications
2026-03-04 09:44:28.746 [http-nio-8080-exec-4] DEBUG o.s.data.mongodb.core.MongoTemplate - Executing count: { "recipientId" : "adminuser", "read" : false} in collection: notifications
2026-03-04 09:45:28.737 [http-nio-8080-exec-3] DEBUG o.s.security.web.FilterChainProxy - Securing GET /api/notifications/unread-count
2026-03-04 09:45:28.737 [http-nio-8080-exec-6] DEBUG o.s.security.web.FilterChainProxy - Securing GET /api/notifications/unread-count
2026-03-04 09:45:28.741 [http-nio-8080-exec-6] DEBUG o.s.d.m.r.query.MongoQueryCreator - Created query Query: { "username" : "adminuser"}, Fields: {}, Sort: {}
2026-03-04 09:45:28.741 [http-nio-8080-exec-3] DEBUG o.s.d.m.r.query.MongoQueryCreator - Created query Query: { "username" : "Farmer"}, Fields: {}, Sort: {}
2026-03-04 09:45:28.741 [http-nio-8080-exec-3] DEBUG o.s.data.mongodb.core.MongoTemplate - find using query: { "username" : "Farmer"} fields: Document{{}} for class: class com.agri.supplytracker.model.User in collection: users
2026-03-04 09:45:28.741 [http-nio-8080-exec-6] DEBUG o.s.data.mongodb.core.MongoTemplate - find using query: { "username" : "adminuser"} fields: Document{{}} for class: class com.agri.supplytracker.model.User in collection: users
2026-03-04 09:45:28.745 [http-nio-8080-exec-6] DEBUG o.s.security.web.FilterChainProxy - Secured GET /api/notifications/unread-count
2026-03-04 09:45:28.746 [http-nio-8080-exec-3] DEBUG o.s.security.web.FilterChainProxy - Secured GET /api/notifications/unread-count
2026-03-04 09:45:28.746 [http-nio-8080-exec-3] DEBUG o.s.d.m.r.query.MongoQueryCreator - Created query Query: { "recipientId" : "Farmer", "read" : false}, Fields: {}, Sort: {}
2026-03-04 09:45:28.746 [http-nio-8080-exec-6] DEBUG o.s.d.m.r.query.MongoQueryCreator - Created query Query: { "recipientId" : "adminuser", "read" : false}, Fields: {}, Sort: {}
2026-03-04 09:45:28.746 [http-nio-8080-exec-3] DEBUG o.s.data.mongodb.core.MongoTemplate - Executing count: { "recipientId" : "Farmer", "read" : false} in collection: notifications
2026-03-04 09:45:28.746 [http-nio-8080-exec-6] DEBUG o.s.data.mongodb.core.MongoTemplate - Executing count: { "recipientId" : "adminuser", "read" : false} in collection: notifications
2026-03-04 09:46:28.731 [http-nio-8080-exec-9] DEBUG o.s.security.web.FilterChainProxy - Securing GET /api/notifications/unread-count
2026-03-04 09:46:28.734 [http-nio-8080-exec-10] DEBUG o.s.security.web.FilterChainProxy - Securing GET /api/notifications/unread-count
2026-03-04 09:46:28.735 [http-nio-8080-exec-9] DEBUG o.s.d.m.r.query.MongoQueryCreator - Created query Query: { "username" : "adminuser"}, Fields: {}, Sort: {}
2026-03-04 09:46:28.735 [http-nio-8080-exec-9] DEBUG o.s.data.mongodb.core.MongoTemplate - find using query: { "username" : "adminuser"} fields: Document{{}} for class: class com.agri.supplytracker.model.User in collection: users
2026-03-04 09:46:28.737 [http-nio-8080-exec-10] DEBUG o.s.d.m.r.query.MongoQueryCreator - Created query Query: { "username" : "Farmer"}, Fields: {}, Sort: {}
2026-03-04 09:46:28.737 [http-nio-8080-exec-10] DEBUG o.s.data.mongodb.core.MongoTemplate - find using query: { "username" : "Farmer"} fields: Document{{}} for class: class com.agri.supplytracker.model.User in collection: users
2026-03-04 09:46:28.742 [http-nio-8080-exec-10] DEBUG o.s.security.web.FilterChainProxy - Secured GET /api/notifications/unread-count
2026-03-04 09:46:28.742 [http-nio-8080-exec-9] DEBUG o.s.security.web.FilterChainProxy - Secured GET /api/notifications/unread-count
2026-03-04 09:46:28.742 [http-nio-8080-exec-10] DEBUG o.s.d.m.r.query.MongoQueryCreator - Created query Query: { "recipientId" : "Farmer", "read" : false}, Fields: {}, Sort: {}
2026-03-04 09:46:28.742 [http-nio-8080-exec-9] DEBUG o.s.d.m.r.query.MongoQueryCreator - Created query Query: { "recipientId" : "adminuser", "read" : false}, Fields: {}, Sort: {}
2026-03-04 09:46:28.743 [http-nio-8080-exec-9] DEBUG o.s.data.mongodb.core.MongoTemplate - Executing count: { "recipientId" : "adminuser", "read" : false} in collection: notifications
2026-03-04 09:46:28.743 [http-nio-8080-exec-10] DEBUG o.s.data.mongodb.core.MongoTemplate - Executing count: { "recipientId" : "Farmer", "read" : false} in collection: notifications
2026-03-04 09:47:28.732 [http-nio-8080-exec-2] DEBUG o.s.security.web.FilterChainProxy - Securing GET /api/notifications/unread-count
2026-03-04 09:47:28.735 [http-nio-8080-exec-7] DEBUG o.s.security.web.FilterChainProxy - Securing GET /api/notifications/unread-count
2026-03-04 09:47:28.737 [http-nio-8080-exec-2] DEBUG o.s.d.m.r.query.MongoQueryCreator - Created query Query: { "username" : "Farmer"}, Fields: {}, Sort: {}
2026-03-04 09:47:28.738 [http-nio-8080-exec-7] DEBUG o.s.d.m.r.query.MongoQueryCreator - Created query Query: { "username" : "adminuser"}, Fields: {}, Sort: {}
2026-03-04 09:47:28.738 [http-nio-8080-exec-2] DEBUG o.s.data.mongodb.core.MongoTemplate - find using query: { "username" : "Farmer"} fields: Document{{}} for class: class com.agri.supplytracker.model.User in collection: users
2026-03-04 09:47:28.738 [http-nio-8080-exec-7] DEBUG o.s.data.mongodb.core.MongoTemplate - find using query: { "username" : "adminuser"} fields: Document{{}} for class: class com.agri.supplytracker.model.User in collection: users
2026-03-04 09:47:28.742 [http-nio-8080-exec-2] DEBUG o.s.security.web.FilterChainProxy - Secured GET /api/notifications/unread-count
2026-03-04 09:47:28.742 [http-nio-8080-exec-7] DEBUG o.s.security.web.FilterChainProxy - Secured GET /api/notifications/unread-count
2026-03-04 09:47:28.744 [http-nio-8080-exec-7] DEBUG o.s.d.m.r.query.MongoQueryCreator - Created query Query: { "recipientId" : "adminuser", "read" : false}, Fields: {}, Sort: {}
2026-03-04 09:47:28.744 [http-nio-8080-exec-2] DEBUG o.s.d.m.r.query.MongoQueryCreator - Created query Query: { "recipientId" : "Farmer", "read" : false}, Fields: {}, Sort: {}
2026-03-04 09:47:28.744 [http-nio-8080-exec-2] DEBUG o.s.data.mongodb.core.MongoTemplate - Executing count: { "recipientId" : "Farmer", "read" : false} in collection: notifications
2026-03-04 09:47:28.744 [http-nio-8080-exec-7] DEBUG o.s.data.mongodb.core.MongoTemplate - Executing count: { "recipientId" : "adminuser", "read" : false} in collection: notifications
2026-03-04 09:48:20.977 [MessageBroker-8] INFO  o.s.w.s.c.WebSocketMessageBrokerStats - WebSocketSession[2 current WS(2)-HttpStream(0)-HttpPoll(0), 11 total, 0 closed abnormally (0 connect failure, 0 send limit, 4 transport error)], stompSubProtocol[processed CONNECT(11)-CONNECTED(11)-DISCONNECT(0)], stompBrokerRelay[null], inboundChannel[pool size = 0, active threads = 0, queued tasks = 0, completed tasks = 93], outboundChannel[pool size = 0, active threads = 0, queued tasks = 0, completed tasks = 20], sockJsScheduler[pool size = 8, active threads = 1, queued tasks = 3, completed tasks = 14949]
2026-03-04 09:48:28.729 [http-nio-8080-exec-4] DEBUG o.s.security.web.FilterChainProxy - Securing OPTIONS /api/notifications/unread-count
2026-03-04 09:48:28.734 [http-nio-8080-exec-5] DEBUG o.s.security.web.FilterChainProxy - Securing GET /api/notifications/unread-count
2026-03-04 09:48:28.738 [http-nio-8080-exec-5] DEBUG o.s.d.m.r.query.MongoQueryCreator - Created query Query: { "username" : "adminuser"}, Fields: {}, Sort: {}
2026-03-04 09:48:28.738 [http-nio-8080-exec-5] DEBUG o.s.data.mongodb.core.MongoTemplate - find using query: { "username" : "adminuser"} fields: Document{{}} for class: class com.agri.supplytracker.model.User in collection: users
2026-03-04 09:48:28.744 [http-nio-8080-exec-5] DEBUG o.s.security.web.FilterChainProxy - Secured GET /api/notifications/unread-count
2026-03-04 09:48:28.745 [http-nio-8080-exec-5] DEBUG o.s.d.m.r.query.MongoQueryCreator - Created query Query: { "recipientId" : "adminuser", "read" : false}, Fields: {}, Sort: {}
2026-03-04 09:48:28.745 [http-nio-8080-exec-5] DEBUG o.s.data.mongodb.core.MongoTemplate - Executing count: { "recipientId" : "adminuser", "read" : false} in collection: notifications
2026-03-04 09:48:28.762 [http-nio-8080-exec-6] DEBUG o.s.security.web.FilterChainProxy - Securing OPTIONS /api/notifications/unread-count
2026-03-04 09:48:28.766 [http-nio-8080-exec-3] DEBUG o.s.security.web.FilterChainProxy - Securing GET /api/notifications/unread-count
2026-03-04 09:48:28.768 [http-nio-8080-exec-3] DEBUG o.s.d.m.r.query.MongoQueryCreator - Created query Query: { "username" : "Farmer"}, Fields: {}, Sort: {}
2026-03-04 09:48:28.769 [http-nio-8080-exec-3] DEBUG o.s.data.mongodb.core.MongoTemplate - find using query: { "username" : "Farmer"} fields: Document{{}} for class: class com.agri.supplytracker.model.User in collection: users
2026-03-04 09:48:28.774 [http-nio-8080-exec-3] DEBUG o.s.security.web.FilterChainProxy - Secured GET /api/notifications/unread-count
2026-03-04 09:48:28.775 [http-nio-8080-exec-3] DEBUG o.s.d.m.r.query.MongoQueryCreator - Created query Query: { "recipientId" : "Farmer", "read" : false}, Fields: {}, Sort: {}
2026-03-04 09:48:28.775 [http-nio-8080-exec-3] DEBUG o.s.data.mongodb.core.MongoTemplate - Executing count: { "recipientId" : "Farmer", "read" : false} in collection: notifications
2026-03-04 09:49:28.728 [http-nio-8080-exec-10] DEBUG o.s.security.web.FilterChainProxy - Securing GET /api/notifications/unread-count
2026-03-04 09:49:28.731 [http-nio-8080-exec-10] DEBUG o.s.d.m.r.query.MongoQueryCreator - Created query Query: { "username" : "Farmer"}, Fields: {}, Sort: {}
2026-03-04 09:49:28.731 [http-nio-8080-exec-10] DEBUG o.s.data.mongodb.core.MongoTemplate - find using query: { "username" : "Farmer"} fields: Document{{}} for class: class com.agri.supplytracker.model.User in collection: users
2026-03-04 09:49:28.737 [http-nio-8080-exec-10] DEBUG o.s.security.web.FilterChainProxy - Secured GET /api/notifications/unread-count
2026-03-04 09:49:28.738 [http-nio-8080-exec-10] DEBUG o.s.d.m.r.query.MongoQueryCreator - Created query Query: { "recipientId" : "Farmer", "read" : false}, Fields: {}, Sort: {}
2026-03-04 09:49:28.738 [http-nio-8080-exec-10] DEBUG o.s.data.mongodb.core.MongoTemplate - Executing count: { "recipientId" : "Farmer", "read" : false} in collection: notifications
2026-03-04 09:49:28.741 [http-nio-8080-exec-9] DEBUG o.s.security.web.FilterChainProxy - Securing GET /api/notifications/unread-count
2026-03-04 09:49:28.744 [http-nio-8080-exec-9] DEBUG o.s.d.m.r.query.MongoQueryCreator - Created query Query: { "username" : "adminuser"}, Fields: {}, Sort: {}
2026-03-04 09:49:28.744 [http-nio-8080-exec-9] DEBUG o.s.data.mongodb.core.MongoTemplate - find using query: { "username" : "adminuser"} fields: Document{{}} for class: class com.agri.supplytracker.model.User in collection: users
2026-03-04 09:49:28.751 [http-nio-8080-exec-9] DEBUG o.s.security.web.FilterChainProxy - Secured GET /api/notifications/unread-count
2026-03-04 09:49:28.752 [http-nio-8080-exec-9] DEBUG o.s.d.m.r.query.MongoQueryCreator - Created query Query: { "recipientId" : "adminuser", "read" : false}, Fields: {}, Sort: {}
2026-03-04 09:49:28.753 [http-nio-8080-exec-9] DEBUG o.s.data.mongodb.core.MongoTemplate - Executing count: { "recipientId" : "adminuser", "read" : false} in collection: notifications
2026-03-04 09:50:28.736 [http-nio-8080-exec-7] DEBUG o.s.security.web.FilterChainProxy - Securing GET /api/notifications/unread-count
2026-03-04 09:50:28.737 [http-nio-8080-exec-2] DEBUG o.s.security.web.FilterChainProxy - Securing GET /api/notifications/unread-count
2026-03-04 09:50:28.738 [http-nio-8080-exec-7] DEBUG o.s.d.m.r.query.MongoQueryCreator - Created query Query: { "username" : "Farmer"}, Fields: {}, Sort: {}
2026-03-04 09:50:28.738 [http-nio-8080-exec-2] DEBUG o.s.d.m.r.query.MongoQueryCreator - Created query Query: { "username" : "adminuser"}, Fields: {}, Sort: {}
2026-03-04 09:50:28.738 [http-nio-8080-exec-7] DEBUG o.s.data.mongodb.core.MongoTemplate - find using query: { "username" : "Farmer"} fields: Document{{}} for class: class com.agri.supplytracker.model.User in collection: users
2026-03-04 09:50:28.738 [http-nio-8080-exec-2] DEBUG o.s.data.mongodb.core.MongoTemplate - find using query: { "username" : "adminuser"} fields: Document{{}} for class: class com.agri.supplytracker.model.User in collection: users
2026-03-04 09:50:28.744 [http-nio-8080-exec-7] DEBUG o.s.security.web.FilterChainProxy - Secured GET /api/notifications/unread-count
2026-03-04 09:50:28.744 [http-nio-8080-exec-2] DEBUG o.s.security.web.FilterChainProxy - Secured GET /api/notifications/unread-count
2026-03-04 09:50:28.744 [http-nio-8080-exec-7] DEBUG o.s.d.m.r.query.MongoQueryCreator - Created query Query: { "recipientId" : "Farmer", "read" : false}, Fields: {}, Sort: {}
2026-03-04 09:50:28.744 [http-nio-8080-exec-2] DEBUG o.s.d.m.r.query.MongoQueryCreator - Created query Query: { "recipientId" : "adminuser", "read" : false}, Fields: {}, Sort: {}
2026-03-04 09:50:28.747 [http-nio-8080-exec-7] DEBUG o.s.data.mongodb.core.MongoTemplate - Executing count: { "recipientId" : "Farmer", "read" : false} in collection: notifications
2026-03-04 09:50:28.748 [http-nio-8080-exec-2] DEBUG o.s.data.mongodb.core.MongoTemplate - Executing count: { "recipientId" : "adminuser", "read" : false} in collection: notifications
2026-03-04 09:51:28.427 [http-nio-8080-exec-1] DEBUG o.s.security.web.FilterChainProxy - Securing GET /api/notifications/unread-count
2026-03-04 09:51:28.429 [http-nio-8080-exec-1] DEBUG o.s.d.m.r.query.MongoQueryCreator - Created query Query: { "username" : "Farmer"}, Fields: {}, Sort: {}
2026-03-04 09:51:28.429 [http-nio-8080-exec-1] DEBUG o.s.data.mongodb.core.MongoTemplate - find using query: { "username" : "Farmer"} fields: Document{{}} for class: class com.agri.supplytracker.model.User in collection: users
2026-03-04 09:51:28.435 [http-nio-8080-exec-1] DEBUG o.s.security.web.FilterChainProxy - Secured GET /api/notifications/unread-count
2026-03-04 09:51:28.436 [http-nio-8080-exec-1] DEBUG o.s.d.m.r.query.MongoQueryCreator - Created query Query: { "recipientId" : "Farmer", "read" : false}, Fields: {}, Sort: {}
2026-03-04 09:51:28.436 [http-nio-8080-exec-1] DEBUG o.s.data.mongodb.core.MongoTemplate - Executing count: { "recipientId" : "Farmer", "read" : false} in collection: notifications
2026-03-04 09:51:28.727 [http-nio-8080-exec-8] DEBUG o.s.security.web.FilterChainProxy - Securing GET /api/notifications/unread-count
2026-03-04 09:51:28.731 [http-nio-8080-exec-8] DEBUG o.s.d.m.r.query.MongoQueryCreator - Created query Query: { "username" : "adminuser"}, Fields: {}, Sort: {}
2026-03-04 09:51:28.731 [http-nio-8080-exec-8] DEBUG o.s.data.mongodb.core.MongoTemplate - find using query: { "username" : "adminuser"} fields: Document{{}} for class: class com.agri.supplytracker.model.User in collection: users
2026-03-04 09:51:28.740 [http-nio-8080-exec-8] DEBUG o.s.security.web.FilterChainProxy - Secured GET /api/notifications/unread-count
2026-03-04 09:51:28.743 [http-nio-8080-exec-8] DEBUG o.s.d.m.r.query.MongoQueryCreator - Created query Query: { "recipientId" : "adminuser", "read" : false}, Fields: {}, Sort: {}
2026-03-04 09:51:28.747 [http-nio-8080-exec-8] DEBUG o.s.data.mongodb.core.MongoTemplate - Executing count: { "recipientId" : "adminuser", "read" : false} in collection: notifications
2026-03-04 09:51:30.618 [http-nio-8080-exec-5] DEBUG o.s.security.web.FilterChainProxy - Securing GET /api/notifications
2026-03-04 09:51:30.620 [http-nio-8080-exec-6] DEBUG o.s.security.web.FilterChainProxy - Securing GET /api/products?page=0&size=10&sortBy=name&sortDir=asc
2026-03-04 09:51:30.621 [http-nio-8080-exec-5] DEBUG o.s.d.m.r.query.MongoQueryCreator - Created query Query: { "username" : "Farmer"}, Fields: {}, Sort: {}
2026-03-04 09:51:30.621 [http-nio-8080-exec-3] DEBUG o.s.security.web.FilterChainProxy - Securing GET /api/products/stats
2026-03-04 09:51:30.621 [http-nio-8080-exec-5] DEBUG o.s.data.mongodb.core.MongoTemplate - find using query: { "username" : "Farmer"} fields: Document{{}} for class: class com.agri.supplytracker.model.User in collection: users
2026-03-04 09:51:30.622 [http-nio-8080-exec-10] DEBUG o.s.security.web.FilterChainProxy - Securing GET /api/farms
2026-03-04 09:51:30.623 [http-nio-8080-exec-3] DEBUG o.s.d.m.r.query.MongoQueryCreator - Created query Query: { "username" : "Farmer"}, Fields: {}, Sort: {}
2026-03-04 09:51:30.623 [http-nio-8080-exec-6] DEBUG o.s.d.m.r.query.MongoQueryCreator - Created query Query: { "username" : "Farmer"}, Fields: {}, Sort: {}
2026-03-04 09:51:30.623 [http-nio-8080-exec-3] DEBUG o.s.data.mongodb.core.MongoTemplate - find using query: { "username" : "Farmer"} fields: Document{{}} for class: class com.agri.supplytracker.model.User in collection: users
2026-03-04 09:51:30.625 [http-nio-8080-exec-10] DEBUG o.s.d.m.r.query.MongoQueryCreator - Created query Query: { "username" : "Farmer"}, Fields: {}, Sort: {}
2026-03-04 09:51:30.625 [http-nio-8080-exec-6] DEBUG o.s.data.mongodb.core.MongoTemplate - find using query: { "username" : "Farmer"} fields: Document{{}} for class: class com.agri.supplytracker.model.User in collection: users
2026-03-04 09:51:30.626 [http-nio-8080-exec-10] DEBUG o.s.data.mongodb.core.MongoTemplate - find using query: { "username" : "Farmer"} fields: Document{{}} for class: class com.agri.supplytracker.model.User in collection: users
2026-03-04 09:51:30.627 [http-nio-8080-exec-5] DEBUG o.s.security.web.FilterChainProxy - Secured GET /api/notifications
2026-03-04 09:51:30.628 [http-nio-8080-exec-5] DEBUG o.s.d.m.r.query.MongoQueryCreator - Created query Query: { "recipientId" : "Farmer"}, Fields: {}, Sort: {}
2026-03-04 09:51:30.630 [http-nio-8080-exec-3] DEBUG o.s.security.web.FilterChainProxy - Secured GET /api/products/stats
2026-03-04 09:51:30.630 [http-nio-8080-exec-6] DEBUG o.s.security.web.FilterChainProxy - Secured GET /api/products?page=0&size=10&sortBy=name&sortDir=asc
2026-03-04 09:51:30.635 [http-nio-8080-exec-10] DEBUG o.s.security.web.FilterChainProxy - Secured GET /api/farms
2026-03-04 09:51:30.638 [http-nio-8080-exec-5] DEBUG o.s.data.mongodb.core.MongoTemplate - find using query: { "recipientId" : "Farmer"} fields: Document{{}} for class: class com.agri.supplytracker.model.Notification in collection: notifications
2026-03-04 09:51:30.642 [http-nio-8080-exec-9] DEBUG o.s.security.web.FilterChainProxy - Securing GET /ws/notifications/info?t=1772635890636
2026-03-04 09:51:30.646 [http-nio-8080-exec-3] DEBUG o.s.data.mongodb.core.MongoTemplate - find using query: {} fields: Document{{}} for class: class com.agri.supplytracker.model.Product in collection: products
2026-03-04 09:51:30.647 [http-nio-8080-exec-10] DEBUG o.s.data.mongodb.core.MongoTemplate - find using query: {} fields: Document{{}} for class: class com.agri.supplytracker.model.Farm in collection: farms
2026-03-04 09:51:30.647 [http-nio-8080-exec-9] DEBUG o.s.s.w.a.AnonymousAuthenticationFilter - Set SecurityContextHolder to anonymous SecurityContext
2026-03-04 09:51:30.652 [http-nio-8080-exec-9] DEBUG o.s.security.web.FilterChainProxy - Secured GET /ws/notifications/info?t=1772635890636
2026-03-04 09:51:30.657 [http-nio-8080-exec-6] DEBUG o.s.data.mongodb.core.MongoTemplate - Executing count: {} in collection: products
2026-03-04 09:51:30.663 [http-nio-8080-exec-6] DEBUG o.s.data.mongodb.core.MongoTemplate - find using query: {} fields: Document{{}} for class: class com.agri.supplytracker.model.Product in collection: products
2026-03-04 09:51:30.668 [http-nio-8080-exec-7] DEBUG o.s.security.web.FilterChainProxy - Securing GET /ws/notifications/838/lttf50vu/websocket
2026-03-04 09:51:30.669 [http-nio-8080-exec-7] DEBUG o.s.s.w.a.AnonymousAuthenticationFilter - Set SecurityContextHolder to anonymous SecurityContext
2026-03-04 09:51:30.671 [http-nio-8080-exec-7] DEBUG o.s.security.web.FilterChainProxy - Secured GET /ws/notifications/838/lttf50vu/websocket
2026-03-04 09:51:49.312 [http-nio-8080-exec-8] DEBUG o.s.security.web.FilterChainProxy - Securing OPTIONS /api/detection/detect
2026-03-04 09:51:49.318 [http-nio-8080-exec-4] DEBUG o.s.security.web.FilterChainProxy - Securing POST /api/detection/detect
2026-03-04 09:51:49.323 [http-nio-8080-exec-4] DEBUG o.s.d.m.r.query.MongoQueryCreator - Created query Query: { "username" : "Farmer"}, Fields: {}, Sort: {}
2026-03-04 09:51:49.324 [http-nio-8080-exec-4] DEBUG o.s.data.mongodb.core.MongoTemplate - find using query: { "username" : "Farmer"} fields: Document{{}} for class: class com.agri.supplytracker.model.User in collection: users
2026-03-04 09:51:49.332 [http-nio-8080-exec-4] DEBUG o.s.security.web.FilterChainProxy - Secured POST /api/detection/detect
2026-03-04 09:51:49.471 [http-nio-8080-exec-4] DEBUG o.s.s.a.m.AuthorizationManagerBeforeMethodInterceptor - Authorizing method invocation ReflectiveMethodInvocation: public org.springframework.http.ResponseEntity com.agri.supplytracker.controller.DetectionController.detectObjects(org.springframework.web.multipart.MultipartFile); target is of class [com.agri.supplytracker.controller.DetectionController]
2026-03-04 09:51:49.562 [http-nio-8080-exec-4] DEBUG o.s.s.a.m.AuthorizationManagerBeforeMethodInterceptor - Authorized method invocation ReflectiveMethodInvocation: public org.springframework.http.ResponseEntity com.agri.supplytracker.controller.DetectionController.detectObjects(org.springframework.web.multipart.MultipartFile); target is of class [com.agri.supplytracker.controller.DetectionController]
2026-03-04 09:51:52.754 [http-nio-8080-exec-5] DEBUG o.s.security.web.FilterChainProxy - Securing OPTIONS /api/detection/quality-check
2026-03-04 09:51:52.759 [http-nio-8080-exec-10] DEBUG o.s.security.web.FilterChainProxy - Securing POST /api/detection/quality-check
2026-03-04 09:51:52.761 [http-nio-8080-exec-10] DEBUG o.s.d.m.r.query.MongoQueryCreator - Created query Query: { "username" : "Farmer"}, Fields: {}, Sort: {}
2026-03-04 09:51:52.762 [http-nio-8080-exec-10] DEBUG o.s.data.mongodb.core.MongoTemplate - find using query: { "username" : "Farmer"} fields: Document{{}} for class: class com.agri.supplytracker.model.User in collection: users
2026-03-04 09:51:52.770 [http-nio-8080-exec-10] DEBUG o.s.security.web.FilterChainProxy - Secured POST /api/detection/quality-check
2026-03-04 09:51:52.782 [http-nio-8080-exec-10] DEBUG o.s.s.a.m.AuthorizationManagerBeforeMethodInterceptor - Authorizing method invocation ReflectiveMethodInvocation: public org.springframework.http.ResponseEntity com.agri.supplytracker.controller.DetectionController.qualityCheck(org.springframework.web.multipart.MultipartFile); target is of class [com.agri.supplytracker.controller.DetectionController]
2026-03-04 09:51:52.783 [http-nio-8080-exec-10] DEBUG o.s.s.a.m.AuthorizationManagerBeforeMethodInterceptor - Authorized method invocation ReflectiveMethodInvocation: public org.springframework.http.ResponseEntity com.agri.supplytracker.controller.DetectionController.qualityCheck(org.springframework.web.multipart.MultipartFile); target is of class [com.agri.supplytracker.controller.DetectionController]
2026-03-04 09:52:00.730 [http-nio-8080-exec-9] DEBUG o.s.security.web.FilterChainProxy - Securing GET /api/notifications/unread-count
2026-03-04 09:52:00.732 [http-nio-8080-exec-9] DEBUG o.s.d.m.r.query.MongoQueryCreator - Created query Query: { "username" : "Farmer"}, Fields: {}, Sort: {}
2026-03-04 09:52:00.732 [http-nio-8080-exec-9] DEBUG o.s.data.mongodb.core.MongoTemplate - find using query: { "username" : "Farmer"} fields: Document{{}} for class: class com.agri.supplytracker.model.User in collection: users
2026-03-04 09:52:00.736 [http-nio-8080-exec-9] DEBUG o.s.security.web.FilterChainProxy - Secured GET /api/notifications/unread-count
2026-03-04 09:52:00.736 [http-nio-8080-exec-9] DEBUG o.s.d.m.r.query.MongoQueryCreator - Created query Query: { "recipientId" : "Farmer", "read" : false}, Fields: {}, Sort: {}
2026-03-04 09:52:00.737 [http-nio-8080-exec-9] DEBUG o.s.data.mongodb.core.MongoTemplate - Executing count: { "recipientId" : "Farmer", "read" : false} in collection: notifications
2026-03-04 09:52:28.732 [http-nio-8080-exec-6] DEBUG o.s.security.web.FilterChainProxy - Securing GET /api/notifications/unread-count
2026-03-04 09:52:28.735 [http-nio-8080-exec-6] DEBUG o.s.d.m.r.query.MongoQueryCreator - Created query Query: { "username" : "adminuser"}, Fields: {}, Sort: {}
2026-03-04 09:52:28.736 [http-nio-8080-exec-6] DEBUG o.s.data.mongodb.core.MongoTemplate - find using query: { "username" : "adminuser"} fields: Document{{}} for class: class com.agri.supplytracker.model.User in collection: users
2026-03-04 09:52:28.741 [http-nio-8080-exec-6] DEBUG o.s.security.web.FilterChainProxy - Secured GET /api/notifications/unread-count
2026-03-04 09:52:28.742 [http-nio-8080-exec-6] DEBUG o.s.d.m.r.query.MongoQueryCreator - Created query Query: { "recipientId" : "adminuser", "read" : false}, Fields: {}, Sort: {}
2026-03-04 09:52:28.743 [http-nio-8080-exec-6] DEBUG o.s.data.mongodb.core.MongoTemplate - Executing count: { "recipientId" : "adminuser", "read" : false} in collection: notifications
2026-03-04 09:52:30.622 [http-nio-8080-exec-3] DEBUG o.s.security.web.FilterChainProxy - Securing GET /api/notifications/unread-count
2026-03-04 09:52:30.625 [http-nio-8080-exec-3] DEBUG o.s.d.m.r.query.MongoQueryCreator - Created query Query: { "username" : "Farmer"}, Fields: {}, Sort: {}
2026-03-04 09:52:30.625 [http-nio-8080-exec-3] DEBUG o.s.data.mongodb.core.MongoTemplate - find using query: { "username" : "Farmer"} fields: Document{{}} for class: class com.agri.supplytracker.model.User in collection: users
2026-03-04 09:52:30.632 [http-nio-8080-exec-3] DEBUG o.s.security.web.FilterChainProxy - Secured GET /api/notifications/unread-count
2026-03-04 09:52:30.633 [http-nio-8080-exec-3] DEBUG o.s.d.m.r.query.MongoQueryCreator - Created query Query: { "recipientId" : "Farmer", "read" : false}, Fields: {}, Sort: {}
2026-03-04 09:52:30.634 [http-nio-8080-exec-3] DEBUG o.s.data.mongodb.core.MongoTemplate - Executing count: { "recipientId" : "Farmer", "read" : false} in collection: notifications
2026-03-04 09:53:00.729 [http-nio-8080-exec-1] DEBUG o.s.security.web.FilterChainProxy - Securing GET /api/notifications/unread-count
2026-03-04 09:53:00.732 [http-nio-8080-exec-1] DEBUG o.s.d.m.r.query.MongoQueryCreator - Created query Query: { "username" : "Farmer"}, Fields: {}, Sort: {}
2026-03-04 09:53:00.732 [http-nio-8080-exec-1] DEBUG o.s.data.mongodb.core.MongoTemplate - find using query: { "username" : "Farmer"} fields: Document{{}} for class: class com.agri.supplytracker.model.User in collection: users
2026-03-04 09:53:00.737 [http-nio-8080-exec-1] DEBUG o.s.security.web.FilterChainProxy - Secured GET /api/notifications/unread-count
2026-03-04 09:53:00.737 [http-nio-8080-exec-1] DEBUG o.s.d.m.r.query.MongoQueryCreator - Created query Query: { "recipientId" : "Farmer", "read" : false}, Fields: {}, Sort: {}
2026-03-04 09:53:00.738 [http-nio-8080-exec-1] DEBUG o.s.data.mongodb.core.MongoTemplate - Executing count: { "recipientId" : "Farmer", "read" : false} in collection: notifications
2026-03-04 09:53:28.731 [http-nio-8080-exec-8] DEBUG o.s.security.web.FilterChainProxy - Securing GET /api/notifications/unread-count
2026-03-04 09:53:28.734 [http-nio-8080-exec-8] DEBUG o.s.d.m.r.query.MongoQueryCreator - Created query Query: { "username" : "adminuser"}, Fields: {}, Sort: {}
2026-03-04 09:53:28.735 [http-nio-8080-exec-8] DEBUG o.s.data.mongodb.core.MongoTemplate - find using query: { "username" : "adminuser"} fields: Document{{}} for class: class com.agri.supplytracker.model.User in collection: users
2026-03-04 09:53:28.739 [http-nio-8080-exec-8] DEBUG o.s.security.web.FilterChainProxy - Secured GET /api/notifications/unread-count
2026-03-04 09:53:28.741 [http-nio-8080-exec-8] DEBUG o.s.d.m.r.query.MongoQueryCreator - Created query Query: { "recipientId" : "adminuser", "read" : false}, Fields: {}, Sort: {}
2026-03-04 09:53:28.741 [http-nio-8080-exec-8] DEBUG o.s.data.mongodb.core.MongoTemplate - Executing count: { "recipientId" : "adminuser", "read" : false} in collection: notifications
2026-03-04 09:53:30.728 [http-nio-8080-exec-4] DEBUG o.s.security.web.FilterChainProxy - Securing GET /api/notifications/unread-count
2026-03-04 09:53:30.732 [http-nio-8080-exec-4] DEBUG o.s.d.m.r.query.MongoQueryCreator - Created query Query: { "username" : "Farmer"}, Fields: {}, Sort: {}
2026-03-04 09:53:30.732 [http-nio-8080-exec-4] DEBUG o.s.data.mongodb.core.MongoTemplate - find using query: { "username" : "Farmer"} fields: Document{{}} for class: class com.agri.supplytracker.model.User in collection: users
2026-03-04 09:53:30.737 [http-nio-8080-exec-4] DEBUG o.s.security.web.FilterChainProxy - Secured GET /api/notifications/unread-count
2026-03-04 09:53:30.739 [http-nio-8080-exec-4] DEBUG o.s.d.m.r.query.MongoQueryCreator - Created query Query: { "recipientId" : "Farmer", "read" : false}, Fields: {}, Sort: {}
2026-03-04 09:53:30.739 [http-nio-8080-exec-4] DEBUG o.s.data.mongodb.core.MongoTemplate - Executing count: { "recipientId" : "Farmer", "read" : false} in collection: notifications
2026-03-04 09:54:00.720 [http-nio-8080-exec-5] DEBUG o.s.security.web.FilterChainProxy - Securing GET /api/notifications/unread-count
2026-03-04 09:54:00.723 [http-nio-8080-exec-5] DEBUG o.s.d.m.r.query.MongoQueryCreator - Created query Query: { "username" : "Farmer"}, Fields: {}, Sort: {}
2026-03-04 09:54:00.723 [http-nio-8080-exec-5] DEBUG o.s.data.mongodb.core.MongoTemplate - find using query: { "username" : "Farmer"} fields: Document{{}} for class: class com.agri.supplytracker.model.User in collection: users
2026-03-04 09:54:00.727 [http-nio-8080-exec-5] DEBUG o.s.security.web.FilterChainProxy - Secured GET /api/notifications/unread-count
2026-03-04 09:54:00.728 [http-nio-8080-exec-5] DEBUG o.s.d.m.r.query.MongoQueryCreator - Created query Query: { "recipientId" : "Farmer", "read" : false}, Fields: {}, Sort: {}
2026-03-04 09:54:00.728 [http-nio-8080-exec-5] DEBUG o.s.data.mongodb.core.MongoTemplate - Executing count: { "recipientId" : "Farmer", "read" : false} in collection: notifications
2026-03-04 09:54:28.735 [http-nio-8080-exec-10] DEBUG o.s.security.web.FilterChainProxy - Securing GET /api/notifications/unread-count
2026-03-04 09:54:28.741 [http-nio-8080-exec-10] DEBUG o.s.d.m.r.query.MongoQueryCreator - Created query Query: { "username" : "adminuser"}, Fields: {}, Sort: {}
2026-03-04 09:54:28.741 [http-nio-8080-exec-10] DEBUG o.s.data.mongodb.core.MongoTemplate - find using query: { "username" : "adminuser"} fields: Document{{}} for class: class com.agri.supplytracker.model.User in collection: users
2026-03-04 09:54:28.747 [http-nio-8080-exec-10] DEBUG o.s.security.web.FilterChainProxy - Secured GET /api/notifications/unread-count
2026-03-04 09:54:28.747 [http-nio-8080-exec-10] DEBUG o.s.d.m.r.query.MongoQueryCreator - Created query Query: { "recipientId" : "adminuser", "read" : false}, Fields: {}, Sort: {}
2026-03-04 09:54:28.748 [http-nio-8080-exec-10] DEBUG o.s.data.mongodb.core.MongoTemplate - Executing count: { "recipientId" : "adminuser", "read" : false} in collection: notifications
2026-03-04 09:54:30.627 [http-nio-8080-exec-9] DEBUG o.s.security.web.FilterChainProxy - Securing GET /api/notifications/unread-count
2026-03-04 09:54:30.629 [http-nio-8080-exec-9] DEBUG o.s.d.m.r.query.MongoQueryCreator - Created query Query: { "username" : "Farmer"}, Fields: {}, Sort: {}
2026-03-04 09:54:30.630 [http-nio-8080-exec-9] DEBUG o.s.data.mongodb.core.MongoTemplate - find using query: { "username" : "Farmer"} fields: Document{{}} for class: class com.agri.supplytracker.model.User in collection: users
2026-03-04 09:54:30.635 [http-nio-8080-exec-9] DEBUG o.s.security.web.FilterChainProxy - Secured GET /api/notifications/unread-count
2026-03-04 09:54:30.637 [http-nio-8080-exec-9] DEBUG o.s.d.m.r.query.MongoQueryCreator - Created query Query: { "recipientId" : "Farmer", "read" : false}, Fields: {}, Sort: {}
2026-03-04 09:54:30.637 [http-nio-8080-exec-9] DEBUG o.s.data.mongodb.core.MongoTemplate - Executing count: { "recipientId" : "Farmer", "read" : false} in collection: notifications
2026-03-04 09:55:00.616 [http-nio-8080-exec-6] DEBUG o.s.security.web.FilterChainProxy - Securing GET /api/notifications/unread-count
2026-03-04 09:55:00.620 [http-nio-8080-exec-6] DEBUG o.s.d.m.r.query.MongoQueryCreator - Created query Query: { "username" : "Farmer"}, Fields: {}, Sort: {}
2026-03-04 09:55:00.621 [http-nio-8080-exec-6] DEBUG o.s.data.mongodb.core.MongoTemplate - find using query: { "username" : "Farmer"} fields: Document{{}} for class: class com.agri.supplytracker.model.User in collection: users
2026-03-04 09:55:00.628 [http-nio-8080-exec-6] DEBUG o.s.security.web.FilterChainProxy - Secured GET /api/notifications/unread-count
2026-03-04 09:55:00.629 [http-nio-8080-exec-6] DEBUG o.s.d.m.r.query.MongoQueryCreator - Created query Query: { "recipientId" : "Farmer", "read" : false}, Fields: {}, Sort: {}
2026-03-04 09:55:00.630 [http-nio-8080-exec-6] DEBUG o.s.data.mongodb.core.MongoTemplate - Executing count: { "recipientId" : "Farmer", "read" : false} in collection: notifications
2026-03-04 09:55:04.996 [http-nio-8080-exec-3] DEBUG o.s.security.web.FilterChainProxy - Securing POST /api/detection/quality-check
2026-03-04 09:55:04.998 [http-nio-8080-exec-3] DEBUG o.s.d.m.r.query.MongoQueryCreator - Created query Query: { "username" : "Farmer"}, Fields: {}, Sort: {}
2026-03-04 09:55:04.999 [http-nio-8080-exec-3] DEBUG o.s.data.mongodb.core.MongoTemplate - find using query: { "username" : "Farmer"} fields: Document{{}} for class: class com.agri.supplytracker.model.User in collection: users
2026-03-04 09:55:05.006 [http-nio-8080-exec-3] DEBUG o.s.security.web.FilterChainProxy - Secured POST /api/detection/quality-check
2026-03-04 09:55:05.011 [http-nio-8080-exec-3] DEBUG o.s.s.a.m.AuthorizationManagerBeforeMethodInterceptor - Authorizing method invocation ReflectiveMethodInvocation: public org.springframework.http.ResponseEntity com.agri.supplytracker.controller.DetectionController.qualityCheck(org.springframework.web.multipart.MultipartFile); target is of class [com.agri.supplytracker.controller.DetectionController]
2026-03-04 09:55:05.012 [http-nio-8080-exec-3] DEBUG o.s.s.a.m.AuthorizationManagerBeforeMethodInterceptor - Authorized method invocation ReflectiveMethodInvocation: public org.springframework.http.ResponseEntity com.agri.supplytracker.controller.DetectionController.qualityCheck(org.springframework.web.multipart.MultipartFile); target is of class [com.agri.supplytracker.controller.DetectionController]
2026-03-04 09:55:28.733 [http-nio-8080-exec-7] DEBUG o.s.security.web.FilterChainProxy - Securing GET /api/notifications/unread-count
2026-03-04 09:55:28.738 [http-nio-8080-exec-7] DEBUG o.s.d.m.r.query.MongoQueryCreator - Created query Query: { "username" : "adminuser"}, Fields: {}, Sort: {}
2026-03-04 09:55:28.738 [http-nio-8080-exec-7] DEBUG o.s.data.mongodb.core.MongoTemplate - find using query: { "username" : "adminuser"} fields: Document{{}} for class: class com.agri.supplytracker.model.User in collection: users
2026-03-04 09:55:28.744 [http-nio-8080-exec-7] DEBUG o.s.security.web.FilterChainProxy - Secured GET /api/notifications/unread-count
2026-03-04 09:55:28.746 [http-nio-8080-exec-7] DEBUG o.s.d.m.r.query.MongoQueryCreator - Created query Query: { "recipientId" : "adminuser", "read" : false}, Fields: {}, Sort: {}
2026-03-04 09:55:28.747 [http-nio-8080-exec-7] DEBUG o.s.data.mongodb.core.MongoTemplate - Executing count: { "recipientId" : "adminuser", "read" : false} in collection: notifications
2026-03-04 09:55:30.721 [http-nio-8080-exec-2] DEBUG o.s.security.web.FilterChainProxy - Securing GET /api/notifications/unread-count
2026-03-04 09:55:30.723 [http-nio-8080-exec-2] DEBUG o.s.d.m.r.query.MongoQueryCreator - Created query Query: { "username" : "Farmer"}, Fields: {}, Sort: {}
2026-03-04 09:55:30.723 [http-nio-8080-exec-2] DEBUG o.s.data.mongodb.core.MongoTemplate - find using query: { "username" : "Farmer"} fields: Document{{}} for class: class com.agri.supplytracker.model.User in collection: users
2026-03-04 09:55:30.728 [http-nio-8080-exec-2] DEBUG o.s.security.web.FilterChainProxy - Secured GET /api/notifications/unread-count
2026-03-04 09:55:30.729 [http-nio-8080-exec-2] DEBUG o.s.d.m.r.query.MongoQueryCreator - Created query Query: { "recipientId" : "Farmer", "read" : false}, Fields: {}, Sort: {}
2026-03-04 09:55:30.729 [http-nio-8080-exec-2] DEBUG o.s.data.mongodb.core.MongoTemplate - Executing count: { "recipientId" : "Farmer", "read" : false} in collection: notifications
2026-03-04 09:56:00.724 [http-nio-8080-exec-1] DEBUG o.s.security.web.FilterChainProxy - Securing GET /api/notifications/unread-count
2026-03-04 09:56:00.727 [http-nio-8080-exec-1] DEBUG o.s.d.m.r.query.MongoQueryCreator - Created query Query: { "username" : "Farmer"}, Fields: {}, Sort: {}
2026-03-04 09:56:00.727 [http-nio-8080-exec-1] DEBUG o.s.data.mongodb.core.MongoTemplate - find using query: { "username" : "Farmer"} fields: Document{{}} for class: class com.agri.supplytracker.model.User in collection: users
2026-03-04 09:56:00.731 [http-nio-8080-exec-1] DEBUG o.s.security.web.FilterChainProxy - Secured GET /api/notifications/unread-count
2026-03-04 09:56:00.732 [http-nio-8080-exec-1] DEBUG o.s.d.m.r.query.MongoQueryCreator - Created query Query: { "recipientId" : "Farmer", "read" : false}, Fields: {}, Sort: {}
2026-03-04 09:56:00.732 [http-nio-8080-exec-1] DEBUG o.s.data.mongodb.core.MongoTemplate - Executing count: { "recipientId" : "Farmer", "read" : false} in collection: notifications
2026-03-04 09:56:28.735 [http-nio-8080-exec-8] DEBUG o.s.security.web.FilterChainProxy - Securing GET /api/notifications/unread-count
2026-03-04 09:56:28.738 [http-nio-8080-exec-8] DEBUG o.s.d.m.r.query.MongoQueryCreator - Created query Query: { "username" : "adminuser"}, Fields: {}, Sort: {}
2026-03-04 09:56:28.739 [http-nio-8080-exec-8] DEBUG o.s.data.mongodb.core.MongoTemplate - find using query: { "username" : "adminuser"} fields: Document{{}} for class: class com.agri.supplytracker.model.User in collection: users
2026-03-04 09:56:28.745 [http-nio-8080-exec-8] DEBUG o.s.security.web.FilterChainProxy - Secured GET /api/notifications/unread-count
2026-03-04 09:56:28.746 [http-nio-8080-exec-8] DEBUG o.s.d.m.r.query.MongoQueryCreator - Created query Query: { "recipientId" : "adminuser", "read" : false}, Fields: {}, Sort: {}
2026-03-04 09:56:28.746 [http-nio-8080-exec-8] DEBUG o.s.data.mongodb.core.MongoTemplate - Executing count: { "recipientId" : "adminuser", "read" : false} in collection: notifications
2026-03-04 09:57:01.733 [http-nio-8080-exec-5] DEBUG o.s.security.web.FilterChainProxy - Securing GET /api/notifications/unread-count
2026-03-04 09:57:01.736 [http-nio-8080-exec-5] DEBUG o.s.d.m.r.query.MongoQueryCreator - Created query Query: { "username" : "Farmer"}, Fields: {}, Sort: {}
2026-03-04 09:57:01.737 [http-nio-8080-exec-5] DEBUG o.s.data.mongodb.core.MongoTemplate - find using query: { "username" : "Farmer"} fields: Document{{}} for class: class com.agri.supplytracker.model.User in collection: users
2026-03-04 09:57:01.740 [http-nio-8080-exec-5] DEBUG o.s.security.web.FilterChainProxy - Secured GET /api/notifications/unread-count
2026-03-04 09:57:01.741 [http-nio-8080-exec-5] DEBUG o.s.d.m.r.query.MongoQueryCreator - Created query Query: { "recipientId" : "Farmer", "read" : false}, Fields: {}, Sort: {}
2026-03-04 09:57:01.741 [http-nio-8080-exec-5] DEBUG o.s.data.mongodb.core.MongoTemplate - Executing count: { "recipientId" : "Farmer", "read" : false} in collection: notifications
2026-03-04 09:57:28.727 [http-nio-8080-exec-10] DEBUG o.s.security.web.FilterChainProxy - Securing GET /api/notifications/unread-count
2026-03-04 09:57:28.730 [http-nio-8080-exec-10] DEBUG o.s.d.m.r.query.MongoQueryCreator - Created query Query: { "username" : "adminuser"}, Fields: {}, Sort: {}
2026-03-04 09:57:28.731 [http-nio-8080-exec-10] DEBUG o.s.data.mongodb.core.MongoTemplate - find using query: { "username" : "adminuser"} fields: Document{{}} for class: class com.agri.supplytracker.model.User in collection: users
2026-03-04 09:57:28.736 [http-nio-8080-exec-10] DEBUG o.s.security.web.FilterChainProxy - Secured GET /api/notifications/unread-count
2026-03-04 09:57:28.737 [http-nio-8080-exec-10] DEBUG o.s.d.m.r.query.MongoQueryCreator - Created query Query: { "recipientId" : "adminuser", "read" : false}, Fields: {}, Sort: {}
2026-03-04 09:57:28.737 [http-nio-8080-exec-10] DEBUG o.s.data.mongodb.core.MongoTemplate - Executing count: { "recipientId" : "adminuser", "read" : false} in collection: notifications
2026-03-04 09:58:02.732 [http-nio-8080-exec-6] DEBUG o.s.security.web.FilterChainProxy - Securing GET /api/notifications/unread-count
2026-03-04 09:58:02.735 [http-nio-8080-exec-6] DEBUG o.s.d.m.r.query.MongoQueryCreator - Created query Query: { "username" : "Farmer"}, Fields: {}, Sort: {}
2026-03-04 09:58:02.735 [http-nio-8080-exec-6] DEBUG o.s.data.mongodb.core.MongoTemplate - find using query: { "username" : "Farmer"} fields: Document{{}} for class: class com.agri.supplytracker.model.User in collection: users
2026-03-04 09:58:02.739 [http-nio-8080-exec-6] DEBUG o.s.security.web.FilterChainProxy - Secured GET /api/notifications/unread-count
2026-03-04 09:58:02.739 [http-nio-8080-exec-6] DEBUG o.s.d.m.r.query.MongoQueryCreator - Created query Query: { "recipientId" : "Farmer", "read" : false}, Fields: {}, Sort: {}
2026-03-04 09:58:02.741 [http-nio-8080-exec-6] DEBUG o.s.data.mongodb.core.MongoTemplate - Executing count: { "recipientId" : "Farmer", "read" : false} in collection: notifications
2026-03-04 09:58:28.724 [http-nio-8080-exec-3] DEBUG o.s.security.web.FilterChainProxy - Securing GET /api/notifications/unread-count
2026-03-04 09:58:28.727 [http-nio-8080-exec-3] DEBUG o.s.d.m.r.query.MongoQueryCreator - Created query Query: { "username" : "adminuser"}, Fields: {}, Sort: {}
2026-03-04 09:58:28.727 [http-nio-8080-exec-3] DEBUG o.s.data.mongodb.core.MongoTemplate - find using query: { "username" : "adminuser"} fields: Document{{}} for class: class com.agri.supplytracker.model.User in collection: users
2026-03-04 09:58:28.732 [http-nio-8080-exec-3] DEBUG o.s.security.web.FilterChainProxy - Secured GET /api/notifications/unread-count
2026-03-04 09:58:28.733 [http-nio-8080-exec-3] DEBUG o.s.d.m.r.query.MongoQueryCreator - Created query Query: { "recipientId" : "adminuser", "read" : false}, Fields: {}, Sort: {}
2026-03-04 09:58:28.733 [http-nio-8080-exec-3] DEBUG o.s.data.mongodb.core.MongoTemplate - Executing count: { "recipientId" : "adminuser", "read" : false} in collection: notifications
2026-03-04 09:59:03.723 [http-nio-8080-exec-2] DEBUG o.s.security.web.FilterChainProxy - Securing GET /api/notifications/unread-count
2026-03-04 09:59:03.728 [http-nio-8080-exec-2] DEBUG o.s.d.m.r.query.MongoQueryCreator - Created query Query: { "username" : "Farmer"}, Fields: {}, Sort: {}
2026-03-04 09:59:03.729 [http-nio-8080-exec-2] DEBUG o.s.data.mongodb.core.MongoTemplate - find using query: { "username" : "Farmer"} fields: Document{{}} for class: class com.agri.supplytracker.model.User in collection: users
2026-03-04 09:59:03.734 [http-nio-8080-exec-2] DEBUG o.s.security.web.FilterChainProxy - Secured GET /api/notifications/unread-count
2026-03-04 09:59:03.734 [http-nio-8080-exec-2] DEBUG o.s.d.m.r.query.MongoQueryCreator - Created query Query: { "recipientId" : "Farmer", "read" : false}, Fields: {}, Sort: {}
2026-03-04 09:59:03.735 [http-nio-8080-exec-2] DEBUG o.s.data.mongodb.core.MongoTemplate - Executing count: { "recipientId" : "Farmer", "read" : false} in collection: notifications
2026-03-04 09:59:28.725 [http-nio-8080-exec-1] DEBUG o.s.security.web.FilterChainProxy - Securing GET /api/notifications/unread-count
2026-03-04 09:59:28.729 [http-nio-8080-exec-1] DEBUG o.s.d.m.r.query.MongoQueryCreator - Created query Query: { "username" : "adminuser"}, Fields: {}, Sort: {}
2026-03-04 09:59:28.730 [http-nio-8080-exec-1] DEBUG o.s.data.mongodb.core.MongoTemplate - find using query: { "username" : "adminuser"} fields: Document{{}} for class: class com.agri.supplytracker.model.User in collection: users
2026-03-04 09:59:28.736 [http-nio-8080-exec-1] DEBUG o.s.security.web.FilterChainProxy - Secured GET /api/notifications/unread-count
2026-03-04 09:59:28.736 [http-nio-8080-exec-1] DEBUG o.s.d.m.r.query.MongoQueryCreator - Created query Query: { "recipientId" : "adminuser", "read" : false}, Fields: {}, Sort: {}
2026-03-04 09:59:28.737 [http-nio-8080-exec-1] DEBUG o.s.data.mongodb.core.MongoTemplate - Executing count: { "recipientId" : "adminuser", "read" : false} in collection: notifications
2026-03-04 10:00:04.734 [http-nio-8080-exec-4] DEBUG o.s.security.web.FilterChainProxy - Securing GET /api/notifications/unread-count
2026-03-04 10:00:04.737 [http-nio-8080-exec-4] DEBUG o.s.d.m.r.query.MongoQueryCreator - Created query Query: { "username" : "Farmer"}, Fields: {}, Sort: {}
2026-03-04 10:00:04.737 [http-nio-8080-exec-4] DEBUG o.s.data.mongodb.core.MongoTemplate - find using query: { "username" : "Farmer"} fields: Document{{}} for class: class com.agri.supplytracker.model.User in collection: users
2026-03-04 10:00:04.741 [http-nio-8080-exec-4] DEBUG o.s.security.web.FilterChainProxy - Secured GET /api/notifications/unread-count
2026-03-04 10:00:04.741 [http-nio-8080-exec-4] DEBUG o.s.d.m.r.query.MongoQueryCreator - Created query Query: { "recipientId" : "Farmer", "read" : false}, Fields: {}, Sort: {}
2026-03-04 10:00:04.742 [http-nio-8080-exec-4] DEBUG o.s.data.mongodb.core.MongoTemplate - Executing count: { "recipientId" : "Farmer", "read" : false} in collection: notifications
2026-03-04 10:00:28.723 [http-nio-8080-exec-5] DEBUG o.s.security.web.FilterChainProxy - Securing GET /api/notifications/unread-count
2026-03-04 10:00:28.728 [http-nio-8080-exec-5] DEBUG o.s.d.m.r.query.MongoQueryCreator - Created query Query: { "username" : "adminuser"}, Fields: {}, Sort: {}
2026-03-04 10:00:28.728 [http-nio-8080-exec-5] DEBUG o.s.data.mongodb.core.MongoTemplate - find using query: { "username" : "adminuser"} fields: Document{{}} for class: class com.agri.supplytracker.model.User in collection: users
2026-03-04 10:00:28.734 [http-nio-8080-exec-5] DEBUG o.s.security.web.FilterChainProxy - Secured GET /api/notifications/unread-count
2026-03-04 10:00:28.737 [http-nio-8080-exec-5] DEBUG o.s.d.m.r.query.MongoQueryCreator - Created query Query: { "recipientId" : "adminuser", "read" : false}, Fields: {}, Sort: {}
2026-03-04 10:00:28.737 [http-nio-8080-exec-5] DEBUG o.s.data.mongodb.core.MongoTemplate - Executing count: { "recipientId" : "adminuser", "read" : false} in collection: notifications
2026-03-04 10:01:05.727 [http-nio-8080-exec-9] DEBUG o.s.security.web.FilterChainProxy - Securing GET /api/notifications/unread-count
2026-03-04 10:01:05.729 [http-nio-8080-exec-9] DEBUG o.s.d.m.r.query.MongoQueryCreator - Created query Query: { "username" : "Farmer"}, Fields: {}, Sort: {}
2026-03-04 10:01:05.729 [http-nio-8080-exec-9] DEBUG o.s.data.mongodb.core.MongoTemplate - find using query: { "username" : "Farmer"} fields: Document{{}} for class: class com.agri.supplytracker.model.User in collection: users
2026-03-04 10:01:05.733 [http-nio-8080-exec-9] DEBUG o.s.security.web.FilterChainProxy - Secured GET /api/notifications/unread-count
2026-03-04 10:01:05.734 [http-nio-8080-exec-9] DEBUG o.s.d.m.r.query.MongoQueryCreator - Created query Query: { "recipientId" : "Farmer", "read" : false}, Fields: {}, Sort: {}
2026-03-04 10:01:05.734 [http-nio-8080-exec-9] DEBUG o.s.data.mongodb.core.MongoTemplate - Executing count: { "recipientId" : "Farmer", "read" : false} in collection: notifications
2026-03-04 10:01:28.742 [http-nio-8080-exec-6] DEBUG o.s.security.web.FilterChainProxy - Securing GET /api/notifications/unread-count
2026-03-04 10:01:28.746 [http-nio-8080-exec-6] DEBUG o.s.d.m.r.query.MongoQueryCreator - Created query Query: { "username" : "adminuser"}, Fields: {}, Sort: {}
2026-03-04 10:01:28.747 [http-nio-8080-exec-6] DEBUG o.s.data.mongodb.core.MongoTemplate - find using query: { "username" : "adminuser"} fields: Document{{}} for class: class com.agri.supplytracker.model.User in collection: users
2026-03-04 10:01:28.752 [http-nio-8080-exec-6] DEBUG o.s.security.web.FilterChainProxy - Secured GET /api/notifications/unread-count
2026-03-04 10:01:28.752 [http-nio-8080-exec-6] DEBUG o.s.d.m.r.query.MongoQueryCreator - Created query Query: { "recipientId" : "adminuser", "read" : false}, Fields: {}, Sort: {}
2026-03-04 10:01:28.754 [http-nio-8080-exec-6] DEBUG o.s.data.mongodb.core.MongoTemplate - Executing count: { "recipientId" : "adminuser", "read" : false} in collection: notifications
2026-03-04 10:02:06.718 [http-nio-8080-exec-7] DEBUG o.s.security.web.FilterChainProxy - Securing GET /api/notifications/unread-count
2026-03-04 10:02:06.721 [http-nio-8080-exec-7] DEBUG o.s.d.m.r.query.MongoQueryCreator - Created query Query: { "username" : "Farmer"}, Fields: {}, Sort: {}
2026-03-04 10:02:06.721 [http-nio-8080-exec-7] DEBUG o.s.data.mongodb.core.MongoTemplate - find using query: { "username" : "Farmer"} fields: Document{{}} for class: class com.agri.supplytracker.model.User in collection: users
2026-03-04 10:02:06.725 [http-nio-8080-exec-7] DEBUG o.s.security.web.FilterChainProxy - Secured GET /api/notifications/unread-count
2026-03-04 10:02:06.725 [http-nio-8080-exec-7] DEBUG o.s.d.m.r.query.MongoQueryCreator - Created query Query: { "recipientId" : "Farmer", "read" : false}, Fields: {}, Sort: {}
2026-03-04 10:02:06.726 [http-nio-8080-exec-7] DEBUG o.s.data.mongodb.core.MongoTemplate - Executing count: { "recipientId" : "Farmer", "read" : false} in collection: notifications
2026-03-04 10:02:28.731 [http-nio-8080-exec-2] DEBUG o.s.security.web.FilterChainProxy - Securing GET /api/notifications/unread-count
2026-03-04 10:02:28.734 [http-nio-8080-exec-2] DEBUG o.s.d.m.r.query.MongoQueryCreator - Created query Query: { "username" : "adminuser"}, Fields: {}, Sort: {}
2026-03-04 10:02:28.735 [http-nio-8080-exec-2] DEBUG o.s.data.mongodb.core.MongoTemplate - find using query: { "username" : "adminuser"} fields: Document{{}} for class: class com.agri.supplytracker.model.User in collection: users
2026-03-04 10:02:28.740 [http-nio-8080-exec-2] DEBUG o.s.security.web.FilterChainProxy - Secured GET /api/notifications/unread-count
2026-03-04 10:02:28.741 [http-nio-8080-exec-2] DEBUG o.s.d.m.r.query.MongoQueryCreator - Created query Query: { "recipientId" : "adminuser", "read" : false}, Fields: {}, Sort: {}
2026-03-04 10:02:28.741 [http-nio-8080-exec-2] DEBUG o.s.data.mongodb.core.MongoTemplate - Executing count: { "recipientId" : "adminuser", "read" : false} in collection: notifications
2026-03-04 10:03:07.723 [http-nio-8080-exec-8] DEBUG o.s.security.web.FilterChainProxy - Securing GET /api/notifications/unread-count
2026-03-04 10:03:07.726 [http-nio-8080-exec-8] DEBUG o.s.d.m.r.query.MongoQueryCreator - Created query Query: { "username" : "Farmer"}, Fields: {}, Sort: {}
2026-03-04 10:03:07.727 [http-nio-8080-exec-8] DEBUG o.s.data.mongodb.core.MongoTemplate - find using query: { "username" : "Farmer"} fields: Document{{}} for class: class com.agri.supplytracker.model.User in collection: users
2026-03-04 10:03:07.732 [http-nio-8080-exec-8] DEBUG o.s.security.web.FilterChainProxy - Secured GET /api/notifications/unread-count
2026-03-04 10:03:07.732 [http-nio-8080-exec-8] DEBUG o.s.d.m.r.query.MongoQueryCreator - Created query Query: { "recipientId" : "Farmer", "read" : false}, Fields: {}, Sort: {}
2026-03-04 10:03:07.734 [http-nio-8080-exec-8] DEBUG o.s.data.mongodb.core.MongoTemplate - Executing count: { "recipientId" : "Farmer", "read" : false} in collection: notifications
2026-03-04 10:03:28.736 [http-nio-8080-exec-4] DEBUG o.s.security.web.FilterChainProxy - Securing GET /api/notifications/unread-count
2026-03-04 10:03:28.738 [http-nio-8080-exec-4] DEBUG o.s.d.m.r.query.MongoQueryCreator - Created query Query: { "username" : "adminuser"}, Fields: {}, Sort: {}
2026-03-04 10:03:28.739 [http-nio-8080-exec-4] DEBUG o.s.data.mongodb.core.MongoTemplate - find using query: { "username" : "adminuser"} fields: Document{{}} for class: class com.agri.supplytracker.model.User in collection: users
2026-03-04 10:03:28.744 [http-nio-8080-exec-4] DEBUG o.s.security.web.FilterChainProxy - Secured GET /api/notifications/unread-count
2026-03-04 10:03:28.745 [http-nio-8080-exec-4] DEBUG o.s.d.m.r.query.MongoQueryCreator - Created query Query: { "recipientId" : "adminuser", "read" : false}, Fields: {}, Sort: {}
2026-03-04 10:03:28.747 [http-nio-8080-exec-4] DEBUG o.s.data.mongodb.core.MongoTemplate - Executing count: { "recipientId" : "adminuser", "read" : false} in collection: notifications
2026-03-04 10:04:08.726 [http-nio-8080-exec-10] DEBUG o.s.security.web.FilterChainProxy - Securing GET /api/notifications/unread-count
2026-03-04 10:04:08.728 [http-nio-8080-exec-10] DEBUG o.s.d.m.r.query.MongoQueryCreator - Created query Query: { "username" : "Farmer"}, Fields: {}, Sort: {}
2026-03-04 10:04:08.728 [http-nio-8080-exec-10] DEBUG o.s.data.mongodb.core.MongoTemplate - find using query: { "username" : "Farmer"} fields: Document{{}} for class: class com.agri.supplytracker.model.User in collection: users
2026-03-04 10:04:08.732 [http-nio-8080-exec-10] DEBUG o.s.security.web.FilterChainProxy - Secured GET /api/notifications/unread-count
2026-03-04 10:04:08.733 [http-nio-8080-exec-10] DEBUG o.s.d.m.r.query.MongoQueryCreator - Created query Query: { "recipientId" : "Farmer", "read" : false}, Fields: {}, Sort: {}
2026-03-04 10:04:08.733 [http-nio-8080-exec-10] DEBUG o.s.data.mongodb.core.MongoTemplate - Executing count: { "recipientId" : "Farmer", "read" : false} in collection: notifications
2026-03-04 10:04:28.738 [http-nio-8080-exec-9] DEBUG o.s.security.web.FilterChainProxy - Securing GET /api/notifications/unread-count
2026-03-04 10:04:28.742 [http-nio-8080-exec-9] DEBUG o.s.d.m.r.query.MongoQueryCreator - Created query Query: { "username" : "adminuser"}, Fields: {}, Sort: {}
2026-03-04 10:04:28.743 [http-nio-8080-exec-9] DEBUG o.s.data.mongodb.core.MongoTemplate - find using query: { "username" : "adminuser"} fields: Document{{}} for class: class com.agri.supplytracker.model.User in collection: users
2026-03-04 10:04:28.749 [http-nio-8080-exec-9] DEBUG o.s.security.web.FilterChainProxy - Secured GET /api/notifications/unread-count
2026-03-04 10:04:28.750 [http-nio-8080-exec-9] DEBUG o.s.d.m.r.query.MongoQueryCreator - Created query Query: { "recipientId" : "adminuser", "read" : false}, Fields: {}, Sort: {}
2026-03-04 10:04:28.751 [http-nio-8080-exec-9] DEBUG o.s.data.mongodb.core.MongoTemplate - Executing count: { "recipientId" : "adminuser", "read" : false} in collection: notifications
2026-03-04 10:05:09.734 [http-nio-8080-exec-3] DEBUG o.s.security.web.FilterChainProxy - Securing GET /api/notifications/unread-count
2026-03-04 10:05:09.736 [http-nio-8080-exec-3] DEBUG o.s.d.m.r.query.MongoQueryCreator - Created query Query: { "username" : "Farmer"}, Fields: {}, Sort: {}
2026-03-04 10:05:09.736 [http-nio-8080-exec-3] DEBUG o.s.data.mongodb.core.MongoTemplate - find using query: { "username" : "Farmer"} fields: Document{{}} for class: class com.agri.supplytracker.model.User in collection: users
2026-03-04 10:05:09.740 [http-nio-8080-exec-3] DEBUG o.s.security.web.FilterChainProxy - Secured GET /api/notifications/unread-count
2026-03-04 10:05:09.741 [http-nio-8080-exec-3] DEBUG o.s.d.m.r.query.MongoQueryCreator - Created query Query: { "recipientId" : "Farmer", "read" : false}, Fields: {}, Sort: {}
2026-03-04 10:05:09.742 [http-nio-8080-exec-3] DEBUG o.s.data.mongodb.core.MongoTemplate - Executing count: { "recipientId" : "Farmer", "read" : false} in collection: notifications
2026-03-04 10:05:28.734 [http-nio-8080-exec-7] DEBUG o.s.security.web.FilterChainProxy - Securing GET /api/notifications/unread-count
2026-03-04 10:05:28.736 [http-nio-8080-exec-7] DEBUG o.s.d.m.r.query.MongoQueryCreator - Created query Query: { "username" : "adminuser"}, Fields: {}, Sort: {}
2026-03-04 10:05:28.737 [http-nio-8080-exec-7] DEBUG o.s.data.mongodb.core.MongoTemplate - find using query: { "username" : "adminuser"} fields: Document{{}} for class: class com.agri.supplytracker.model.User in collection: users
2026-03-04 10:05:28.742 [http-nio-8080-exec-7] DEBUG o.s.security.web.FilterChainProxy - Secured GET /api/notifications/unread-count
2026-03-04 10:05:28.743 [http-nio-8080-exec-7] DEBUG o.s.d.m.r.query.MongoQueryCreator - Created query Query: { "recipientId" : "adminuser", "read" : false}, Fields: {}, Sort: {}
2026-03-04 10:05:28.746 [http-nio-8080-exec-7] DEBUG o.s.data.mongodb.core.MongoTemplate - Executing count: { "recipientId" : "adminuser", "read" : false} in collection: notifications
2026-03-04 10:06:10.721 [http-nio-8080-exec-1] DEBUG o.s.security.web.FilterChainProxy - Securing GET /api/notifications/unread-count
2026-03-04 10:06:10.723 [http-nio-8080-exec-1] DEBUG o.s.d.m.r.query.MongoQueryCreator - Created query Query: { "username" : "Farmer"}, Fields: {}, Sort: {}
2026-03-04 10:06:10.724 [http-nio-8080-exec-1] DEBUG o.s.data.mongodb.core.MongoTemplate - find using query: { "username" : "Farmer"} fields: Document{{}} for class: class com.agri.supplytracker.model.User in collection: users
2026-03-04 10:06:10.728 [http-nio-8080-exec-1] DEBUG o.s.security.web.FilterChainProxy - Secured GET /api/notifications/unread-count
2026-03-04 10:06:10.729 [http-nio-8080-exec-1] DEBUG o.s.d.m.r.query.MongoQueryCreator - Created query Query: { "recipientId" : "Farmer", "read" : false}, Fields: {}, Sort: {}
2026-03-04 10:06:10.729 [http-nio-8080-exec-1] DEBUG o.s.data.mongodb.core.MongoTemplate - Executing count: { "recipientId" : "Farmer", "read" : false} in collection: notifications
2026-03-04 10:06:28.722 [http-nio-8080-exec-8] DEBUG o.s.security.web.FilterChainProxy - Securing GET /api/notifications/unread-count
2026-03-04 10:06:28.724 [http-nio-8080-exec-8] DEBUG o.s.d.m.r.query.MongoQueryCreator - Created query Query: { "username" : "adminuser"}, Fields: {}, Sort: {}
2026-03-04 10:06:28.725 [http-nio-8080-exec-8] DEBUG o.s.data.mongodb.core.MongoTemplate - find using query: { "username" : "adminuser"} fields: Document{{}} for class: class com.agri.supplytracker.model.User in collection: users
2026-03-04 10:06:28.732 [http-nio-8080-exec-8] DEBUG o.s.security.web.FilterChainProxy - Secured GET /api/notifications/unread-count
2026-03-04 10:06:28.732 [http-nio-8080-exec-8] DEBUG o.s.d.m.r.query.MongoQueryCreator - Created query Query: { "recipientId" : "adminuser", "read" : false}, Fields: {}, Sort: {}
2026-03-04 10:06:28.734 [http-nio-8080-exec-8] DEBUG o.s.data.mongodb.core.MongoTemplate - Executing count: { "recipientId" : "adminuser", "read" : false} in collection: notifications
2026-03-04 10:06:39.006 [http-nio-8080-exec-5] DEBUG o.s.security.web.FilterChainProxy - Securing OPTIONS /api/notifications
2026-03-04 10:06:39.013 [http-nio-8080-exec-5] DEBUG o.s.security.web.FilterChainProxy - Securing OPTIONS /api/products?page=0&size=10&sortBy=name&sortDir=asc
2026-03-04 10:06:39.017 [http-nio-8080-exec-9] DEBUG o.s.security.web.FilterChainProxy - Securing OPTIONS /api/farms
2026-03-04 10:06:39.017 [http-nio-8080-exec-10] DEBUG o.s.security.web.FilterChainProxy - Securing OPTIONS /api/products/stats
2026-03-04 10:06:39.024 [http-nio-8080-exec-3] DEBUG o.s.security.web.FilterChainProxy - Securing GET /api/notifications
2026-03-04 10:06:39.025 [http-nio-8080-exec-7] DEBUG o.s.security.web.FilterChainProxy - Securing GET /ws/notifications/info?t=1772636799014
2026-03-04 10:06:39.028 [http-nio-8080-exec-7] DEBUG o.s.s.w.a.AnonymousAuthenticationFilter - Set SecurityContextHolder to anonymous SecurityContext
2026-03-04 10:06:39.031 [http-nio-8080-exec-2] DEBUG o.s.security.web.FilterChainProxy - Securing GET /api/farms
2026-03-04 10:06:39.032 [http-nio-8080-exec-1] DEBUG o.s.security.web.FilterChainProxy - Securing GET /api/products?page=0&size=10&sortBy=name&sortDir=asc
2026-03-04 10:06:39.032 [http-nio-8080-exec-8] DEBUG o.s.security.web.FilterChainProxy - Securing GET /api/products/stats
2026-03-04 10:06:39.034 [http-nio-8080-exec-3] DEBUG o.s.d.m.r.query.MongoQueryCreator - Created query Query: { "username" : "adminuser"}, Fields: {}, Sort: {}
2026-03-04 10:06:39.034 [http-nio-8080-exec-7] DEBUG o.s.security.web.FilterChainProxy - Secured GET /ws/notifications/info?t=1772636799014
2026-03-04 10:06:39.035 [http-nio-8080-exec-3] DEBUG o.s.data.mongodb.core.MongoTemplate - find using query: { "username" : "adminuser"} fields: Document{{}} for class: class com.agri.supplytracker.model.User in collection: users
2026-03-04 10:06:39.035 [http-nio-8080-exec-2] DEBUG o.s.d.m.r.query.MongoQueryCreator - Created query Query: { "username" : "adminuser"}, Fields: {}, Sort: {}
2026-03-04 10:06:39.035 [http-nio-8080-exec-2] DEBUG o.s.data.mongodb.core.MongoTemplate - find using query: { "username" : "adminuser"} fields: Document{{}} for class: class com.agri.supplytracker.model.User in collection: users
2026-03-04 10:06:39.035 [http-nio-8080-exec-8] DEBUG o.s.d.m.r.query.MongoQueryCreator - Created query Query: { "username" : "adminuser"}, Fields: {}, Sort: {}
2026-03-04 10:06:39.035 [http-nio-8080-exec-1] DEBUG o.s.d.m.r.query.MongoQueryCreator - Created query Query: { "username" : "adminuser"}, Fields: {}, Sort: {}
2026-03-04 10:06:39.036 [http-nio-8080-exec-8] DEBUG o.s.data.mongodb.core.MongoTemplate - find using query: { "username" : "adminuser"} fields: Document{{}} for class: class com.agri.supplytracker.model.User in collection: users
2026-03-04 10:06:39.036 [http-nio-8080-exec-1] DEBUG o.s.data.mongodb.core.MongoTemplate - find using query: { "username" : "adminuser"} fields: Document{{}} for class: class com.agri.supplytracker.model.User in collection: users
2026-03-04 10:06:39.043 [http-nio-8080-exec-3] DEBUG o.s.security.web.FilterChainProxy - Secured GET /api/notifications
2026-03-04 10:06:39.043 [http-nio-8080-exec-4] DEBUG o.s.security.web.FilterChainProxy - Securing GET /ws/notifications/954/ynhkgdml/websocket
2026-03-04 10:06:39.043 [http-nio-8080-exec-8] DEBUG o.s.security.web.FilterChainProxy - Secured GET /api/products/stats
2026-03-04 10:06:39.043 [http-nio-8080-exec-2] DEBUG o.s.security.web.FilterChainProxy - Secured GET /api/farms
2026-03-04 10:06:39.044 [http-nio-8080-exec-4] DEBUG o.s.s.w.a.AnonymousAuthenticationFilter - Set SecurityContextHolder to anonymous SecurityContext
2026-03-04 10:06:39.045 [http-nio-8080-exec-3] DEBUG o.s.d.m.r.query.MongoQueryCreator - Created query Query: { "recipientId" : "adminuser"}, Fields: {}, Sort: {}
2026-03-04 10:06:39.049 [http-nio-8080-exec-2] DEBUG o.s.data.mongodb.core.MongoTemplate - find using query: {} fields: Document{{}} for class: class com.agri.supplytracker.model.Farm in collection: farms
2026-03-04 10:06:39.053 [http-nio-8080-exec-8] DEBUG o.s.data.mongodb.core.MongoTemplate - find using query: {} fields: Document{{}} for class: class com.agri.supplytracker.model.Product in collection: products
2026-03-04 10:06:39.058 [http-nio-8080-exec-4] DEBUG o.s.security.web.FilterChainProxy - Secured GET /ws/notifications/954/ynhkgdml/websocket
2026-03-04 10:06:39.062 [http-nio-8080-exec-1] DEBUG o.s.security.web.FilterChainProxy - Secured GET /api/products?page=0&size=10&sortBy=name&sortDir=asc
2026-03-04 10:06:39.062 [http-nio-8080-exec-3] DEBUG o.s.data.mongodb.core.MongoTemplate - find using query: { "recipientId" : "adminuser"} fields: Document{{}} for class: class com.agri.supplytracker.model.Notification in collection: notifications
2026-03-04 10:06:39.065 [http-nio-8080-exec-1] DEBUG o.s.data.mongodb.core.MongoTemplate - Executing count: {} in collection: products
2026-03-04 10:06:39.068 [http-nio-8080-exec-1] DEBUG o.s.data.mongodb.core.MongoTemplate - find using query: {} fields: Document{{}} for class: class com.agri.supplytracker.model.Product in collection: products
2026-03-04 10:07:11.728 [http-nio-8080-exec-7] DEBUG o.s.security.web.FilterChainProxy - Securing GET /api/notifications/unread-count
2026-03-04 10:07:11.730 [http-nio-8080-exec-7] DEBUG o.s.d.m.r.query.MongoQueryCreator - Created query Query: { "username" : "Farmer"}, Fields: {}, Sort: {}
2026-03-04 10:07:11.731 [http-nio-8080-exec-7] DEBUG o.s.data.mongodb.core.MongoTemplate - find using query: { "username" : "Farmer"} fields: Document{{}} for class: class com.agri.supplytracker.model.User in collection: users
2026-03-04 10:07:11.738 [http-nio-8080-exec-7] DEBUG o.s.security.web.FilterChainProxy - Secured GET /api/notifications/unread-count
2026-03-04 10:07:11.739 [http-nio-8080-exec-7] DEBUG o.s.d.m.r.query.MongoQueryCreator - Created query Query: { "recipientId" : "Farmer", "read" : false}, Fields: {}, Sort: {}
2026-03-04 10:07:11.739 [http-nio-8080-exec-7] DEBUG o.s.data.mongodb.core.MongoTemplate - Executing count: { "recipientId" : "Farmer", "read" : false} in collection: notifications
2026-03-04 10:08:12.735 [http-nio-8080-exec-9] DEBUG o.s.security.web.FilterChainProxy - Securing GET /api/notifications/unread-count
2026-03-04 10:08:12.758 [http-nio-8080-exec-9] DEBUG o.s.d.m.r.query.MongoQueryCreator - Created query Query: { "username" : "Farmer"}, Fields: {}, Sort: {}
2026-03-04 10:08:12.759 [http-nio-8080-exec-9] DEBUG o.s.data.mongodb.core.MongoTemplate - find using query: { "username" : "Farmer"} fields: Document{{}} for class: class com.agri.supplytracker.model.User in collection: users
2026-03-04 10:08:12.767 [http-nio-8080-exec-9] DEBUG o.s.security.web.FilterChainProxy - Secured GET /api/notifications/unread-count
2026-03-04 10:08:12.768 [http-nio-8080-exec-9] DEBUG o.s.d.m.r.query.MongoQueryCreator - Created query Query: { "recipientId" : "Farmer", "read" : false}, Fields: {}, Sort: {}
2026-03-04 10:08:12.769 [http-nio-8080-exec-9] DEBUG o.s.data.mongodb.core.MongoTemplate - Executing count: { "recipientId" : "Farmer", "read" : false} in collection: notifications
2026-03-04 10:09:13.726 [http-nio-8080-exec-10] DEBUG o.s.security.web.FilterChainProxy - Securing GET /api/notifications/unread-count
2026-03-04 10:09:13.731 [http-nio-8080-exec-10] DEBUG o.s.d.m.r.query.MongoQueryCreator - Created query Query: { "username" : "Farmer"}, Fields: {}, Sort: {}
2026-03-04 10:09:13.732 [http-nio-8080-exec-10] DEBUG o.s.data.mongodb.core.MongoTemplate - find using query: { "username" : "Farmer"} fields: Document{{}} for class: class com.agri.supplytracker.model.User in collection: users
2026-03-04 10:09:13.742 [http-nio-8080-exec-10] DEBUG o.s.security.web.FilterChainProxy - Secured GET /api/notifications/unread-count
2026-03-04 10:09:13.744 [http-nio-8080-exec-10] DEBUG o.s.d.m.r.query.MongoQueryCreator - Created query Query: { "recipientId" : "Farmer", "read" : false}, Fields: {}, Sort: {}
2026-03-04 10:09:13.744 [http-nio-8080-exec-10] DEBUG o.s.data.mongodb.core.MongoTemplate - Executing count: { "recipientId" : "Farmer", "read" : false} in collection: notifications
2026-03-04 10:10:14.730 [http-nio-8080-exec-3] DEBUG o.s.security.web.FilterChainProxy - Securing GET /api/notifications/unread-count
2026-03-04 10:10:14.735 [http-nio-8080-exec-3] DEBUG o.s.d.m.r.query.MongoQueryCreator - Created query Query: { "username" : "Farmer"}, Fields: {}, Sort: {}
2026-03-04 10:10:14.736 [http-nio-8080-exec-3] DEBUG o.s.data.mongodb.core.MongoTemplate - find using query: { "username" : "Farmer"} fields: Document{{}} for class: class com.agri.supplytracker.model.User in collection: users
2026-03-04 10:10:14.745 [http-nio-8080-exec-3] DEBUG o.s.security.web.FilterChainProxy - Secured GET /api/notifications/unread-count
2026-03-04 10:10:14.745 [http-nio-8080-exec-3] DEBUG o.s.d.m.r.query.MongoQueryCreator - Created query Query: { "recipientId" : "Farmer", "read" : false}, Fields: {}, Sort: {}
2026-03-04 10:10:14.746 [http-nio-8080-exec-3] DEBUG o.s.data.mongodb.core.MongoTemplate - Executing count: { "recipientId" : "Farmer", "read" : false} in collection: notifications
2026-03-04 10:11:15.739 [http-nio-8080-exec-1] DEBUG o.s.security.web.FilterChainProxy - Securing GET /api/notifications/unread-count
2026-03-04 10:11:15.745 [http-nio-8080-exec-1] DEBUG o.s.d.m.r.query.MongoQueryCreator - Created query Query: { "username" : "Farmer"}, Fields: {}, Sort: {}
2026-03-04 10:11:15.745 [http-nio-8080-exec-1] DEBUG o.s.data.mongodb.core.MongoTemplate - find using query: { "username" : "Farmer"} fields: Document{{}} for class: class com.agri.supplytracker.model.User in collection: users
2026-03-04 10:11:15.756 [http-nio-8080-exec-1] DEBUG o.s.security.web.FilterChainProxy - Secured GET /api/notifications/unread-count
2026-03-04 10:11:15.758 [http-nio-8080-exec-1] DEBUG o.s.d.m.r.query.MongoQueryCreator - Created query Query: { "recipientId" : "Farmer", "read" : false}, Fields: {}, Sort: {}
2026-03-04 10:11:15.759 [http-nio-8080-exec-1] DEBUG o.s.data.mongodb.core.MongoTemplate - Executing count: { "recipientId" : "Farmer", "read" : false} in collection: notifications
2026-03-04 10:12:16.725 [http-nio-8080-exec-6] DEBUG o.s.security.web.FilterChainProxy - Securing GET /api/notifications/unread-count
2026-03-04 10:12:16.730 [http-nio-8080-exec-6] DEBUG o.s.d.m.r.query.MongoQueryCreator - Created query Query: { "username" : "Farmer"}, Fields: {}, Sort: {}
2026-03-04 10:12:16.731 [http-nio-8080-exec-6] DEBUG o.s.data.mongodb.core.MongoTemplate - find using query: { "username" : "Farmer"} fields: Document{{}} for class: class com.agri.supplytracker.model.User in collection: users
2026-03-04 10:12:16.739 [http-nio-8080-exec-6] DEBUG o.s.security.web.FilterChainProxy - Secured GET /api/notifications/unread-count
2026-03-04 10:12:16.740 [http-nio-8080-exec-6] DEBUG o.s.d.m.r.query.MongoQueryCreator - Created query Query: { "recipientId" : "Farmer", "read" : false}, Fields: {}, Sort: {}
2026-03-04 10:12:16.740 [http-nio-8080-exec-6] DEBUG o.s.data.mongodb.core.MongoTemplate - Executing count: { "recipientId" : "Farmer", "read" : false} in collection: notifications
2026-03-04 10:13:17.724 [http-nio-8080-exec-9] DEBUG o.s.security.web.FilterChainProxy - Securing GET /api/notifications/unread-count
2026-03-04 10:13:17.728 [http-nio-8080-exec-9] DEBUG o.s.d.m.r.query.MongoQueryCreator - Created query Query: { "username" : "Farmer"}, Fields: {}, Sort: {}
2026-03-04 10:13:17.729 [http-nio-8080-exec-9] DEBUG o.s.data.mongodb.core.MongoTemplate - find using query: { "username" : "Farmer"} fields: Document{{}} for class: class com.agri.supplytracker.model.User in collection: users
2026-03-04 10:13:17.733 [http-nio-8080-exec-9] DEBUG o.s.security.web.FilterChainProxy - Secured GET /api/notifications/unread-count
2026-03-04 10:13:17.733 [http-nio-8080-exec-9] DEBUG o.s.d.m.r.query.MongoQueryCreator - Created query Query: { "recipientId" : "Farmer", "read" : false}, Fields: {}, Sort: {}
2026-03-04 10:13:17.734 [http-nio-8080-exec-9] DEBUG o.s.data.mongodb.core.MongoTemplate - Executing count: { "recipientId" : "Farmer", "read" : false} in collection: notifications
2026-03-04 10:14:18.733 [http-nio-8080-exec-10] DEBUG o.s.security.web.FilterChainProxy - Securing GET /api/notifications/unread-count
2026-03-04 10:14:18.737 [http-nio-8080-exec-10] DEBUG o.s.d.m.r.query.MongoQueryCreator - Created query Query: { "username" : "Farmer"}, Fields: {}, Sort: {}
2026-03-04 10:14:18.738 [http-nio-8080-exec-10] DEBUG o.s.data.mongodb.core.MongoTemplate - find using query: { "username" : "Farmer"} fields: Document{{}} for class: class com.agri.supplytracker.model.User in collection: users
2026-03-04 10:14:18.744 [http-nio-8080-exec-10] DEBUG o.s.security.web.FilterChainProxy - Secured GET /api/notifications/unread-count
2026-03-04 10:14:18.745 [http-nio-8080-exec-10] DEBUG o.s.d.m.r.query.MongoQueryCreator - Created query Query: { "recipientId" : "Farmer", "read" : false}, Fields: {}, Sort: {}
2026-03-04 10:14:18.745 [http-nio-8080-exec-10] DEBUG o.s.data.mongodb.core.MongoTemplate - Executing count: { "recipientId" : "Farmer", "read" : false} in collection: notifications
2026-03-04 10:15:19.730 [http-nio-8080-exec-3] DEBUG o.s.security.web.FilterChainProxy - Securing GET /api/notifications/unread-count
2026-03-04 10:15:19.734 [http-nio-8080-exec-3] DEBUG o.s.d.m.r.query.MongoQueryCreator - Created query Query: { "username" : "Farmer"}, Fields: {}, Sort: {}
2026-03-04 10:15:19.735 [http-nio-8080-exec-3] DEBUG o.s.data.mongodb.core.MongoTemplate - find using query: { "username" : "Farmer"} fields: Document{{}} for class: class com.agri.supplytracker.model.User in collection: users
2026-03-04 10:15:19.739 [http-nio-8080-exec-3] DEBUG o.s.security.web.FilterChainProxy - Secured GET /api/notifications/unread-count
2026-03-04 10:15:19.739 [http-nio-8080-exec-3] DEBUG o.s.d.m.r.query.MongoQueryCreator - Created query Query: { "recipientId" : "Farmer", "read" : false}, Fields: {}, Sort: {}
2026-03-04 10:15:19.740 [http-nio-8080-exec-3] DEBUG o.s.data.mongodb.core.MongoTemplate - Executing count: { "recipientId" : "Farmer", "read" : false} in collection: notifications
